country_code,country_name,type,rank,name,name_id,gender,count
AE,United Arab Emirates,forename,1,Mohamed,mohamed-fn,M,277504
AE,United Arab Emirates,forename,2,Md,md-fn,M;F,140562
AE,United Arab Emirates,forename,3,Muhammad,muhammad-fn,M;F,86760
AE,United Arab Emirates,forename,4,Ahmed,ahmed-fn,M,63393
AE,United Arab Emirates,forename,5,Mohammed,mohammed-fn,M;F,54349
AE,United Arab Emirates,forename,6,Abdul,abdul-fn,M,49742
AE,United Arab Emirates,forename,7,Ali,ali-fn,M;F,43425
AE,United Arab Emirates,forename,8,Mohammad,mohammad-fn,M;F,40602
AE,United Arab Emirates,forename,9,محمد,mhmd-fn,M;F,25879
AE,United Arab Emirates,forename,10,Omar,omar-fn,M;F,19407
AE,United Arab Emirates,forename,11,Khaled,khaled-fn,M,16698
AE,United Arab Emirates,forename,12,Rashid,rashid-fn,M,16352
AE,United Arab Emirates,forename,13,Ahmad,ahmad-fn,M;F,15871
AE,United Arab Emirates,forename,14,Hassan,hassan-fn,M;F,15264
AE,United Arab Emirates,forename,15,Nour,nour-fn,F;M,15199
AE,United Arab Emirates,forename,16,Malak,malak-fn,F,15067
AE,United Arab Emirates,forename,17,Malik,malik-fn,M;F,15067
AE,United Arab Emirates,forename,18,Imran,imran-fn,M;F,15053
AE,United Arab Emirates,forename,19,Mohd,mohd-fn,M;F,13953
AE,United Arab Emirates,forename,20,Amir,amir-fn,M;F,13673
AE,United Arab Emirates,forename,21,Raja,raja-fn,M;F,13631
AE,United Arab Emirates,forename,22,Nasser,nasser-fn,M;F,13438
AE,United Arab Emirates,forename,23,احمد,ahmd-fn,M;F,12958
AE,United Arab Emirates,forename,24,Muhammed,muhammed-fn,M;F,12651
AE,United Arab Emirates,forename,25,Salem,salem-fn,M,12044
AE,United Arab Emirates,forename,26,Noor,noor-fn,M;F,12021
AE,United Arab Emirates,forename,27,Rajesh,rajesh-fn,M,11952
AE,United Arab Emirates,forename,28,Khalid,khalid-fn,M;F,11781
AE,United Arab Emirates,forename,29,Saeed,saeed-fn,M,11389
AE,United Arab Emirates,forename,30,Raju,raju-fn,M;F,11184
AE,United Arab Emirates,forename,31,Ibrahim,ibrahim-fn,M;F,11035
AE,United Arab Emirates,forename,32,Rana,rana-fn,M;F,11030
AE,United Arab Emirates,forename,33,Shahid,shahid-fn,M;F,10701
AE,United Arab Emirates,forename,34,Abu,abu-fn,M;F,10697
AE,United Arab Emirates,forename,35,Khan,khan-fn,M;F,10590
AE,United Arab Emirates,forename,36,Asif,asif-fn,M;F,10398
AE,United Arab Emirates,forename,37,Abdullah,abdullah-fn,M,10382
AE,United Arab Emirates,forename,38,Suresh,suresh-fn,M,10379
AE,United Arab Emirates,forename,39,Mahmoud,mahmoud-fn,M,10119
AE,United Arab Emirates,forename,40,Faisal,faisal-fn,M;F,10109
AE,United Arab Emirates,forename,41,Ramesh,ramesh-fn,M,9811
AE,United Arab Emirates,forename,42,Sara,sara-fn,F;M,9608
AE,United Arab Emirates,forename,43,Syed,syed-fn,M,9447
AE,United Arab Emirates,forename,44,Sunil,sunil-fn,M,9181
AE,United Arab Emirates,forename,45,Bilal,bilal-fn,M;F,8944
AE,United Arab Emirates,forename,46,Ram,ram-fn,M;F,8885
AE,United Arab Emirates,forename,47,Hamad,hamad-fn,M,8726
AE,United Arab Emirates,forename,48,Anil,anil-fn,M,8716
AE,United Arab Emirates,forename,49,Manoj,manoj-fn,M,8547
AE,United Arab Emirates,forename,50,Raj,raj-fn,M;F,8453
AE,United Arab Emirates,forename,51,Abdulla,abdulla-fn,M,8243
AE,United Arab Emirates,forename,52,Nasir,nasir-fn,M;F,8212
AE,United Arab Emirates,forename,53,Saif,saif-fn,M;F,8120
AE,United Arab Emirates,forename,54,Irfan,irfan-fn,M,8000
AE,United Arab Emirates,forename,55,Usman,usman-fn,M;F,7649
AE,United Arab Emirates,forename,56,عبدالله,abdallh-fn,M,7607
AE,United Arab Emirates,forename,57,Kamal,kamal-fn,M;F,7485
AE,United Arab Emirates,forename,58,Islam,islam-fn,M;F,7462
AE,United Arab Emirates,forename,59,Ashraf,ashraf-fn,M,7456
AE,United Arab Emirates,forename,60,Sajid,sajid-fn,M,7368
AE,United Arab Emirates,forename,61,Mariam,mariam-fn,F;M,7314
AE,United Arab Emirates,forename,62,Anwar,anwar-fn,M,7053
AE,United Arab Emirates,forename,63,Adnan,adnan-fn,M,7026
AE,United Arab Emirates,forename,64,Ravi,ravi-fn,M,7003
AE,United Arab Emirates,forename,65,Zahid,zahid-fn,M,6753
AE,United Arab Emirates,forename,66,Sultan,sultan-fn,M;F,6747
AE,United Arab Emirates,forename,67,Hari,hari-fn,M,6712
AE,United Arab Emirates,forename,68,Ismail,ismail-fn,M,6621
AE,United Arab Emirates,forename,69,Vijay,vijay-fn,M,6477
AE,United Arab Emirates,forename,70,Nadeem,nadeem-fn,M,6454
AE,United Arab Emirates,forename,71,Arif,arif-fn,M,6407
AE,United Arab Emirates,forename,72,Hussein,hussein-fn,M;F,6399
AE,United Arab Emirates,forename,73,Hamid,hamid-fn,M;F,6302
AE,United Arab Emirates,forename,74,علي,aly-fn,M;F,6287
AE,United Arab Emirates,forename,75,Mustafa,mustafa-fn,M;F,6234
AE,United Arab Emirates,forename,76,Abid,abid-fn,M,6160
AE,United Arab Emirates,forename,77,Vinod,vinod-fn,M,6151
AE,United Arab Emirates,forename,78,Ghulam,ghulam-fn,M,6120
AE,United Arab Emirates,forename,79,Sanjay,sanjay-fn,M,6109
AE,United Arab Emirates,forename,80,Tariq,tariq-fn,M,6018
AE,United Arab Emirates,forename,81,Saleem,saleem-fn,M,6005
AE,United Arab Emirates,forename,82,ابو,abw-fn,M;F,5988
AE,United Arab Emirates,forename,83,Arshad,arshad-fn,M,5982
AE,United Arab Emirates,forename,84,Ashok,ashok-fn,M,5933
AE,United Arab Emirates,forename,85,Arun,arun-fn,M,5893
AE,United Arab Emirates,forename,86,Yasser,yasser-fn,M;F,5886
AE,United Arab Emirates,forename,87,Umar,umar-fn,M;F,5862
AE,United Arab Emirates,forename,88,Jamal,jamal-fn,M;F,5757
AE,United Arab Emirates,forename,89,Santosh,santosh-fn,M;F,5640
AE,United Arab Emirates,forename,90,Prince,prince-fn,M,5610
AE,United Arab Emirates,forename,91,Kumar,kumar-fn,M,5567
AE,United Arab Emirates,forename,92,Rakesh,rakesh-fn,M,5552
AE,United Arab Emirates,forename,93,Ch,ch-fn,M,5496
AE,United Arab Emirates,forename,94,Babu,babu-fn,M,5449
AE,United Arab Emirates,forename,95,Dinesh,dinesh-fn,M,5444
AE,United Arab Emirates,forename,96,Salman,salman-fn,M;F,5431
AE,United Arab Emirates,forename,97,Naveed,naveed-fn,M,5334
AE,United Arab Emirates,forename,98,Salim,salim-fn,M,5333
AE,United Arab Emirates,forename,99,خالد,khald-fn,M,5268
AE,United Arab Emirates,forename,100,Asad,asad-fn,M,5220
AE,United Arab Emirates,surname,1,Khan,khan-sn,M;F,252508
AE,United Arab Emirates,surname,2,Ali,ali-sn,M;F,146166
AE,United Arab Emirates,surname,3,Ahmed,ahmed-sn,M;F,116421
AE,United Arab Emirates,surname,4,Kumar,kumar-sn,M;F,115879
AE,United Arab Emirates,surname,5,Singh,singh-sn,M;F,81800
AE,United Arab Emirates,surname,6,Mohamed,mohamed-sn,M;F,81365
AE,United Arab Emirates,surname,7,Hossain,hossain-sn,M;F,80094
AE,United Arab Emirates,surname,8,Hussain,hussain-sn,M;F,41783
AE,United Arab Emirates,surname,9,Ahmad,ahmad-sn,M;F,40556
AE,United Arab Emirates,surname,10,Islam,islam-sn,M;F,29450
AE,United Arab Emirates,surname,11,Rahman,rahman-sn,M;F,29063
AE,United Arab Emirates,surname,12,Yadav,yadav-sn,M;F,28108
AE,United Arab Emirates,surname,13,Alam,alam-sn,M;F,27065
AE,United Arab Emirates,surname,14,Uddin,uddin-sn,M;F,22856
AE,United Arab Emirates,surname,15,Mohammed,mohammed-sn,M;F,19805
AE,United Arab Emirates,surname,16,Ullah,ullah-sn,M;F,19607
AE,United Arab Emirates,surname,17,Shah,shah-sn,M;F,18578
AE,United Arab Emirates,surname,18,Malik,malik-sn,M;F,16246
AE,United Arab Emirates,surname,19,Abbas,abbas-sn,M;F,15939
AE,United Arab Emirates,surname,20,Shaikh,shaikh-sn,M;F,15938
AE,United Arab Emirates,surname,21,Ansari,ansari-sn,M;F,15506
AE,United Arab Emirates,surname,22,Muhammad,muhammad-sn,M;F,14172
AE,United Arab Emirates,surname,23,Hassan,hassan-sn,F;M,14007
AE,United Arab Emirates,surname,24,Raj,raj-sn,M;F,13338
AE,United Arab Emirates,surname,25,Iqbal,iqbal-sn,M;F,13201
AE,United Arab Emirates,surname,26,Mahmoud,mahmoud-sn,M;F,13039
AE,United Arab Emirates,surname,27,Baloch,baloch-sn,M,12558
AE,United Arab Emirates,surname,28,Miah,miah-sn,M;F,12526
AE,United Arab Emirates,surname,29,Jan,jan-sn,M;F,11997
AE,United Arab Emirates,surname,30,Said,said-sn,M;F,11613
AE,United Arab Emirates,surname,31,Abdullah,abdullah-sn,M;F,10953
AE,United Arab Emirates,surname,32,Ram,ram-sn,M;F,10890
AE,United Arab Emirates,surname,33,Chauhan,chauhan-sn,M;F,10850
AE,United Arab Emirates,surname,34,محمد,mhmd-sn,M;F,10612
AE,United Arab Emirates,surname,35,Rana,rana-sn,M;F,10575
AE,United Arab Emirates,surname,36,Mohammad,mohammad-sn,M;F,10324
AE,United Arab Emirates,surname,37,Rashid,rashid-sn,M;F,10220
AE,United Arab Emirates,surname,38,Ibrahim,ibrahim-sn,M;F,9897
AE,United Arab Emirates,surname,39,Raja,raja-sn,M;F,9750
AE,United Arab Emirates,surname,40,Babu,babu-sn,M;F,9351
AE,United Arab Emirates,surname,41,Salem,salem-sn,M;F,8941
AE,United Arab Emirates,surname,42,Alazy,alazy-sn,,8940
AE,United Arab Emirates,surname,43,Das,das-sn,M;F,8914
AE,United Arab Emirates,surname,44,Saeed,saeed-sn,M;F,8253
AE,United Arab Emirates,surname,45,Hasan,hasan-sn,M;F,8203
AE,United Arab Emirates,surname,46,Jutt,jutt-sn,M;F,8134
AE,United Arab Emirates,surname,47,Gujjar,gujjar-sn,M;F,8036
AE,United Arab Emirates,surname,48,Lal,lal-sn,M,7805
AE,United Arab Emirates,surname,49,البلوشي,alblwshy-sn,M;F,7712
AE,United Arab Emirates,surname,50,Raza,raza-sn,M,7631
AE,United Arab Emirates,surname,51,Afridi,afridi-sn,M,7483
AE,United Arab Emirates,surname,52,Rehman,rehman-sn,M,7368
AE,United Arab Emirates,surname,53,Prasad,prasad-sn,M;F,7272
AE,United Arab Emirates,surname,54,Rai,rai-sn,M;F,7224
AE,United Arab Emirates,surname,55,Thomas,thomas-sn,M;F,6883
AE,United Arab Emirates,surname,56,Butt,butt-sn,M;F,6793
AE,United Arab Emirates,surname,57,Mia,mia-sn,M;F,6708
AE,United Arab Emirates,surname,58,Love,love-sn,F;M,6607
AE,United Arab Emirates,surname,59,Imran,imran-sn,M;F,6565
AE,United Arab Emirates,surname,60,Thapa,thapa-sn,M;F,6558
AE,United Arab Emirates,surname,61,Mohd,mohd-sn,M;F,6343
AE,United Arab Emirates,surname,62,Hamid,hamid-sn,M;F,6308
AE,United Arab Emirates,surname,63,Patel,patel-sn,M;F,6068
AE,United Arab Emirates,surname,64,Nair,nair-sn,M;F,6004
AE,United Arab Emirates,surname,65,Noor,noor-sn,M;F,5973
AE,United Arab Emirates,surname,66,Nour,nour-sn,F;M,5973
AE,United Arab Emirates,surname,67,Mehmood,mehmood-sn,M,5827
AE,United Arab Emirates,surname,68,Amin,amin-sn,M;F,5720
AE,United Arab Emirates,surname,69,Amine,amine-sn,M;F,5720
AE,United Arab Emirates,surname,70,Gul,gul-sn,M;F,5713
AE,United Arab Emirates,surname,71,Karim,karim-sn,M;F,5618
AE,United Arab Emirates,surname,72,Nawaz,nawaz-sn,M;F,5617
AE,United Arab Emirates,surname,73,Mughal,mughal-sn,M;F,5599
AE,United Arab Emirates,surname,74,Raju,raju-sn,M,5454
AE,United Arab Emirates,surname,75,Osman,osman-sn,M;F,5448
AE,United Arab Emirates,surname,76,Khaled,khaled-sn,M;F,5441
AE,United Arab Emirates,surname,77,احمد,ahmd-sn,M;F,5395
AE,United Arab Emirates,surname,78,Chaudhary,chaudhary-sn,M;F,5382
AE,United Arab Emirates,surname,79,Jamal,jamal-sn,M;F,5347
AE,United Arab Emirates,surname,80,Magar,magar-sn,M;F,5283
AE,United Arab Emirates,surname,81,Shahzad,shahzad-sn,M,5277
AE,United Arab Emirates,surname,82,Gurung,gurung-sn,M;F,5253
AE,United Arab Emirates,surname,83,Omar,omar-sn,M;F,5187
AE,United Arab Emirates,surname,84,Ch,ch-sn,M;F,5155
AE,United Arab Emirates,surname,85,Tamang,tamang-sn,M;F,5117
AE,United Arab Emirates,surname,86,Lama,lama-sn,M;F,5078
AE,United Arab Emirates,surname,87,Asif,asif-sn,M;F,5047
AE,United Arab Emirates,surname,88,Saleem,saleem-sn,M;F,5001
AE,United Arab Emirates,surname,89,Awan,awan-sn,M;F,4991
AE,United Arab Emirates,surname,90,Abdulla,abdulla-sn,M;F,4988
AE,United Arab Emirates,surname,91,Joseph,joseph-sn,M;F,4920
AE,United Arab Emirates,surname,92,Ashraf,ashraf-sn,M;F,4860
AE,United Arab Emirates,surname,93,Sk,sk-sn,M;F,4779
AE,United Arab Emirates,surname,94,Kamal,kamal-sn,M;F,4756
AE,United Arab Emirates,surname,95,Nasser,nasser-sn,M;F,4708
AE,United Arab Emirates,surname,96,Muhammed,muhammed-sn,M;F,4665
AE,United Arab Emirates,surname,97,Zaman,zaman-sn,M;F,4658
AE,United Arab Emirates,surname,98,Aslam,aslam-sn,M;F,4582
AE,United Arab Emirates,surname,99,Mahmood,mahmood-sn,M;F,4522
AE,United Arab Emirates,surname,100,Bhatti,bhatti-sn,M,4501
AF,Afghanistan,forename,1,Mohamed,mohamed-fn,M,7878
AF,Afghanistan,forename,2,Ahmed,ahmed-fn,M,5208
AF,Afghanistan,forename,3,Mohammad,mohammad-fn,M;F,3768
AF,Afghanistan,forename,4,Ahmad,ahmad-fn,M;F,3740
AF,Afghanistan,forename,5,محمد,mhmd-fn,M;F,3078
AF,Afghanistan,forename,6,Abdullah,abdullah-fn,M,1775
AF,Afghanistan,forename,7,Haji,haji-fn,M,1770
AF,Afghanistan,forename,8,Abdul,abdul-fn,M,1675
AF,Afghanistan,forename,9,احمد,ahmd-fn,M;F,1468
AF,Afghanistan,forename,10,Omid,omid-fn,M,1466
AF,Afghanistan,forename,11,Hamid,hamid-fn,M;F,1442
AF,Afghanistan,forename,12,Khan,khan-fn,M;F,1418
AF,Afghanistan,forename,13,Mustafa,mustafa-fn,M;F,1415
AF,Afghanistan,forename,14,عبدالله,abdallh-fn,M,1222
AF,Afghanistan,forename,15,Khaled,khaled-fn,M,1198
AF,Afghanistan,forename,16,Khalid,khalid-fn,M;F,1198
AF,Afghanistan,forename,17,Farhad,farhad-fn,M,1179
AF,Afghanistan,forename,18,Sayed,sayed-fn,M;F,1131
AF,Afghanistan,forename,19,Muhammad,muhammad-fn,M;F,1032
AF,Afghanistan,forename,20,Zahir,zahir-fn,F;M,261
AF,Afghanistan,forename,21,Wahab,wahab-fn,F;M,156
AF,Afghanistan,forename,22,Zainab,zainab-fn,F;M,149
AF,Afghanistan,forename,23,Алмас,almas-fn,M;F,135
AF,Afghanistan,forename,24,الهام,alham-fn,F;M,72
AF,Afghanistan,forename,25,Ayoub,ayoub-fn,M,68
AF,Afghanistan,forename,26,Suhail,suhail-fn,F;M,64
AF,Afghanistan,forename,27,Sina,sina-fn,F;M,56
AF,Afghanistan,forename,28,Nahid,nahid-fn,F;M,47
AF,Afghanistan,forename,29,Manzoor,manzoor-fn,F;M,31
AF,Afghanistan,forename,30,Dil,dil-fn,F;M,25
AF,Afghanistan,forename,31,Adeel,adeel-fn,F;M,18
AF,Afghanistan,forename,32,Ham,ham-fn,F;M,17
AF,Afghanistan,forename,33,Ash,ash-fn,F;M,15
AF,Afghanistan,forename,34,Elena,elena-fn,F;M,15
AF,Afghanistan,forename,35,Redwan,redwan-fn,F;M,12
AF,Afghanistan,forename,36,Shan,shan-fn,F;M,12
AF,Afghanistan,forename,37,Faysal,faysal-fn,M,10
AF,Afghanistan,forename,38,محمد ابراهيم,mhmd-abrahym-fn,M,10
AF,Afghanistan,forename,39,Seema,seema-fn,F;M,9
AF,Afghanistan,forename,40,Ibra,ibra-fn,M,6
AF,Afghanistan,forename,41,Noora,noora-fn,F;M,6
AF,Afghanistan,forename,42,Boy,boy-fn,M,3
AF,Afghanistan,forename,43,Haifa,haifa-fn,F;M,3
AF,Afghanistan,forename,44,Hakan,hakan-fn,F;M,3
AF,Afghanistan,forename,45,Hanifi,hanifi-fn,F;M,3
AF,Afghanistan,forename,46,Faridah,faridah-fn,F;M,2
AF,Afghanistan,forename,47,Hiba,hiba-fn,F;M,2
AF,Afghanistan,forename,48,Mohit,mohit-fn,M,2
AF,Afghanistan,surname,1,Khan,khan-sn,M;F,13457
AF,Afghanistan,surname,2,Mohammadi,mohammadi-sn,F;M,8514
AF,Afghanistan,surname,3,Ahmadi,ahmadi-sn,M;F,8092
AF,Afghanistan,surname,4,محمدی,mhmdy-sn,M,5854
AF,Afghanistan,surname,5,Afghan,afghan-sn,M,5774
AF,Afghanistan,surname,6,Jan,jan-sn,M;F,5133
AF,Afghanistan,surname,7,احمدی,ahmdy-sn,M,3587
AF,Afghanistan,surname,8,Safi,safi-sn,M,3368
AF,Afghanistan,surname,9,تنها,tnha-sn,M;F,3320
AF,Afghanistan,surname,10,Sadat,sadat-sn,M,3160
AF,Afghanistan,surname,11,Noori,noori-sn,M,2630
AF,Afghanistan,surname,12,Azizi,azizi-sn,M,2219
AF,Afghanistan,surname,13,Rahimi,rahimi-sn,M;F,2203
AF,Afghanistan,surname,14,Ahmadzai,ahmadzai-sn,M,1904
AF,Afghanistan,surname,15,Amiri,amiri-sn,M;F,1829
AF,Afghanistan,surname,16,نظری,nzry-sn,M,1822
AF,Afghanistan,surname,17,رحیمی,rhymy-sn,M,1814
AF,Afghanistan,surname,18,نوری,nwry-sn,,1788
AF,Afghanistan,surname,19,Ahmad,ahmad-sn,M;F,1685
AF,Afghanistan,surname,20,Ahmed,ahmed-sn,M;F,1685
AF,Afghanistan,surname,21,مرادی,mrady-sn,,1623
AF,Afghanistan,surname,22,رحمانی,rhmany-sn,M,1562
AF,Afghanistan,surname,23,Tanha,tanha-sn,M,1496
AF,Afghanistan,surname,24,Rahmani,rahmani-sn,,1495
AF,Afghanistan,surname,25,Ullah,ullah-sn,M;F,1489
AF,Afghanistan,surname,26,امیری,amyry-sn,M,1471
AF,Afghanistan,surname,27,Karimi,karimi-sn,M;F,1433
AF,Afghanistan,surname,28,Nazari,nazari-sn,,1359
AF,Afghanistan,surname,29,حیدری,hydry-sn,M,1326
AF,Afghanistan,surname,30,حسینی,hsyny-sn,M;F,1255
AF,Afghanistan,surname,31,کریمی,krymy-sn,M,1175
AF,Afghanistan,surname,32,عزیزی,azyzy-sn,M,1122
AF,Afghanistan,surname,33,Wafa,wafa-sn,,1110
AF,Afghanistan,surname,34,Sultani,sultani-sn,M,1058
AF,Afghanistan,surname,35,Habibi,habibi-sn,M;F,1056
AF,Afghanistan,surname,36,Azimi,azimi-sn,M,1046
AF,Afghanistan,surname,37,صافی,safy-sn,M;F,1037
AF,Afghanistan,surname,38,Agha,agha-sn,F;M,221
AF,Afghanistan,surname,39,Hassan,hassan-sn,F;M,170
AF,Afghanistan,surname,40,Ma,ma-sn,F;M,80
AF,Afghanistan,surname,41,Haidar,haidar-sn,F;M,51
AF,Afghanistan,surname,42,Jana,jana-sn,F;M,18
AF,Afghanistan,surname,43,Najwa,najwa-sn,F;M,14
AF,Afghanistan,surname,44,Amen,amen-sn,F;M,13
AF,Afghanistan,surname,45,Fatah,fatah-sn,M;F,13
AF,Afghanistan,surname,46,Rm,rm-sn,F;M,7
AF,Afghanistan,surname,47,Waqas,waqas-sn,,7
AF,Afghanistan,surname,48,Zara,zara-sn,F;M,7
AF,Afghanistan,surname,49,Jannat,jannat-sn,F;M,5
AF,Afghanistan,surname,50,Mariam,mariam-sn,F;M,5
AF,Afghanistan,surname,51,Power,power-sn,,5
AF,Afghanistan,surname,52,Dia,dia-sn,,4
AF,Afghanistan,surname,53,Kar,kar-sn,F;M,4
AF,Afghanistan,surname,54,Seven,seven-sn,F;M,3
AF,Afghanistan,surname,55,Shehab,shehab-sn,F;M,3
AF,Afghanistan,surname,56,Bruce,bruce-sn,F;M,2
AF,Afghanistan,surname,57,Gharib,gharib-sn,,2
AF,Afghanistan,surname,58,Loi,loi-sn,F;M,2
AL,Albania,forename,1,Fadil,fadil-fn,M,4554
AL,Albania,forename,2,Ilir,ilir-fn,M,2287
AL,Albania,forename,3,Arben,arben-fn,M,2033
AL,Albania,forename,4,Andi,andi-fn,M;F,1827
AL,Albania,forename,5,Altin,altin-fn,M,1766
AL,Albania,forename,6,Ana,ana-fn,F;M,1723
AL,Albania,forename,7,Gezim,gezim-fn,M,1637
AL,Albania,forename,8,Denis,denis-fn,M;F,1486
AL,Albania,forename,9,Klajdi,klajdi-fn,M,1473
AL,Albania,forename,10,Ervin,ervin-fn,M,1461
AL,Albania,forename,11,Agim,agim-fn,M,1383
AL,Albania,forename,12,Fatmir,fatmir-fn,M,1342
AL,Albania,forename,13,Ardit,ardit-fn,M,1324
AL,Albania,forename,14,Alban,alban-fn,M,1303
AL,Albania,forename,15,Elton,elton-fn,M,1299
AL,Albania,forename,16,Sokol,sokol-fn,M,1242
AL,Albania,forename,17,Endri,endri-fn,M,1240
AL,Albania,forename,18,Dritan,dritan-fn,M,1227
AL,Albania,forename,19,Eri,eri-fn,M,1203
AL,Albania,forename,20,Artan,artan-fn,M,1187
AL,Albania,forename,21,Fatjon,fatjon-fn,M,1186
AL,Albania,forename,22,Agron,agron-fn,M,1174
AL,Albania,forename,23,Ervis,ervis-fn,M,1169
AL,Albania,forename,24,Besnik,besnik-fn,M,1159
AL,Albania,forename,25,Edi,edi-fn,M;F,1132
AL,Albania,forename,26,Arjan,arjan-fn,M,1121
AL,Albania,forename,27,Artur,artur-fn,M,1121
AL,Albania,forename,28,Ermal,ermal-fn,M,1121
AL,Albania,forename,29,Mario,mario-fn,M,1121
AL,Albania,forename,30,Astrit,astrit-fn,M,1114
AL,Albania,forename,31,Kujtim,kujtim-fn,M,1070
AL,Albania,forename,32,Erjon,erjon-fn,M,1056
AL,Albania,forename,33,Petrit,petrit-fn,M,1053
AL,Albania,forename,34,Miri,miri-fn,M;F,1014
AL,Albania,forename,35,Mikel,mikel-fn,M,530
AL,Albania,forename,36,Nazmi,nazmi-fn,M,378
AL,Albania,forename,37,Elena,elena-fn,F;M,299
AL,Albania,forename,38,Rina,rina-fn,F;M,201
AL,Albania,forename,39,Marin,marin-fn,F;M,155
AL,Albania,forename,40,Sofie,sofie-fn,F;M,58
AL,Albania,forename,41,Doriana,doriana-fn,F;M,50
AL,Albania,forename,42,Hilmi,hilmi-fn,F;M,42
AL,Albania,forename,43,Rudolf,rudolf-fn,M,37
AL,Albania,forename,44,Leandra,leandra-fn,F;M,35
AL,Albania,forename,45,Floriana,floriana-fn,F;M,27
AL,Albania,forename,46,Krista,krista-fn,F;M,27
AL,Albania,forename,47,Sina,sina-fn,F;M,25
AL,Albania,forename,48,Stella,stella-fn,F;M,17
AL,Albania,forename,49,Ibra,ibra-fn,M,13
AL,Albania,forename,50,Polat,polat-fn,F;M,10
AL,Albania,forename,51,Andreina,andreina-fn,F,9
AL,Albania,forename,52,Loka,loka-fn,F;M,9
AL,Albania,forename,53,Boy,boy-fn,M,7
AL,Albania,forename,54,Shan,shan-fn,F;M,7
AL,Albania,forename,55,Biba,biba-fn,F;M,6
AL,Albania,forename,56,Naci,naci-fn,F;M,5
AL,Albania,forename,57,Nils,nils-fn,F;M,5
AL,Albania,forename,58,Rahmi,rahmi-fn,F;M,5
AL,Albania,forename,59,Saja,saja-fn,F,5
AL,Albania,forename,60,Ash,ash-fn,F;M,4
AL,Albania,forename,61,Aina,aina-fn,F;M,3
AL,Albania,forename,62,Emmy,emmy-fn,F;M,3
AL,Albania,forename,63,Hakan,hakan-fn,F;M,3
AL,Albania,forename,64,Hima,hima-fn,F;M,3
AL,Albania,forename,65,Nura,nura-fn,F;M,3
AL,Albania,forename,66,Ange,ange-fn,F;M,2
AL,Albania,forename,67,Dil,dil-fn,F;M,2
AL,Albania,forename,68,Edilson,edilson-fn,F;M,2
AL,Albania,forename,69,Gioia,gioia-fn,F;M,2
AL,Albania,forename,70,Ham,ham-fn,F;M,2
AL,Albania,forename,71,Krzysztof,krzysztof-fn,F;M,2
AL,Albania,forename,72,Mart,mart-fn,M,2
AL,Albania,forename,73,Matheo,matheo-fn,M,2
AL,Albania,forename,74,Neva,neva-fn,F;M,2
AL,Albania,forename,75,Pelin,pelin-fn,F;M,2
AL,Albania,forename,76,Titti,titti-fn,F;M,2
AL,Albania,forename,77,Zahir,zahir-fn,F;M,2
AL,Albania,surname,1,Hoxha,hoxha-sn,M;F,6356
AL,Albania,surname,2,Aliu,aliu-sn,M,2331
AL,Albania,surname,3,Shehu,shehu-sn,M;F,1428
AL,Albania,surname,4,Marku,marku-sn,M,1370
AL,Albania,surname,5,Cela,cela-sn,M,1210
AL,Albania,surname,6,Kola,kola-sn,M,1143
AL,Albania,surname,7,Muca,muca-sn,M,1112
AL,Albania,surname,8,Dervishi,dervishi-sn,M,1103
AL,Albania,surname,9,Kurti,kurti-sn,M,1072
AL,Albania,surname,10,Lleshi,lleshi-sn,M,1055
AL,Albania,surname,11,Gjoka,gjoka-sn,M,1045
AL,Albania,surname,12,Popa,popa-sn,F;M,80
AL,Albania,surname,13,Jana,jana-sn,F;M,54
AL,Albania,surname,14,Ma,ma-sn,F;M,42
AL,Albania,surname,15,Duma,duma-sn,F;M,39
AL,Albania,surname,16,Deva,deva-sn,F;M,31
AL,Albania,surname,17,Viola,viola-sn,M;F,23
AL,Albania,surname,18,Angelo,angelo-sn,,18
AL,Albania,surname,19,Didi,didi-sn,F;M,18
AL,Albania,surname,20,Le,le-sn,F;M,17
AL,Albania,surname,21,Faria,faria-sn,,16
AL,Albania,surname,22,Power,power-sn,,11
AL,Albania,surname,23,Dia,dia-sn,,9
AL,Albania,surname,24,Perri,perri-sn,F;M,9
AL,Albania,surname,25,Gori,gori-sn,,8
AL,Albania,surname,26,Rm,rm-sn,F;M,5
AL,Albania,surname,27,Santo,santo-sn,F;M,5
AL,Albania,surname,28,Seven,seven-sn,F;M,4
AL,Albania,surname,29,Ertaş,ertas-sn,,3
AL,Albania,surname,30,Zara,zara-sn,F;M,3
AL,Albania,surname,31,Belen,belen-sn,F;M,2
AL,Albania,surname,32,Castellano,castellano-sn,,2
AL,Albania,surname,33,Dev,dev-sn,F;M,2
AL,Albania,surname,34,Loi,loi-sn,F;M,2
AL,Albania,surname,35,Massimo,massimo-sn,F;M,2
AL,Albania,surname,36,Rain,rain-sn,,2
AO,Angola,forename,1,Jose,jose-fn,M;F,2951
AO,Angola,forename,2,Antonio,antonio-fn,M;F,2505
AO,Angola,forename,3,Manuel,manuel-fn,M,2257
AO,Angola,forename,4,Pedro,pedro-fn,M,2165
AO,Angola,forename,5,Carlos,carlos-fn,M;F,1879
AO,Angola,forename,6,Paulo,paulo-fn,M,1801
AO,Angola,forename,7,Francisco,francisco-fn,M,1585
AO,Angola,forename,8,Ana,ana-fn,F;M,1497
AO,Angola,forename,9,João,joao-fn,M,1458
AO,Angola,forename,10,Isabel,isabel-fn,F,1361
AO,Angola,forename,11,Fernando,fernando-fn,M,1310
AO,Angola,forename,12,Domingos,domingos-fn,M,1209
AO,Angola,forename,13,Teresa,teresa-fn,F,1136
AO,Angola,forename,14,Miguel,miguel-fn,M,1127
AO,Angola,forename,15,Osvaldo,osvaldo-fn,M,1089
AO,Angola,forename,16,Nelson,nelson-fn,M,1044
AO,Angola,forename,17,Helder,helder-fn,M,579
AO,Angola,forename,18,Marcio,marcio-fn,F;M,229
AO,Angola,forename,19,Carolina,carolina-fn,F;M,218
AO,Angola,forename,20,Vanda,vanda-fn,F;M,192
AO,Angola,forename,21,Edilson,edilson-fn,F;M,176
AO,Angola,forename,22,Stella,stella-fn,F;M,125
AO,Angola,forename,23,Marilia,marilia-fn,F;M,65
AO,Angola,forename,24,Hilario,hilario-fn,M,61
AO,Angola,forename,25,Leandra,leandra-fn,F;M,56
AO,Angola,forename,26,Sidney,sidney-fn,F;M,54
AO,Angola,forename,27,Kadiatou,kadiatou-fn,F;M,32
AO,Angola,forename,28,Vidal,vidal-fn,F;M,29
AO,Angola,forename,29,Elaine,elaine-fn,F;M,26
AO,Angola,forename,30,Elena,elena-fn,F;M,26
AO,Angola,forename,31,Mayara,mayara-fn,F,23
AO,Angola,forename,32,Yury,yury-fn,F;M,22
AO,Angola,forename,33,Clinton,clinton-fn,M,20
AO,Angola,forename,34,Ange,ange-fn,F;M,17
AO,Angola,forename,35,Floriana,floriana-fn,F;M,14
AO,Angola,forename,36,Heidy,heidy-fn,F;M,13
AO,Angola,forename,37,Nery,nery-fn,F;M,13
AO,Angola,forename,38,Terezinha,terezinha-fn,F,13
AO,Angola,forename,39,Hellen,hellen-fn,F,12
AO,Angola,forename,40,Doriana,doriana-fn,F;M,11
AO,Angola,forename,41,Ibra,ibra-fn,M,11
AO,Angola,forename,42,Elisangela,elisangela-fn,F,10
AO,Angola,forename,43,Uchenna,uchenna-fn,F;M,10
AO,Angola,forename,44,Biba,biba-fn,F;M,8
AO,Angola,forename,45,Eze,eze-fn,F;M,6
AO,Angola,forename,46,Rina,rina-fn,F;M,6
AO,Angola,forename,47,Sina,sina-fn,F;M,6
AO,Angola,forename,48,Valery,valery-fn,F;M,5
AO,Angola,forename,49,Chika,chika-fn,F;M,4
AO,Angola,forename,50,Magalie,magalie-fn,F,4
AO,Angola,forename,51,Paz,paz-fn,F;M,4
AO,Angola,forename,52,Sissi,sissi-fn,F;M,4
AO,Angola,forename,53,Tatiane,tatiane-fn,F;M,4
AO,Angola,forename,54,Debby,debby-fn,F;M,3
AO,Angola,forename,55,Zainab,zainab-fn,F;M,3
AO,Angola,forename,56,Aide,aide-fn,F;M,2
AO,Angola,forename,57,Aina,aina-fn,F;M,2
AO,Angola,forename,58,Charbel,charbel-fn,F;M,2
AO,Angola,forename,59,Emmy,emmy-fn,F;M,2
AO,Angola,forename,60,Fadia,fadia-fn,F;M,2
AO,Angola,forename,61,Haifa,haifa-fn,F;M,2
AO,Angola,forename,62,Harvey,harvey-fn,F;M,2
AO,Angola,forename,63,Jeanine,jeanine-fn,F;M,2
AO,Angola,forename,64,Leroy,leroy-fn,F;M,2
AO,Angola,forename,65,Mikel,mikel-fn,M,2
AO,Angola,forename,66,Neva,neva-fn,F;M,2
AO,Angola,forename,67,Redwan,redwan-fn,F;M,2
AO,Angola,forename,68,Ruan,ruan-fn,F;M,2
AO,Angola,forename,69,Yohana,yohana-fn,F;M,2
AO,Angola,surname,1,Manuel,manuel-sn,M;F,4506
AO,Angola,surname,2,Silva,silva-sn,M;F,4104
AO,Angola,surname,3,Santos,santos-sn,F;M,3576
AO,Angola,surname,4,Pedro,pedro-sn,M;F,3368
AO,Angola,surname,5,Costa,costa-sn,M;F,2613
AO,Angola,surname,6,Dos Santos,dos-santos-sn,M;F,2471
AO,Angola,surname,7,Gomes,gomes-sn,M;F,2464
AO,Angola,surname,8,Fernandes,fernandes-sn,M;F,2224
AO,Angola,surname,9,Domingos,domingos-sn,,1402
AO,Angola,surname,10,Paulo,paulo-sn,M;F,1333
AO,Angola,surname,11,Neto,neto-sn,,1082
AO,Angola,surname,12,Da Silva,da-silva-sn,M;F,1036
AO,Angola,surname,13,Diallo,diallo-sn,M;F,1034
AO,Angola,surname,14,Antonio,antonio-sn,M;F,1018
AO,Angola,surname,15,Magalhães,magalhaes-sn,,500
AO,Angola,surname,16,Faria,faria-sn,,361
AO,Angola,surname,17,Saraiva,saraiva-sn,F;M,138
AO,Angola,surname,18,Santo,santo-sn,F;M,122
AO,Angola,surname,19,Angelo,angelo-sn,,70
AO,Angola,surname,20,Ma,ma-sn,F;M,43
AO,Angola,surname,21,Seven,seven-sn,F;M,35
AO,Angola,surname,22,Dia,dia-sn,,34
AO,Angola,surname,23,Viera,viera-sn,,34
AO,Angola,surname,24,Rm,rm-sn,F;M,33
AO,Angola,surname,25,Mendonça,mendonca-sn,F;M,31
AO,Angola,surname,26,Kalu,kalu-sn,F;M,28
AO,Angola,surname,27,Power,power-sn,,25
AO,Angola,surname,28,Le,le-sn,F;M,22
AO,Angola,surname,29,Hassan,hassan-sn,F;M,17
AO,Angola,surname,30,Mariam,mariam-sn,F;M,17
AO,Angola,surname,31,Viola,viola-sn,M;F,17
AO,Angola,surname,32,Didi,didi-sn,F;M,16
AO,Angola,surname,33,Crespo,crespo-sn,F;M,15
AO,Angola,surname,34,Ornelas,ornelas-sn,F;M,14
AO,Angola,surname,35,Zara,zara-sn,F;M,12
AO,Angola,surname,36,Bruce,bruce-sn,F;M,11
AO,Angola,surname,37,Dejesus,dejesus-sn,F;M,10
AO,Angola,surname,38,Faty,faty-sn,F;M,9
AO,Angola,surname,39,Marrone,marrone-sn,F;M,9
AO,Angola,surname,40,Zhao,zhao-sn,F;M,9
AO,Angola,surname,41,Bachir,bachir-sn,F;M,6
AO,Angola,surname,42,Fall,fall-sn,,6
AO,Angola,surname,43,Haidar,haidar-sn,F;M,6
AO,Angola,surname,44,Loi,loi-sn,F;M,6
AO,Angola,surname,45,Torre,torre-sn,F;M,5
AO,Angola,surname,46,Duma,duma-sn,F;M,4
AO,Angola,surname,47,Leblanc,leblanc-sn,F;M,4
AO,Angola,surname,48,Raymond,raymond-sn,F;M,4
AO,Angola,surname,49,Tyler,tyler-sn,,4
AO,Angola,surname,50,Enrique,enrique-sn,F;M,3
AO,Angola,surname,51,Glover,glover-sn,F;M,3
AO,Angola,surname,52,Moro,moro-sn,F;M,3
AO,Angola,surname,53,Ugwu,ugwu-sn,F;M,3
AO,Angola,surname,54,المجهول,almjhwl-sn,,2
AO,Angola,surname,55,Jana,jana-sn,F;M,2
AO,Angola,surname,56,Kar,kar-sn,F;M,2
AO,Angola,surname,57,Massimo,massimo-sn,F;M,2
AO,Angola,surname,58,Parra,parra-sn,F;M,2
AO,Angola,surname,59,Vinicius,vinicius-sn,F;M,2
AO,Angola,surname,60,Yanık,yanik-sn,F;M,2
AO,Angola,surname,61,Zheng,zheng-sn,F;M,2
AO,Angola,surname,62,Zidan,zidan-sn,F;M,2
AR,Argentina,forename,1,Juan,juan-fn,M,21823
AR,Argentina,forename,2,Carlos,carlos-fn,M;F,19728
AR,Argentina,forename,3,Daniel,daniel-fn,M;F,17403
AR,Argentina,forename,4,Jorge,jorge-fn,M,15939
AR,Argentina,forename,5,Jose,jose-fn,M;F,15798
AR,Argentina,forename,6,Pablo,pablo-fn,M,13757
AR,Argentina,forename,7,Luis,luis-fn,M;F,13249
AR,Argentina,forename,8,Diego,diego-fn,M,12419
AR,Argentina,forename,9,Marcelo,marcelo-fn,M,12356
AR,Argentina,forename,10,Martin,martin-fn,M,11571
AR,Argentina,forename,11,Alejandro,alejandro-fn,M,11429
AR,Argentina,forename,12,Gustavo,gustavo-fn,M,11360
AR,Argentina,forename,13,Cristian,cristian-fn,M,11247
AR,Argentina,forename,14,Silvia,silvia-fn,F,11147
AR,Argentina,forename,15,Lucas,lucas-fn,M,10869
AR,Argentina,forename,16,Graciela,graciela-fn,F,10834
AR,Argentina,forename,17,Matias,matias-fn,M,10500
AR,Argentina,forename,18,Claudia,claudia-fn,F,10207
AR,Argentina,forename,19,Sergio,sergio-fn,M,10119
AR,Argentina,forename,20,Laura,laura-fn,F,9551
AR,Argentina,forename,21,Miguel,miguel-fn,M,9546
AR,Argentina,forename,22,Susana,susana-fn,F,9498
AR,Argentina,forename,23,Monica,monica-fn,F,9343
AR,Argentina,forename,24,Nicolas,nicolas-fn,M,9173
AR,Argentina,forename,25,Gabriel,gabriel-fn,M,9157
AR,Argentina,forename,26,Javier,javier-fn,M,8889
AR,Argentina,forename,27,Patricia,patricia-fn,F,8832
AR,Argentina,forename,28,Ana,ana-fn,F;M,8767
AR,Argentina,forename,29,Fernando,fernando-fn,M,8704
AR,Argentina,forename,30,Ariel,ariel-fn,M;F,8696
AR,Argentina,forename,31,Andrea,andrea-fn,F;M,8682
AR,Argentina,forename,32,Alejandra,alejandra-fn,F,8456
AR,Argentina,forename,33,Roberto,roberto-fn,M,8279
AR,Argentina,forename,34,Mario,mario-fn,M,8194
AR,Argentina,forename,35,Oscar,oscar-fn,M,7880
AR,Argentina,forename,36,Liliana,liliana-fn,F,7822
AR,Argentina,forename,37,Norma,norma-fn,F,7755
AR,Argentina,forename,38,Eduardo,eduardo-fn,M,7715
AR,Argentina,forename,39,Agustin,agustin-fn,M,7586
AR,Argentina,forename,40,Marta,marta-fn,F,7526
AR,Argentina,forename,41,Ricardo,ricardo-fn,M,7371
AR,Argentina,forename,42,Franco,franco-fn,M,7334
AR,Argentina,forename,43,Sandra,sandra-fn,F,7256
AR,Argentina,forename,44,Cristina,cristina-fn,F,7191
AR,Argentina,forename,45,Natalia,natalia-fn,F,7142
AR,Argentina,forename,46,Sebastian,sebastian-fn,M,7138
AR,Argentina,forename,47,Alicia,alicia-fn,F,6964
AR,Argentina,forename,48,Marcela,marcela-fn,F,6890
AR,Argentina,forename,49,Gabriela,gabriela-fn,F,6863
AR,Argentina,forename,50,Walter,walter-fn,M,6828
AR,Argentina,forename,51,Alberto,alberto-fn,M,6794
AR,Argentina,forename,52,Veronica,veronica-fn,F,6681
AR,Argentina,forename,53,Ezequiel,ezequiel-fn,M,6605
AR,Argentina,forename,54,Hugo,hugo-fn,M,6548
AR,Argentina,forename,55,Lorena,lorena-fn,F,6538
AR,Argentina,forename,56,Claudio,claudio-fn,M,6520
AR,Argentina,forename,57,Adriana,adriana-fn,F,6336
AR,Argentina,forename,58,Rosa,rosa-fn,F,6307
AR,Argentina,forename,59,Carolina,carolina-fn,F;M,6293
AR,Argentina,forename,60,Marcos,marcos-fn,M,6287
AR,Argentina,forename,61,Mariana,mariana-fn,F,6181
AR,Argentina,forename,62,Celeste,celeste-fn,F,6120
AR,Argentina,forename,63,Mirta,mirta-fn,F,6109
AR,Argentina,forename,64,David,david-fn,M;F,6000
AR,Argentina,forename,65,Ruben,ruben-fn,M,5922
AR,Argentina,forename,66,Juan Carlos,juan-carlos-fn,M,5880
AR,Argentina,forename,67,Santiago,santiago-fn,M,5787
AR,Argentina,forename,68,Romina,romina-fn,F,5729
AR,Argentina,forename,69,Julio,julio-fn,M,5725
AR,Argentina,forename,70,Raul,raul-fn,M,5500
AR,Argentina,forename,71,Rodrigo,rodrigo-fn,M,5391
AR,Argentina,forename,72,Hector,hector-fn,M,5271
AR,Argentina,forename,73,Daniela,daniela-fn,F,5182
AR,Argentina,forename,74,Pedro,pedro-fn,M,5133
AR,Argentina,forename,75,Paola,paola-fn,F,5126
AR,Argentina,forename,76,Mariano,mariano-fn,M,5022
AR,Argentina,forename,77,Mariela,mariela-fn,F,4977
AR,Argentina,forename,78,Victor,victor-fn,M,4924
AR,Argentina,forename,79,Fabian,fabian-fn,M,4880
AR,Argentina,forename,80,Dario,dario-fn,M,4862
AR,Argentina,forename,81,Andres,andres-fn,M;F,4801
AR,Argentina,forename,82,Guillermo,guillermo-fn,M,4787
AR,Argentina,forename,83,Francisco,francisco-fn,M,4783
AR,Argentina,forename,84,Ale,ale-fn,M;F,4733
AR,Argentina,forename,85,Cecilia,cecilia-fn,F,4720
AR,Argentina,forename,86,Adrian,adrian-fn,M,4694
AR,Argentina,forename,87,Carmen,carmen-fn,F,4661
AR,Argentina,forename,88,Angel,angel-fn,F;M,4594
AR,Argentina,forename,89,Florencia,florencia-fn,F,4589
AR,Argentina,forename,90,Facundo,facundo-fn,M,4573
AR,Argentina,forename,91,Camila,camila-fn,F,4551
AR,Argentina,forename,92,Soledad,soledad-fn,F,4543
AR,Argentina,forename,93,Valeria,valeria-fn,F,4539
AR,Argentina,forename,94,Beatriz,beatriz-fn,F,4512
AR,Argentina,forename,95,Gonzalo,gonzalo-fn,M,4493
AR,Argentina,forename,96,Rocio,rocio-fn,F,4484
AR,Argentina,forename,97,Lucia,lucia-fn,F,4372
AR,Argentina,forename,98,Karina,karina-fn,F,4361
AR,Argentina,forename,99,Nancy,nancy-fn,F,4348
AR,Argentina,forename,100,Lautaro,lautaro-fn,M,4301
AR,Argentina,surname,1,Gomez,gomez-sn,F;M,24981
AR,Argentina,surname,2,Lopez,lopez-sn,F;M,24871
AR,Argentina,surname,3,Rodriguez,rodriguez-sn,F;M,24393
AR,Argentina,surname,4,Fernandez,fernandez-sn,F;M,20791
AR,Argentina,surname,5,Martinez,martinez-sn,F;M,20027
AR,Argentina,surname,6,Diaz,diaz-sn,F;M,17618
AR,Argentina,surname,7,Perez,perez-sn,F;M,16371
AR,Argentina,surname,8,Romero,romero-sn,F;M,14099
AR,Argentina,surname,9,Garcia,garcia-sn,M;F,12188
AR,Argentina,surname,10,Sosa,sosa-sn,F;M,10574
AR,Argentina,surname,11,Torres,torres-sn,F;M,9974
AR,Argentina,surname,12,Flores,flores-sn,F;M,9021
AR,Argentina,surname,13,Ramirez,ramirez-sn,M;F,8121
AR,Argentina,surname,14,Acosta,acosta-sn,F;M,8109
AR,Argentina,surname,15,Rojas,rojas-sn,M;F,8086
AR,Argentina,surname,16,Alvarez,alvarez-sn,F;M,8047
AR,Argentina,surname,17,González,gonzalez-sn,F;M,8000
AR,Argentina,surname,18,Benitez,benitez-sn,M;F,7804
AR,Argentina,surname,19,Ruiz,ruiz-sn,M;F,7466
AR,Argentina,surname,20,Medina,medina-sn,M;F,7124
AR,Argentina,surname,21,Herrera,herrera-sn,F;M,7037
AR,Argentina,surname,22,Castro,castro-sn,M;F,7019
AR,Argentina,surname,23,Suarez,suarez-sn,F;M,6741
AR,Argentina,surname,24,Gimenez,gimenez-sn,,6503
AR,Argentina,surname,25,Aguirre,aguirre-sn,M;F,6479
AR,Argentina,surname,26,Luna,luna-sn,F;M,6233
AR,Argentina,surname,27,Pereyra,pereyra-sn,F;M,6191
AR,Argentina,surname,28,Godoy,godoy-sn,M;F,6120
AR,Argentina,surname,29,Molina,molina-sn,M;F,6085
AR,Argentina,surname,30,Gutierrez,gutierrez-sn,M;F,6016
AR,Argentina,surname,31,Silva,silva-sn,M;F,5920
AR,Argentina,surname,32,Ortiz,ortiz-sn,M;F,5819
AR,Argentina,surname,33,Castillo,castillo-sn,F;M,5749
AR,Argentina,surname,34,Morales,morales-sn,M;F,5649
AR,Argentina,surname,35,Rios,rios-sn,M;F,5545
AR,Argentina,surname,36,Cabrera,cabrera-sn,F;M,5473
AR,Argentina,surname,37,Moreno,moreno-sn,F;M,5306
AR,Argentina,surname,38,Nuñez,nunez-sn,M;F,4951
AR,Argentina,surname,39,Vera,vera-sn,F;M,4948
AR,Argentina,surname,40,Ledesma,ledesma-sn,F;M,4873
AR,Argentina,surname,41,Vega,vega-sn,M;F,4856
AR,Argentina,surname,42,Peralta,peralta-sn,M;F,4849
AR,Argentina,surname,43,Villalba,villalba-sn,M;F,4768
AR,Argentina,surname,44,Juarez,juarez-sn,F;M,4741
AR,Argentina,surname,45,Carrizo,carrizo-sn,M;F,4727
AR,Argentina,surname,46,Quiroga,quiroga-sn,M;F,4646
AR,Argentina,surname,47,Ferreyra,ferreyra-sn,M;F,4524
AR,Argentina,surname,48,Pellegrini,pellegrini-sn,M;F,4500
AR,Argentina,surname,49,Paz,paz-sn,F;M,4397
AR,Argentina,surname,50,Vargas,vargas-sn,M;F,4390
AR,Argentina,surname,51,Cardozo,cardozo-sn,F;M,4367
AR,Argentina,surname,52,Muñoz,munoz-sn,F;M,4341
AR,Argentina,surname,53,Ramos,ramos-sn,M;F,4177
AR,Argentina,surname,54,Bustos,bustos-sn,M;F,4120
AR,Argentina,surname,55,Coronel,coronel-sn,F;M,4061
AR,Argentina,surname,56,Dominguez,dominguez-sn,M;F,4049
AR,Argentina,surname,57,Ojeda,ojeda-sn,F;M,4014
AR,Argentina,surname,58,Battaglia,battaglia-sn,,4000
AR,Argentina,surname,59,Arias,arias-sn,M;F,3951
AR,Argentina,surname,60,Mendoza,mendoza-sn,F;M,3933
AR,Argentina,surname,61,Gonzales,gonzales-sn,F;M,3805
AR,Argentina,surname,62,Miranda,miranda-sn,F;M,3790
AR,Argentina,surname,63,Maldonado,maldonado-sn,M;F,3777
AR,Argentina,surname,64,Ponce,ponce-sn,M;F,3770
AR,Argentina,surname,65,Navarro,navarro-sn,F;M,3740
AR,Argentina,surname,66,Caceres,caceres-sn,M;F,3667
AR,Argentina,surname,67,Figueroa,figueroa-sn,M;F,3659
AR,Argentina,surname,68,Cruz,cruz-sn,F;M,3578
AR,Argentina,surname,69,Rivero,rivero-sn,M;F,3496
AR,Argentina,surname,70,Correa,correa-sn,M;F,3491
AR,Argentina,surname,71,Mendez,mendez-sn,F;M,3456
AR,Argentina,surname,72,Ayala,ayala-sn,M;F,3432
AR,Argentina,surname,73,Vazquez,vazquez-sn,F;M,3415
AR,Argentina,surname,74,Duarte,duarte-sn,F;M,3378
AR,Argentina,surname,75,Mansilla,mansilla-sn,M;F,3375
AR,Argentina,surname,76,Escobar,escobar-sn,M;F,3361
AR,Argentina,surname,77,Barrios,barrios-sn,M;F,3267
AR,Argentina,surname,78,Bj,bj-sn,M;F,3234
AR,Argentina,surname,79,Acuña,acuna-sn,M;F,3218
AR,Argentina,surname,80,Monaco,monaco-sn,M;F,3200
AR,Argentina,surname,81,Lucero,lucero-sn,F;M,3198
AR,Argentina,surname,82,Farias,farias-sn,M;F,3192
AR,Argentina,surname,83,Paez,paez-sn,F;M,3177
AR,Argentina,surname,84,Cordoba,cordoba-sn,M;F,3173
AR,Argentina,surname,85,Avila,avila-sn,F;M,3156
AR,Argentina,surname,86,Guzman,guzman-sn,F;M,3121
AR,Argentina,surname,87,Leiva,leiva-sn,F;M,3043
AR,Argentina,surname,88,Blanco,blanco-sn,F;M,3021
AR,Argentina,surname,89,Franco,franco-sn,M;F,3020
AR,Argentina,surname,90,Campos,campos-sn,M;F,3001
AR,Argentina,surname,91,Soto,soto-sn,M;F,2985
AR,Argentina,surname,92,Soria,soria-sn,,2977
AR,Argentina,surname,93,Chavez,chavez-sn,M;F,2970
AR,Argentina,surname,94,Bravo,bravo-sn,M;F,2858
AR,Argentina,surname,95,Maidana,maidana-sn,M;F,2839
AR,Argentina,surname,96,Hernandez,hernandez-sn,M;F,2826
AR,Argentina,surname,97,Roldan,roldan-sn,M;F,2816
AR,Argentina,surname,98,Contreras,contreras-sn,F;M,2727
AR,Argentina,surname,99,Martin,martin-sn,M;F,2663
AR,Argentina,surname,100,Aguilar,aguilar-sn,M;F,2601
AT,Austria,forename,1,Michael,michael-fn,M,15153
AT,Austria,forename,2,Thomas,thomas-fn,M,13803
AT,Austria,forename,3,Christian,christian-fn,M;F,13149
AT,Austria,forename,4,Andreas,andreas-fn,M,11776
AT,Austria,forename,5,Markus,markus-fn,M,11229
AT,Austria,forename,6,Martin,martin-fn,M,10511
AT,Austria,forename,7,Stefan,stefan-fn,M,10306
AT,Austria,forename,8,Peter,peter-fn,M,8982
AT,Austria,forename,9,Daniel,daniel-fn,M;F,8917
AT,Austria,forename,10,Franz,franz-fn,M,7697
AT,Austria,forename,11,Andrea,andrea-fn,F;M,7321
AT,Austria,forename,12,Sabine,sabine-fn,F,6634
AT,Austria,forename,13,Wolfgang,wolfgang-fn,M,6562
AT,Austria,forename,14,Gerhard,gerhard-fn,M,6522
AT,Austria,forename,15,Christoph,christoph-fn,M,6459
AT,Austria,forename,16,Christophe,christophe-fn,M,6459
AT,Austria,forename,17,Claudia,claudia-fn,F,6349
AT,Austria,forename,18,Patrick,patrick-fn,M,6339
AT,Austria,forename,19,Alexander,alexander-fn,M,6190
AT,Austria,forename,20,Josef,josef-fn,M,6173
AT,Austria,forename,21,Manuel,manuel-fn,M,6044
AT,Austria,forename,22,Mario,mario-fn,M,5972
AT,Austria,forename,23,Karin,karin-fn,F,5884
AT,Austria,forename,24,Robert,robert-fn,M,5822
AT,Austria,forename,25,Sandra,sandra-fn,F,5670
AT,Austria,forename,26,Lukas,lukas-fn,M,5621
AT,Austria,forename,27,Florian,florian-fn,M,5488
AT,Austria,forename,28,Elisabeth,elisabeth-fn,F,5475
AT,Austria,forename,29,Monika,monika-fn,F,5373
AT,Austria,forename,30,Martina,martina-fn,F,5319
AT,Austria,forename,31,Daniela,daniela-fn,F,5317
AT,Austria,forename,32,Petra,petra-fn,F,5189
AT,Austria,forename,33,Manfred,manfred-fn,M,5077
AT,Austria,forename,34,Julia,julia-fn,F,5071
AT,Austria,forename,35,Manuela,manuela-fn,F,5028
AT,Austria,forename,36,Anna,anna-fn,F;M,5005
AT,Austria,forename,37,Michaela,michaela-fn,F,4924
AT,Austria,forename,38,Christine,christine-fn,F,4831
AT,Austria,forename,39,Dominik,dominik-fn,M,4723
AT,Austria,forename,40,David,david-fn,M;F,4587
AT,Austria,forename,41,Barbara,barbara-fn,F,4565
AT,Austria,forename,42,Lisa,lisa-fn,F,4323
AT,Austria,forename,43,Sonja,sonja-fn,F,4260
AT,Austria,forename,44,Johann,johann-fn,M,4252
AT,Austria,forename,45,Bernhard,bernhard-fn,M,4138
AT,Austria,forename,46,Walter,walter-fn,M,4015
AT,Austria,forename,47,Philipp,philipp-fn,M,4011
AT,Austria,forename,48,Philippe,philippe-fn,M,4011
AT,Austria,forename,49,Brigitte,brigitte-fn,F,3988
AT,Austria,forename,50,Eva,eva-fn,F,3956
AT,Austria,forename,51,Karl,karl-fn,M,3925
AT,Austria,forename,52,Renate,renate-fn,F,3915
AT,Austria,forename,53,Herbert,herbert-fn,M,3812
AT,Austria,forename,54,Nicole,nicole-fn,F,3765
AT,Austria,forename,55,Silvia,silvia-fn,F,3734
AT,Austria,forename,56,Helmut,helmut-fn,M,3690
AT,Austria,forename,57,Harald,harald-fn,M,3605
AT,Austria,forename,58,Johannes,johannes-fn,M,3574
AT,Austria,forename,59,Melanie,melanie-fn,F,3546
AT,Austria,forename,60,Alexandra,alexandra-fn,F,3495
AT,Austria,forename,61,Birgit,birgit-fn,F,3405
AT,Austria,forename,62,Jürgen,jurgen-fn,M,3398
AT,Austria,forename,63,Anita,anita-fn,F,3375
AT,Austria,forename,64,Doris,doris-fn,F,3332
AT,Austria,forename,65,Matthias,matthias-fn,M,3320
AT,Austria,forename,66,Werner,werner-fn,M,3213
AT,Austria,forename,67,Katharina,katharina-fn,F,3207
AT,Austria,forename,68,Sabrina,sabrina-fn,F;M,3176
AT,Austria,forename,69,Hannes,hannes-fn,M,3162
AT,Austria,forename,70,Sebastian,sebastian-fn,M,3118
AT,Austria,forename,71,Marcel,marcel-fn,M,3060
AT,Austria,forename,72,Roland,roland-fn,M,3040
AT,Austria,forename,73,Tanja,tanja-fn,F,3036
AT,Austria,forename,74,Gerald,gerald-fn,M,3026
AT,Austria,forename,75,Rene,rene-fn,M;F,3001
AT,Austria,forename,76,Susanne,susanne-fn,F,2995
AT,Austria,forename,77,Ingrid,ingrid-fn,F,2972
AT,Austria,forename,78,Alex,alex-fn,M;F,2921
AT,Austria,forename,79,Georg,georg-fn,M,2907
AT,Austria,forename,80,Sara,sara-fn,F;M,2890
AT,Austria,forename,81,Sarah,sarah-fn,F,2890
AT,Austria,forename,82,Bettina,bettina-fn,F,2875
AT,Austria,forename,83,Klaus,klaus-fn,M,2830
AT,Austria,forename,84,Christina,christina-fn,F,2730
AT,Austria,forename,85,Helga,helga-fn,F,2546
AT,Austria,forename,86,Marco,marco-fn,M;F,2530
AT,Austria,forename,87,Kevin,kevin-fn,M,2529
AT,Austria,forename,88,Fabian,fabian-fn,M,2516
AT,Austria,forename,89,Gabriele,gabriele-fn,F;M,2496
AT,Austria,forename,90,Roman,roman-fn,M,2445
AT,Austria,forename,91,Simon,simon-fn,M,2416
AT,Austria,forename,92,Verena,verena-fn,F,2378
AT,Austria,forename,93,Nina,nina-fn,F,2360
AT,Austria,forename,94,Kerstin,kerstin-fn,F,2352
AT,Austria,forename,95,Hans,hans-fn,M,2274
AT,Austria,forename,96,Bianca,bianca-fn,F,2268
AT,Austria,forename,97,Jasmin,jasmin-fn,F,2191
AT,Austria,forename,98,Jasmine,jasmine-fn,F,2191
AT,Austria,forename,99,Günter,gunter-fn,M,2189
AT,Austria,forename,100,Margit,margit-fn,F,2187
AT,Austria,surname,1,Gruber,gruber-sn,M;F,3675
AT,Austria,surname,2,Huber,huber-sn,,3610
AT,Austria,surname,3,Bauer,bauer-sn,M;F,3025
AT,Austria,surname,4,Müller,muller-sn,M;F,2813
AT,Austria,surname,5,Steiner,steiner-sn,M;F,2514
AT,Austria,surname,6,Berger,berger-sn,M;F,2480
AT,Austria,surname,7,Moser,moser-sn,M;F,2450
AT,Austria,surname,8,Pichler,pichler-sn,M;F,2425
AT,Austria,surname,9,Hofer,hofer-sn,M;F,2314
AT,Austria,surname,10,Wagner,wagner-sn,M;F,2112
AT,Austria,surname,11,Weiner,weiner-sn,F;M,2000
AT,Austria,surname,12,Schmid,schmid-sn,F;M,1805
AT,Austria,surname,13,Ay,ay-sn,,1200
AT,Austria,surname,14,Mayer,mayer-sn,,1194
AT,Austria,surname,15,Maier,maier-sn,M;F,1191
AT,Austria,surname,16,Leitner,leitner-sn,M,1137
AT,Austria,surname,17,Eder,eder-sn,M,1048
AT,Austria,surname,18,Fuchs,fuchs-sn,M;F,1041
AT,Austria,surname,19,Maurer,maurer-sn,F;M,771
AT,Austria,surname,20,Ma,ma-sn,F;M,369
AT,Austria,surname,21,Groß,gross-sn,,297
AT,Austria,surname,22,Hassan,hassan-sn,F;M,251
AT,Austria,surname,23,Le,le-sn,F;M,203
AT,Austria,surname,24,Işık,isik-sn,F;M,101
AT,Austria,surname,25,Popa,popa-sn,F;M,92
AT,Austria,surname,26,Falk,falk-sn,F;M,90
AT,Austria,surname,27,Jana,jana-sn,F;M,65
AT,Austria,surname,28,Vasile,vasile-sn,F;M,65
AT,Austria,surname,29,Akyıldız,akyildiz-sn,F;M,61
AT,Austria,surname,30,Memiş,memis-sn,F;M,47
AT,Austria,surname,31,Kar,kar-sn,F;M,44
AT,Austria,surname,32,Seven,seven-sn,F;M,42
AT,Austria,surname,33,Power,power-sn,,40
AT,Austria,surname,34,Arıkan,arikan-sn,F;M,39
AT,Austria,surname,35,Viola,viola-sn,M;F,33
AT,Austria,surname,36,Fall,fall-sn,,32
AT,Austria,surname,37,Angelo,angelo-sn,,28
AT,Austria,surname,38,Kavak,kavak-sn,F;M,28
AT,Austria,surname,39,Zheng,zheng-sn,F;M,28
AT,Austria,surname,40,Didi,didi-sn,F;M,24
AT,Austria,surname,41,Moro,moro-sn,F;M,23
AT,Austria,surname,42,Peker,peker-sn,F;M,22
AT,Austria,surname,43,Taşçı,tasci-sn,F;M,22
AT,Austria,surname,44,Avşar,avsar-sn,F;M,21
AT,Austria,surname,45,Caroline,caroline-sn,,21
AT,Austria,surname,46,Dia,dia-sn,,21
AT,Austria,surname,47,Uygun,uygun-sn,F;M,20
AT,Austria,surname,48,Zhao,zhao-sn,F;M,20
AT,Austria,surname,49,Zara,zara-sn,F;M,19
AT,Austria,surname,50,Filippi,filippi-sn,F;M,18
AT,Austria,surname,51,Dağlı,dagli-sn,,17
AT,Austria,surname,52,Duma,duma-sn,F;M,16
AT,Austria,surname,53,Agha,agha-sn,F;M,15
AT,Austria,surname,54,Michele,michele-sn,F;M,14
AT,Austria,surname,55,Rain,rain-sn,,14
AT,Austria,surname,56,Haidar,haidar-sn,F;M,13
AT,Austria,surname,57,Yanık,yanik-sn,F;M,13
AT,Austria,surname,58,Ertaş,ertas-sn,,12
AT,Austria,surname,59,Rm,rm-sn,F;M,12
AT,Austria,surname,60,Selçuk,selcuk-sn,F;M,12
AT,Austria,surname,61,Shehab,shehab-sn,F;M,12
AT,Austria,surname,62,Terzi,terzi-sn,,12
AT,Austria,surname,63,Gharib,gharib-sn,,11
AT,Austria,surname,64,Tarek,tarek-sn,M;F,11
AT,Austria,surname,65,Loi,loi-sn,F;M,10
AT,Austria,surname,66,Dib,dib-sn,F;M,9
AT,Austria,surname,67,Mariam,mariam-sn,F;M,8
AT,Austria,surname,68,Warda,warda-sn,,8
AT,Austria,surname,69,Granata,granata-sn,F;M,7
AT,Austria,surname,70,Kandil,kandil-sn,,7
AT,Austria,surname,71,Santo,santo-sn,F;M,7
AT,Austria,surname,72,Tyler,tyler-sn,,7
AT,Austria,surname,73,Osullivan,osullivan-sn,F;M,6
AT,Austria,surname,74,Amen,amen-sn,F;M,5
AT,Austria,surname,75,Donati,donati-sn,F;M,5
AT,Austria,surname,76,Greene,greene-sn,F;M,5
AT,Austria,surname,77,Kalu,kalu-sn,F;M,5
AT,Austria,surname,78,Mosaad,mosaad-sn,,5
AT,Austria,surname,79,Raymond,raymond-sn,F;M,5
AT,Austria,surname,80,Trevisan,trevisan-sn,F;M,5
AT,Austria,surname,81,Babul,babul-sn,,4
AT,Austria,surname,82,Chevalier,chevalier-sn,F;M,4
AT,Austria,surname,83,Fatah,fatah-sn,M;F,4
AT,Austria,surname,84,Ouni,ouni-sn,F;M,4
AT,Austria,surname,85,Rathore,rathore-sn,F;M,4
AT,Austria,surname,86,Zidan,zidan-sn,F;M,4
AT,Austria,surname,87,Ayman,ayman-sn,F;M,3
AT,Austria,surname,88,Battista,battista-sn,,3
AT,Austria,surname,89,Belen,belen-sn,F;M,3
AT,Austria,surname,90,Chandler,chandler-sn,F;M,3
AT,Austria,surname,91,Chebbi,chebbi-sn,F;M,3
AT,Austria,surname,92,Dev,dev-sn,F;M,3
AT,Austria,surname,93,Enrique,enrique-sn,F;M,3
AT,Austria,surname,94,Garner,garner-sn,,3
AT,Austria,surname,95,Gori,gori-sn,,3
AT,Austria,surname,96,Matta,matta-sn,F;M,3
AT,Austria,surname,97,Abba,abba-sn,F;M,2
AT,Austria,surname,98,Abdelsalam,abdelsalam-sn,F;M,2
AT,Austria,surname,99,Al-Harbi,al-harbi-sn,F;M,2
AT,Austria,surname,100,Angeles,angeles-sn,F;M,2
AU,,forename,1,Conley,conley-fn,M,1682
AU,,forename,2,Regan,regan-fn,M;F,1682
AU,,forename,3,Richardson,richardson-fn,M,1682
AU,,forename,4,Shannon,shannon-fn,M;F,1682
AU,,forename,5,Wall,wall-fn,M,1682
AU,,surname,1,Cox,cox-sn,,12000
AU,,surname,2,Day,day-sn,,5000
AU,,surname,3,Fletcher,fletcher-sn,F;M,5000
AU,,surname,4,Griffiths,griffiths-sn,,5000
AU,,surname,5,Pope,pope-sn,F;M,5000
AU,,surname,6,Conley,conley-sn,M;F,1682
AU,,surname,7,Farrow,farrow-sn,M;F,1682
AU,,surname,8,McCormick,mc-cormick-sn,M;F,1682
AU,,surname,9,McDaniel,mc-daniel-sn,M;F,1682
AU,,surname,10,Regan,regan-sn,M;F,1682
AU,,surname,11,Wall,wall-sn,,1682
AU,,surname,12,Flower,flower-sn,,1364
AU,,surname,13,Crawford,crawford-sn,,1000
AU,,surname,14,Owens,owens-sn,,1000
AZ,Azerbaijan,forename,1,Ayaz,ayaz-fn,M,3000
AZ,Azerbaijan,forename,2,Gülsüm,gulsum-fn,F,2000
AZ,Azerbaijan,forename,3,Dilara,dilara-fn,F,1200
AZ,Azerbaijan,forename,4,Günay,gunay-fn,F,341
AZ,Azerbaijan,forename,5,Nahid,nahid-fn,F;M,109
AZ,Azerbaijan,forename,6,Sevil,sevil-fn,F,99
AZ,Azerbaijan,forename,7,Nura,nura-fn,F;M,65
AZ,Azerbaijan,forename,8,Zahir,zahir-fn,F;M,57
AZ,Azerbaijan,forename,9,Eşref,esref-fn,M,20
AZ,Azerbaijan,forename,10,Aide,aide-fn,F;M,15
AZ,Azerbaijan,forename,11,Hakan,hakan-fn,F;M,13
AZ,Azerbaijan,forename,12,Riyad,riyad-fn,F;M,13
AZ,Azerbaijan,forename,13,Elena,elena-fn,F;M,6
AZ,Azerbaijan,forename,14,Polat,polat-fn,F;M,6
AZ,Azerbaijan,forename,15,Алмас,almas-fn,M;F,4
AZ,Azerbaijan,forename,16,Gökhan,gokhan-fn,F;M,2
AZ,Azerbaijan,forename,17,Ibra,ibra-fn,M,2
AZ,Azerbaijan,surname,1,Memmedov,memmedov-sn,M,1988
AZ,Azerbaijan,surname,2,Aliyev,aliyev-sn,M,1697
AZ,Azerbaijan,surname,3,Günay,gunay-sn,,1400
AZ,Azerbaijan,surname,4,Eliyev,eliyev-sn,M,1385
AZ,Azerbaijan,surname,5,Huseynov,huseynov-sn,M,1271
AZ,Azerbaijan,surname,6,Quliyev,quliyev-sn,M,1087
AZ,Azerbaijan,surname,7,Омарова,omarova-sn,F;M,14
AZ,Azerbaijan,surname,8,Dağlı,dagli-sn,,8
AZ,Azerbaijan,surname,9,Zara,zara-sn,F;M,2
BA,,forename,1,Dragana,dragana-fn,F,2000
BA,,forename,2,Milica,milica-fn,F,2000
BA,,forename,3,Milivoje,milivoje-fn,M,1000
BD,Bangladesh,forename,1,Md,md-fn,M;F,330509
BD,Bangladesh,forename,2,Mohamed,mohamed-fn,M,43872
BD,Bangladesh,forename,3,Mohammad,mohammad-fn,M;F,28537
BD,Bangladesh,forename,4,Abdul,abdul-fn,M,18594
BD,Bangladesh,forename,5,Ahmed,ahmed-fn,M,13733
BD,Bangladesh,forename,6,Abu,abu-fn,M;F,9316
BD,Bangladesh,forename,7,Sumon,sumon-fn,M,9132
BD,Bangladesh,forename,8,Mohammed,mohammed-fn,M;F,8415
BD,Bangladesh,forename,9,Saiful,saiful-fn,M,7295
BD,Bangladesh,forename,10,Hasan,hasan-fn,M;F,7010
BD,Bangladesh,forename,11,Hassan,hassan-fn,M;F,7010
BD,Bangladesh,forename,12,Sk,sk-fn,M;F,6847
BD,Bangladesh,forename,13,Arif,arif-fn,M,6347
BD,Bangladesh,forename,14,মোঃ,-E0-A6-AE-E0-A7-8B-E0-A6-83-fn,M,6264
BD,Bangladesh,forename,15,Kazi,kazi-fn,M,6194
BD,Bangladesh,forename,16,Tanvir,tanvir-fn,F;M,6171
BD,Bangladesh,forename,17,Masud,masud-fn,M,6139
BD,Bangladesh,forename,18,Abdullah,abdullah-fn,M,6126
BD,Bangladesh,forename,19,Imran,imran-fn,M;F,6073
BD,Bangladesh,forename,20,Muhammad,muhammad-fn,M;F,5911
BD,Bangladesh,forename,21,Abdur,abdur-fn,M,5874
BD,Bangladesh,forename,22,Sohel,sohel-fn,M,5785
BD,Bangladesh,forename,23,Rasel,rasel-fn,M,5776
BD,Bangladesh,forename,24,Mamun,mamun-fn,M,5749
BD,Bangladesh,forename,25,Shamim,shamim-fn,M,5697
BD,Bangladesh,forename,26,Rubel,rubel-fn,M,5637
BD,Bangladesh,forename,27,Mehedi,mehedi-fn,M,5563
BD,Bangladesh,forename,28,Nour,nour-fn,F;M,5326
BD,Bangladesh,forename,29,Syed,syed-fn,M,5257
BD,Bangladesh,forename,30,Nusrat,nusrat-fn,F;M,5251
BD,Bangladesh,forename,31,Al,al-fn,M;F,5197
BD,Bangladesh,forename,32,Nazmul,nazmul-fn,M,5182
BD,Bangladesh,forename,33,Abul,abul-fn,M,5152
BD,Bangladesh,forename,34,Angel,angel-fn,F;M,5137
BD,Bangladesh,forename,35,Prince,prince-fn,M,4975
BD,Bangladesh,forename,36,Kamrul,kamrul-fn,M,4882
BD,Bangladesh,forename,37,Rakib,rakib-fn,M,4788
BD,Bangladesh,forename,38,Sheikh,sheikh-fn,M,4632
BD,Bangladesh,forename,39,Nil,nil-fn,M;F,4585
BD,Bangladesh,forename,40,Monir,monir-fn,M,4545
BD,Bangladesh,forename,41,Jahangir,jahangir-fn,M,4508
BD,Bangladesh,forename,42,নীল,-E0-A6-A8-E0-A7-80-E0-A6-B2-fn,F;M,4479
BD,Bangladesh,forename,43,Nurul,nurul-fn,M;F,4479
BD,Bangladesh,forename,44,Sabbir,sabbir-fn,M,4379
BD,Bangladesh,forename,45,Kamal,kamal-fn,M;F,4065
BD,Bangladesh,forename,46,Ripon,ripon-fn,M,4049
BD,Bangladesh,forename,47,Shahin,shahin-fn,M,4001
BD,Bangladesh,forename,48,Sharmin,sharmin-fn,F,3982
BD,Bangladesh,forename,49,Jannatul,jannatul-fn,F,3934
BD,Bangladesh,forename,50,Raju,raju-fn,M;F,3834
BD,Bangladesh,forename,51,Nur,nur-fn,M;F,3807
BD,Bangladesh,forename,52,Sadia,sadia-fn,F,3807
BD,Bangladesh,forename,53,Akash,akash-fn,M,3796
BD,Bangladesh,forename,54,Nahid,nahid-fn,F;M,3782
BD,Bangladesh,forename,55,Masum,masum-fn,M,3768
BD,Bangladesh,forename,56,Fahim,fahim-fn,M,3742
BD,Bangladesh,forename,57,Joy,joy-fn,M;F,3631
BD,Bangladesh,forename,58,Rajib,rajib-fn,M,3583
BD,Bangladesh,forename,59,Rj,rj-fn,M,3564
BD,Bangladesh,forename,60,Shakil,shakil-fn,M,3518
BD,Bangladesh,forename,61,Hridoy,hridoy-fn,M,3467
BD,Bangladesh,forename,62,Faruk,faruk-fn,M,3457
BD,Bangladesh,forename,63,Abir,abir-fn,M;F,3451
BD,Bangladesh,forename,64,Asif,asif-fn,M;F,3440
BD,Bangladesh,forename,65,Mizanur,mizanur-fn,M,3339
BD,Bangladesh,forename,66,Nasir,nasir-fn,M;F,3297
BD,Bangladesh,forename,67,Nasser,nasser-fn,M;F,3297
BD,Bangladesh,forename,68,Nazrul,nazrul-fn,M,3288
BD,Bangladesh,forename,69,Jahid,jahid-fn,M,3275
BD,Bangladesh,forename,70,Liton,liton-fn,M,3262
BD,Bangladesh,forename,71,Farhana,farhana-fn,F,3239
BD,Bangladesh,forename,72,Emon,emon-fn,M,3219
BD,Bangladesh,forename,73,Anwar,anwar-fn,M,3176
BD,Bangladesh,forename,74,Alamin,alamin-fn,M,3131
BD,Bangladesh,forename,75,Khairul,khairul-fn,M,3123
BD,Bangladesh,forename,76,Shah,shah-fn,M;F,3113
BD,Bangladesh,forename,77,Ariful,ariful-fn,M,3029
BD,Bangladesh,forename,78,Omar,omar-fn,M;F,2977
BD,Bangladesh,forename,79,Ariyan,ariyan-fn,M,2976
BD,Bangladesh,forename,80,Salem,salem-fn,M,2937
BD,Bangladesh,forename,81,Salim,salim-fn,M,2937
BD,Bangladesh,forename,82,Habib,habib-fn,M;F,2864
BD,Bangladesh,forename,83,Aminul,aminul-fn,M,2858
BD,Bangladesh,forename,84,Rony,rony-fn,M;F,2856
BD,Bangladesh,forename,85,Ibrahim,ibrahim-fn,M;F,2841
BD,Bangladesh,forename,86,Iqbal,iqbal-fn,M,2810
BD,Bangladesh,forename,87,Sujon,sujon-fn,M,2794
BD,Bangladesh,forename,88,Alamgir,alamgir-fn,M,2790
BD,Bangladesh,forename,89,Rana,rana-fn,M;F,2789
BD,Bangladesh,forename,90,Hossain,hossain-fn,M,2785
BD,Bangladesh,forename,91,Hussein,hussein-fn,M;F,2785
BD,Bangladesh,forename,92,Golam,golam-fn,M,2769
BD,Bangladesh,forename,93,Shuvo,shuvo-fn,M,2769
BD,Bangladesh,forename,94,Farhan,farhan-fn,M,2751
BD,Bangladesh,forename,95,Fatema,fatema-fn,F,2681
BD,Bangladesh,forename,96,Khan,khan-fn,M;F,2677
BD,Bangladesh,forename,97,Mahbub,mahbub-fn,M,2664
BD,Bangladesh,forename,98,Sharif,sharif-fn,M,2656
BD,Bangladesh,forename,99,Sherif,sherif-fn,M,2656
BD,Bangladesh,forename,100,Jakir,jakir-fn,M,2655
BD,Bangladesh,surname,1,Ahmed,ahmed-sn,M;F,144909
BD,Bangladesh,surname,2,Islam,islam-sn,M;F,134060
BD,Bangladesh,surname,3,Hossain,hossain-sn,M;F,116726
BD,Bangladesh,surname,4,Khan,khan-sn,M;F,111799
BD,Bangladesh,surname,5,Rahman,rahman-sn,M;F,82323
BD,Bangladesh,surname,6,Hasan,hasan-sn,M;F,50566
BD,Bangladesh,surname,7,Uddin,uddin-sn,M;F,39195
BD,Bangladesh,surname,8,Akter,akter-sn,F;M,36656
BD,Bangladesh,surname,9,Chowdhury,chowdhury-sn,M;F,36357
BD,Bangladesh,surname,10,Alam,alam-sn,M;F,31610
BD,Bangladesh,surname,11,Ali,ali-sn,M;F,27138
BD,Bangladesh,surname,12,Das,das-sn,M;F,26050
BD,Bangladesh,surname,13,Sarkar,sarkar-sn,M;F,22512
BD,Bangladesh,surname,14,Rana,rana-sn,M;F,20302
BD,Bangladesh,surname,15,Roy,roy-sn,M;F,18014
BD,Bangladesh,surname,16,Mahmoud,mahmoud-sn,M;F,14337
BD,Bangladesh,surname,17,Miah,miah-sn,M;F,14072
BD,Bangladesh,surname,18,Saha,saha-sn,M;F,12431
BD,Bangladesh,surname,19,Mia,mia-sn,M;F,12419
BD,Bangladesh,surname,20,Haque,haque-sn,M;F,12340
BD,Bangladesh,surname,21,Mahmud,mahmud-sn,M;F,12202
BD,Bangladesh,surname,22,Begum,begum-sn,M;F,12120
BD,Bangladesh,surname,23,Biswas,biswas-sn,M;F,12061
BD,Bangladesh,surname,24,Jahan,jahan-sn,F;M,11131
BD,Bangladesh,surname,25,Sarker,sarker-sn,M;F,11100
BD,Bangladesh,surname,26,Mamun,mamun-sn,M,10839
BD,Bangladesh,surname,27,Hossen,hossen-sn,M,10750
BD,Bangladesh,surname,28,Sumon,sumon-sn,M,10208
BD,Bangladesh,surname,29,Amin,amin-sn,M;F,9702
BD,Bangladesh,surname,30,Amine,amine-sn,M;F,9702
BD,Bangladesh,surname,31,Sultana,sultana-sn,F,9306
BD,Bangladesh,surname,32,Hassan,hassan-sn,F;M,9256
BD,Bangladesh,surname,33,Aktar,aktar-sn,F;M,9154
BD,Bangladesh,surname,34,Kabir,kabir-sn,M;F,8637
BD,Bangladesh,surname,35,Akash,akash-sn,,8508
BD,Bangladesh,surname,36,Ahamed,ahamed-sn,M;F,7787
BD,Bangladesh,surname,37,Hussain,hussain-sn,M;F,7646
BD,Bangladesh,surname,38,Molla,molla-sn,M;F,7431
BD,Bangladesh,surname,39,Babu,babu-sn,M;F,7159
BD,Bangladesh,surname,40,Rashid,rashid-sn,M;F,7072
BD,Bangladesh,surname,41,Paul,paul-sn,M;F,7047
BD,Bangladesh,surname,42,Akther,akther-sn,F,6820
BD,Bangladesh,surname,43,Rasel,rasel-sn,,6592
BD,Bangladesh,surname,44,ইসলাম,-E0-A6-87-E0-A6-B8-E0-A6-B2-E0-A6-BE-E0-A6-AE-sn,M;F,6431
BD,Bangladesh,surname,45,Raj,raj-sn,M;F,6320
BD,Bangladesh,surname,46,Joy,joy-sn,F;M,6303
BD,Bangladesh,surname,47,Alom,alom-sn,M,6284
BD,Bangladesh,surname,48,Zaman,zaman-sn,M;F,6263
BD,Bangladesh,surname,49,Rubel,rubel-sn,M,6249
BD,Bangladesh,surname,50,Karim,karim-sn,M;F,6244
BD,Bangladesh,surname,51,Bhuiyan,bhuiyan-sn,M,6164
BD,Bangladesh,surname,52,Jannat,jannat-sn,F;M,6122
BD,Bangladesh,surname,53,Dey,dey-sn,M;F,5883
BD,Bangladesh,surname,54,Moni,moni-sn,F;M,5874
BD,Bangladesh,surname,55,Emon,emon-sn,,5765
BD,Bangladesh,surname,56,Farouk,farouk-sn,M;F,5737
BD,Bangladesh,surname,57,Faruk,faruk-sn,M,5737
BD,Bangladesh,surname,58,Chy,chy-sn,M;F,5703
BD,Bangladesh,surname,59,Shuvo,shuvo-sn,,5686
BD,Bangladesh,surname,60,Hoque,hoque-sn,M,5677
BD,Bangladesh,surname,61,Rony,rony-sn,M;F,5643
BD,Bangladesh,surname,62,Nour,nour-sn,F;M,5572
BD,Bangladesh,surname,63,Ullah,ullah-sn,M;F,5392
BD,Bangladesh,surname,64,Barua,barua-sn,,5341
BD,Bangladesh,surname,65,Arif,arif-sn,M;F,5297
BD,Bangladesh,surname,66,Ahmad,ahmad-sn,M;F,5086
BD,Bangladesh,surname,67,Raju,raju-sn,M,5028
BD,Bangladesh,surname,68,Kumar,kumar-sn,M;F,4999
BD,Bangladesh,surname,69,Rahaman,rahaman-sn,M,4961
BD,Bangladesh,surname,70,Rakib,rakib-sn,,4932
BD,Bangladesh,surname,71,Hridoy,hridoy-sn,M,4887
BD,Bangladesh,surname,72,Habib,habib-sn,M;F,4884
BD,Bangladesh,surname,73,Sohel,sohel-sn,M,4741
BD,Bangladesh,surname,74,মন,-E0-A6-AE-E0-A6-A8-sn,M;F,4739
BD,Bangladesh,surname,75,Hosen,hosen-sn,M,4417
BD,Bangladesh,surname,76,আকাশ,-E0-A6-86-E0-A6-95-E0-A6-BE-E0-A6-B6-sn,M;F,4185
BD,Bangladesh,surname,77,Kamal,kamal-sn,M;F,4163
BD,Bangladesh,surname,78,Talukder,talukder-sn,,4162
BD,Bangladesh,surname,79,Reda,reda-sn,M;F,4127
BD,Bangladesh,surname,80,Reza,reza-sn,M,4127
BD,Bangladesh,surname,81,Mim,mim-sn,F,4111
BD,Bangladesh,surname,82,Azad,azad-sn,M;F,4083
BD,Bangladesh,surname,83,Shaikh,shaikh-sn,M;F,4043
BD,Bangladesh,surname,84,Sheikh,sheikh-sn,M;F,4043
BD,Bangladesh,surname,85,পাখি,-E0-A6-AA-E0-A6-BE-E0-A6-96-E0-A6-BF-sn,,4022
BD,Bangladesh,surname,86,Munna,munna-sn,M,3973
BD,Bangladesh,surname,87,Masud,masud-sn,M,3903
BD,Bangladesh,surname,88,Hossin,hossin-sn,M,3842
BD,Bangladesh,surname,89,Ripon,ripon-sn,M,3826
BD,Bangladesh,surname,90,Mondal,mondal-sn,M;F,3805
BD,Bangladesh,surname,91,Sakib,sakib-sn,M,3785
BD,Bangladesh,surname,92,Mon,mon-sn,M;F,3748
BD,Bangladesh,surname,93,Ghosh,ghosh-sn,,3731
BD,Bangladesh,surname,94,Sagor,sagor-sn,M,3699
BD,Bangladesh,surname,95,Hossan,hossan-sn,M,3648
BD,Bangladesh,surname,96,হোসেন,-E0-A6-B9-E0-A7-8B-E0-A6-B8-E0-A7-87-E0-A6-A8-sn,M,3620
BD,Bangladesh,surname,97,Monir,monir-sn,M;F,3612
BD,Bangladesh,surname,98,Shakil,shakil-sn,,3583
BD,Bangladesh,surname,99,Sikder,sikder-sn,M,3525
BD,Bangladesh,surname,100,Imran,imran-sn,M;F,3506
BE,Belgium,forename,1,Sara,sara-fn,F;M,13678
BE,Belgium,forename,2,Mohamed,mohamed-fn,M,13245
BE,Belgium,forename,3,Marc,marc-fn,M,13214
BE,Belgium,forename,4,David,david-fn,M;F,12240
BE,Belgium,forename,5,Patrick,patrick-fn,M,11987
BE,Belgium,forename,6,Nathalie,nathalie-fn,F,11970
BE,Belgium,forename,7,Thomas,thomas-fn,M,11059
BE,Belgium,forename,8,Kevin,kevin-fn,M,10237
BE,Belgium,forename,9,Luc,luc-fn,M,9855
BE,Belgium,forename,10,Marie,marie-fn,F;M,9638
BE,Belgium,forename,11,Tom,tom-fn,M,9603
BE,Belgium,forename,12,Sarah,sarah-fn,F,9551
BE,Belgium,forename,13,Jan,jan-fn,M;F,9468
BE,Belgium,forename,14,Nicolas,nicolas-fn,M,9039
BE,Belgium,forename,15,Peter,peter-fn,M,9037
BE,Belgium,forename,16,Michel,michel-fn,M;F,8990
BE,Belgium,forename,17,Bart,bart-fn,M,8976
BE,Belgium,forename,18,Philippe,philippe-fn,M,8907
BE,Belgium,forename,19,Martine,martine-fn,F,8795
BE,Belgium,forename,20,Olivier,olivier-fn,M,8689
BE,Belgium,forename,21,Michael,michael-fn,M,8585
BE,Belgium,forename,22,Laura,laura-fn,F,8430
BE,Belgium,forename,23,Julie,julie-fn,F,8204
BE,Belgium,forename,24,Christophe,christophe-fn,M,7823
BE,Belgium,forename,25,Eric,eric-fn,M,7473
BE,Belgium,forename,26,Isabelle,isabelle-fn,F,7400
BE,Belgium,forename,27,Alain,alain-fn,M,7369
BE,Belgium,forename,28,Johan,johan-fn,M,7188
BE,Belgium,forename,29,Dirk,dirk-fn,M,7120
BE,Belgium,forename,30,Christine,christine-fn,F,7089
BE,Belgium,forename,31,Sophie,sophie-fn,F,7044
BE,Belgium,forename,32,Ann,ann-fn,F,6884
BE,Belgium,forename,33,Caroline,caroline-fn,F,6741
BE,Belgium,forename,34,Dominique,dominique-fn,F;M,6589
BE,Belgium,forename,35,Carine,carine-fn,F,6448
BE,Belgium,forename,36,Vincent,vincent-fn,M,6357
BE,Belgium,forename,37,Pierre,pierre-fn,M,6259
BE,Belgium,forename,38,Patricia,patricia-fn,F,6218
BE,Belgium,forename,39,Steven,steven-fn,M,6184
BE,Belgium,forename,40,Stephanie,stephanie-fn,F,6180
BE,Belgium,forename,41,Veronique,veronique-fn,F,6123
BE,Belgium,forename,42,Chris,chris-fn,M;F,6108
BE,Belgium,forename,43,Daniel,daniel-fn,M;F,6024
BE,Belgium,forename,44,Pascal,pascal-fn,M,5995
BE,Belgium,forename,45,Jean,jean-fn,M;F,5876
BE,Belgium,forename,46,Julien,julien-fn,M,5835
BE,Belgium,forename,47,Anne,anne-fn,F;M,5820
BE,Belgium,forename,48,Rita,rita-fn,F,5781
BE,Belgium,forename,49,Nancy,nancy-fn,F,5773
BE,Belgium,forename,50,Sandra,sandra-fn,F,5743
BE,Belgium,forename,51,Valerie,valerie-fn,F,5610
BE,Belgium,forename,52,Chantal,chantal-fn,F,5576
BE,Belgium,forename,53,Wim,wim-fn,M,5558
BE,Belgium,forename,54,Paul,paul-fn,M,5527
BE,Belgium,forename,55,Cindy,cindy-fn,F,5458
BE,Belgium,forename,56,Sofie,sofie-fn,F;M,5434
BE,Belgium,forename,57,Frederic,frederic-fn,M,5424
BE,Belgium,forename,58,Jonathan,jonathan-fn,M,5399
BE,Belgium,forename,59,Linda,linda-fn,F;M,5362
BE,Belgium,forename,60,Nicole,nicole-fn,F,5362
BE,Belgium,forename,61,Els,els-fn,F,5331
BE,Belgium,forename,62,Cedric,cedric-fn,M,5310
BE,Belgium,forename,63,Sébastien,sebastien-fn,M,5246
BE,Belgium,forename,64,Geert,geert-fn,M,5212
BE,Belgium,forename,65,Sylvie,sylvie-fn,F,5209
BE,Belgium,forename,66,Monique,monique-fn,F,5014
BE,Belgium,forename,67,Laurent,laurent-fn,M,4984
BE,Belgium,forename,68,Marleen,marleen-fn,F,4983
BE,Belgium,forename,69,Guy,guy-fn,M,4965
BE,Belgium,forename,70,Ali,ali-fn,M;F,4959
BE,Belgium,forename,71,Koen,koen-fn,M,4953
BE,Belgium,forename,72,Eddy,eddy-fn,M,4910
BE,Belgium,forename,73,Ahmed,ahmed-fn,M,4887
BE,Belgium,forename,74,Christian,christian-fn,M;F,4849
BE,Belgium,forename,75,Charlotte,charlotte-fn,F,4792
BE,Belgium,forename,76,Hilde,hilde-fn,F,4780
BE,Belgium,forename,77,Danny,danny-fn,M;F,4761
BE,Belgium,forename,78,Thierry,thierry-fn,M,4726
BE,Belgium,forename,79,Maxime,maxime-fn,M;F,4649
BE,Belgium,forename,80,Andre,andre-fn,M;F,4603
BE,Belgium,forename,81,Yves,yves-fn,M,4596
BE,Belgium,forename,82,Ingrid,ingrid-fn,F,4576
BE,Belgium,forename,83,Kim,kim-fn,F;M,4531
BE,Belgium,forename,84,Céline,celine-fn,F,4436
BE,Belgium,forename,85,Brigitte,brigitte-fn,F,4420
BE,Belgium,forename,86,Stijn,stijn-fn,M,4392
BE,Belgium,forename,87,Tim,tim-fn,M,4388
BE,Belgium,forename,88,François,francois-fn,M,4381
BE,Belgium,forename,89,Ghislaine,ghislaine-fn,F,4364
BE,Belgium,forename,90,Sabine,sabine-fn,F,4362
BE,Belgium,forename,91,Nadine,nadine-fn,F,4349
BE,Belgium,forename,92,Didier,didier-fn,M,4329
BE,Belgium,forename,93,Frank,frank-fn,M,4319
BE,Belgium,forename,94,Katrien,katrien-fn,F,4156
BE,Belgium,forename,95,Wendy,wendy-fn,F,4141
BE,Belgium,forename,96,Simon,simon-fn,M,4113
BE,Belgium,forename,97,Vanessa,vanessa-fn,F,4100
BE,Belgium,forename,98,Alex,alex-fn,M;F,4065
BE,Belgium,forename,99,Kelly,kelly-fn,F;M,3894
BE,Belgium,forename,100,Catherine,catherine-fn,F,3857
BE,Belgium,surname,1,Peeters,peeters-sn,M;F,6637
BE,Belgium,surname,2,Janssens,janssens-sn,M;F,5959
BE,Belgium,surname,3,Maes,maes-sn,M;F,5160
BE,Belgium,surname,4,Jacobs,jacobs-sn,M;F,4012
BE,Belgium,surname,5,Mertens,mertens-sn,M;F,3682
BE,Belgium,surname,6,Willems,willems-sn,M;F,3631
BE,Belgium,surname,7,Claes,claes-sn,M;F,3349
BE,Belgium,surname,8,Wouters,wouters-sn,M;F,3196
BE,Belgium,surname,9,Goossens,goossens-sn,M;F,2983
BE,Belgium,surname,10,Dubois,dubois-sn,M;F,2924
BE,Belgium,surname,11,Vermeulen,vermeulen-sn,M;F,2734
BE,Belgium,surname,12,De Smet,de-smet-sn,M;F,2627
BE,Belgium,surname,13,Diallo,diallo-sn,M;F,2619
BE,Belgium,surname,14,Hermans,hermans-sn,M;F,2556
BE,Belgium,surname,15,Pauwels,pauwels-sn,M;F,2529
BE,Belgium,surname,16,Aerts,aerts-sn,M;F,2484
BE,Belgium,surname,17,Dupont,dupont-sn,M,2449
BE,Belgium,surname,18,El,el-sn,M;F,2399
BE,Belgium,surname,19,Lambert,lambert-sn,M;F,2298
BE,Belgium,surname,20,Michiels,michiels-sn,M;F,2240
BE,Belgium,surname,21,Smets,smets-sn,M;F,2118
BE,Belgium,surname,22,Ali,ali-sn,M;F,1787
BE,Belgium,surname,23,Van Dijk,van-dijk-sn,,1500
BE,Belgium,surname,24,Singh,singh-sn,M;F,1485
BE,Belgium,surname,25,Ben,ben-sn,M;F,1483
BE,Belgium,surname,26,Khan,khan-sn,M;F,1372
BE,Belgium,surname,27,Mohamed,mohamed-sn,M;F,1367
BE,Belgium,surname,28,Martens,martens-sn,M;F,1210
BE,Belgium,surname,29,Ahmed,ahmed-sn,M;F,1158
BE,Belgium,surname,30,Martin,martin-sn,M;F,1144
BE,Belgium,surname,31,Janssen,janssen-sn,,1134
BE,Belgium,surname,32,David,david-sn,M;F,1082
BE,Belgium,surname,33,Van Damme,van-damme-sn,M,1067
BE,Belgium,surname,34,Desmet,desmet-sn,M,1061
BE,Belgium,surname,35,De Vos,de-vos-sn,M;F,1047
BE,Belgium,surname,36,Michel,michel-sn,M;F,1039
BE,Belgium,surname,37,Hassan,hassan-sn,F;M,664
BE,Belgium,surname,38,Ma,ma-sn,F;M,604
BE,Belgium,surname,39,Chevalier,chevalier-sn,F;M,475
BE,Belgium,surname,40,Leblanc,leblanc-sn,F;M,276
BE,Belgium,surname,41,Le,le-sn,F;M,248
BE,Belgium,surname,42,Popa,popa-sn,F;M,209
BE,Belgium,surname,43,Vasile,vasile-sn,F;M,208
BE,Belgium,surname,44,Dia,dia-sn,,206
BE,Belgium,surname,45,Caroline,caroline-sn,,195
BE,Belgium,surname,46,Kavak,kavak-sn,F;M,188
BE,Belgium,surname,47,Bonnet,bonnet-sn,F;M,185
BE,Belgium,surname,48,Fall,fall-sn,,165
BE,Belgium,surname,49,Didi,didi-sn,F;M,146
BE,Belgium,surname,50,Angelo,angelo-sn,,137
BE,Belgium,surname,51,Leroux,leroux-sn,,132
BE,Belgium,surname,52,Sanfilippo,sanfilippo-sn,F;M,105
BE,Belgium,surname,53,Zhao,zhao-sn,F;M,101
BE,Belgium,surname,54,Viola,viola-sn,M;F,95
BE,Belgium,surname,55,Raymond,raymond-sn,F;M,94
BE,Belgium,surname,56,Zara,zara-sn,F;M,94
BE,Belgium,surname,57,Michele,michele-sn,F;M,86
BE,Belgium,surname,58,Power,power-sn,,86
BE,Belgium,surname,59,Mariam,mariam-sn,F;M,81
BE,Belgium,surname,60,Zheng,zheng-sn,F;M,81
BE,Belgium,surname,61,Seven,seven-sn,F;M,78
BE,Belgium,surname,62,Ayman,ayman-sn,F;M,77
BE,Belgium,surname,63,Bachir,bachir-sn,F;M,76
BE,Belgium,surname,64,Iacono,iacono-sn,,76
BE,Belgium,surname,65,Mancuso,mancuso-sn,F;M,73
BE,Belgium,surname,66,Moro,moro-sn,F;M,73
BE,Belgium,surname,67,Faria,faria-sn,,72
BE,Belgium,surname,68,Işık,isik-sn,F;M,72
BE,Belgium,surname,69,Kar,kar-sn,F;M,72
BE,Belgium,surname,70,Warda,warda-sn,,69
BE,Belgium,surname,71,Dev,dev-sn,F;M,66
BE,Belgium,surname,72,Rm,rm-sn,F;M,61
BE,Belgium,surname,73,Houari,houari-sn,F;M,60
BE,Belgium,surname,74,Parra,parra-sn,F;M,57
BE,Belgium,surname,75,La Rocca,la-rocca-sn,,56
BE,Belgium,surname,76,Castellano,castellano-sn,,53
BE,Belgium,surname,77,Battista,battista-sn,,51
BE,Belgium,surname,78,Jana,jana-sn,F;M,49
BE,Belgium,surname,79,Arıkan,arikan-sn,F;M,44
BE,Belgium,surname,80,Loi,loi-sn,F;M,41
BE,Belgium,surname,81,Peker,peker-sn,F;M,41
BE,Belgium,surname,82,Dekker,dekker-sn,F;M,40
BE,Belgium,surname,83,Massimo,massimo-sn,F;M,40
BE,Belgium,surname,84,Agha,agha-sn,F;M,39
BE,Belgium,surname,85,Avşar,avsar-sn,F;M,39
BE,Belgium,surname,86,Taşçı,tasci-sn,F;M,39
BE,Belgium,surname,87,Haidar,haidar-sn,F;M,38
BE,Belgium,surname,88,Amen,amen-sn,F;M,37
BE,Belgium,surname,89,Kandil,kandil-sn,,37
BE,Belgium,surname,90,Manar,manar-sn,F;M,36
BE,Belgium,surname,91,Tarek,tarek-sn,M;F,36
BE,Belgium,surname,92,Murgia,murgia-sn,F;M,35
BE,Belgium,surname,93,Cosentino,cosentino-sn,F;M,34
BE,Belgium,surname,94,Zidan,zidan-sn,F;M,33
BE,Belgium,surname,95,Donati,donati-sn,F;M,32
BE,Belgium,surname,96,Dağlı,dagli-sn,,31
BE,Belgium,surname,97,Dib,dib-sn,F;M,31
BE,Belgium,surname,98,Perri,perri-sn,F;M,31
BE,Belgium,surname,99,Gharib,gharib-sn,,30
BE,Belgium,surname,100,Granata,granata-sn,F;M,29
BF,Burkina Faso,forename,1,Biba,biba-fn,F;M,10
BF,Burkina Faso,forename,2,Ange,ange-fn,F;M,2
BF,Burkina Faso,surname,1,Mariam,mariam-sn,F;M,5
BG,Bulgaria,forename,1,Ivan,ivan-fn,M,7266
BG,Bulgaria,forename,2,Georgi,georgi-fn,M,7164
BG,Bulgaria,forename,3,Evgeny,evgeny-fn,M,3364
BG,Bulgaria,forename,4,Dimitar,dimitar-fn,M,2909
BG,Bulgaria,forename,5,Димитър,dimitur-fn,M,1949
BG,Bulgaria,forename,6,Мария,mariya-fn,F,1873
BG,Bulgaria,forename,7,Elena,elena-fn,F;M,1856
BG,Bulgaria,forename,8,Николай,nikolaj-fn,M,1854
BG,Bulgaria,forename,9,Nikolay,nikolay-fn,M,1792
BG,Bulgaria,forename,10,Plamen,plamen-fn,M,1711
BG,Bulgaria,forename,11,Stefan,stefan-fn,M,1710
BG,Bulgaria,forename,12,Hristo,hristo-fn,M,1582
BG,Bulgaria,forename,13,Petar,petar-fn,M,1577
BG,Bulgaria,forename,14,Martin,martin-fn,M,1559
BG,Bulgaria,forename,15,Nikolai,nikolai-fn,M,1510
BG,Bulgaria,forename,16,Krasimir,krasimir-fn,M,1339
BG,Bulgaria,forename,17,Todor,todor-fn,M,1311
BG,Bulgaria,forename,18,Emil,emil-fn,M,1310
BG,Bulgaria,forename,19,Петър,petur-fn,M,1287
BG,Bulgaria,forename,20,Angel,angel-fn,F;M,1270
BG,Bulgaria,forename,21,Atanas,atanas-fn,M,1266
BG,Bulgaria,forename,22,Daniela,daniela-fn,F,1228
BG,Bulgaria,forename,23,Vasil,vasil-fn,M,1170
BG,Bulgaria,forename,24,Desislava,desislava-fn,F,1149
BG,Bulgaria,forename,25,Valentin,valentin-fn,M,1080
BG,Bulgaria,forename,26,Vladimir,vladimir-fn,M,1071
BG,Bulgaria,forename,27,Gergana,gergana-fn,F,1045
BG,Bulgaria,forename,28,Diana,diana-fn,F,1031
BG,Bulgaria,forename,29,Александър,aleksandur-fn,M,1025
BG,Bulgaria,forename,30,Marin,marin-fn,F;M,497
BG,Bulgaria,forename,31,Günay,gunay-fn,F,149
BG,Bulgaria,forename,32,Stella,stella-fn,F;M,124
BG,Bulgaria,forename,33,Sevil,sevil-fn,F,77
BG,Bulgaria,forename,34,Hakan,hakan-fn,F;M,63
BG,Bulgaria,forename,35,Nazmi,nazmi-fn,M,62
BG,Bulgaria,forename,36,Hilmi,hilmi-fn,F;M,41
BG,Bulgaria,forename,37,Valery,valery-fn,F;M,28
BG,Bulgaria,forename,38,Saniye,saniye-fn,F;M,24
BG,Bulgaria,forename,39,Tomislav,tomislav-fn,M,23
BG,Bulgaria,forename,40,Ilkay,ilkay-fn,F;M,22
BG,Bulgaria,forename,41,Polat,polat-fn,F;M,15
BG,Bulgaria,forename,42,Rahmi,rahmi-fn,F;M,15
BG,Bulgaria,forename,43,Gökhan,gokhan-fn,F;M,13
BG,Bulgaria,forename,44,Naci,naci-fn,F;M,13
BG,Bulgaria,forename,45,Krista,krista-fn,F;M,11
BG,Bulgaria,forename,46,Doriana,doriana-fn,F;M,10
BG,Bulgaria,forename,47,Didem,didem-fn,F;M,9
BG,Bulgaria,forename,48,Ульяна,ulyana-fn,F,9
BG,Bulgaria,forename,49,Emmy,emmy-fn,F;M,8
BG,Bulgaria,forename,50,Ghassan,ghassan-fn,F;M,8
BG,Bulgaria,forename,51,Maximilian,maximilian-fn,F;M,8
BG,Bulgaria,forename,52,Mirosław,miroslaw-fn,M,8
BG,Bulgaria,forename,53,Yury,yury-fn,F;M,8
BG,Bulgaria,forename,54,Beata,beata-fn,F;M,7
BG,Bulgaria,forename,55,Eylül,eylul-fn,F;M,6
BG,Bulgaria,forename,56,Pelin,pelin-fn,F;M,6
BG,Bulgaria,forename,57,Cahit,cahit-fn,F;M,5
BG,Bulgaria,forename,58,Ecem,ecem-fn,F;M,5
BG,Bulgaria,forename,59,Maki,maki-fn,F;M,4
BG,Bulgaria,forename,60,Sissi,sissi-fn,F;M,4
BG,Bulgaria,forename,61,Biba,biba-fn,F;M,3
BG,Bulgaria,forename,62,Eşref,esref-fn,M,3
BG,Bulgaria,forename,63,Neva,neva-fn,F;M,3
BG,Bulgaria,forename,64,Nura,nura-fn,F;M,3
BG,Bulgaria,forename,65,Ash,ash-fn,F;M,2
BG,Bulgaria,forename,66,Eyal,eyal-fn,F;M,2
BG,Bulgaria,forename,67,Faty,faty-fn,F;M,2
BG,Bulgaria,forename,68,Halis,halis-fn,F;M,2
BG,Bulgaria,forename,69,Krzysztof,krzysztof-fn,F;M,2
BG,Bulgaria,forename,70,Rina,rina-fn,F;M,2
BG,Bulgaria,forename,71,Seyfettin,seyfettin-fn,M,2
BG,Bulgaria,forename,72,Yohana,yohana-fn,F;M,2
BG,Bulgaria,surname,1,Ivanov,ivanov-sn,M,7294
BG,Bulgaria,surname,2,Ivanova,ivanova-sn,F,6780
BG,Bulgaria,surname,3,Georgiev,georgiev-sn,,5289
BG,Bulgaria,surname,4,Dimitrov,dimitrov-sn,M,5119
BG,Bulgaria,surname,5,Georgieva,georgieva-sn,F,5003
BG,Bulgaria,surname,6,Dimitrova,dimitrova-sn,F,4952
BG,Bulgaria,surname,7,Petrov,petrov-sn,M,3778
BG,Bulgaria,surname,8,Petrova,petrova-sn,F,3472
BG,Bulgaria,surname,9,Nikolov,nikolov-sn,M,3014
BG,Bulgaria,surname,10,Belov,belov-sn,F;M,3000
BG,Bulgaria,surname,11,Nikolova,nikolova-sn,F,2778
BG,Bulgaria,surname,12,Hristov,hristov-sn,M,1631
BG,Bulgaria,surname,13,Todorov,todorov-sn,M,1579
BG,Bulgaria,surname,14,Hristova,hristova-sn,F,1461
BG,Bulgaria,surname,15,Angelov,angelov-sn,M,1431
BG,Bulgaria,surname,16,Todorova,todorova-sn,F,1426
BG,Bulgaria,surname,17,Iliev,iliev-sn,M,1366
BG,Bulgaria,surname,18,Vasilev,vasilev-sn,M,1225
BG,Bulgaria,surname,19,Atanasov,atanasov-sn,M,1171
BG,Bulgaria,surname,20,Angelova,angelova-sn,F,1161
BG,Bulgaria,surname,21,Ilieva,ilieva-sn,F,1141
BG,Bulgaria,surname,22,Vasileva,vasileva-sn,F,1097
BG,Bulgaria,surname,23,Petkov,petkov-sn,M,1080
BG,Bulgaria,surname,24,Marinov,marinov-sn,M,1039
BG,Bulgaria,surname,25,Atanasova,atanasova-sn,F,1009
BG,Bulgaria,surname,26,Николаев,nikolaev-sn,F;M,178
BG,Bulgaria,surname,27,Seven,seven-sn,F;M,34
BG,Bulgaria,surname,28,Terzi,terzi-sn,,18
BG,Bulgaria,surname,29,Power,power-sn,,17
BG,Bulgaria,surname,30,Didi,didi-sn,F;M,12
BG,Bulgaria,surname,31,Memiş,memis-sn,F;M,11
BG,Bulgaria,surname,32,Hassan,hassan-sn,F;M,9
BG,Bulgaria,surname,33,Peker,peker-sn,F;M,9
BG,Bulgaria,surname,34,Zidan,zidan-sn,F;M,9
BG,Bulgaria,surname,35,Popa,popa-sn,F;M,8
BG,Bulgaria,surname,36,Zara,zara-sn,F;M,6
BG,Bulgaria,surname,37,Angelo,angelo-sn,,5
BG,Bulgaria,surname,38,Jana,jana-sn,F;M,5
BG,Bulgaria,surname,39,Kar,kar-sn,F;M,5
BG,Bulgaria,surname,40,Ma,ma-sn,F;M,5
BG,Bulgaria,surname,41,Dev,dev-sn,F;M,4
BG,Bulgaria,surname,42,Işık,isik-sn,F;M,4
BG,Bulgaria,surname,43,Le,le-sn,F;M,4
BG,Bulgaria,surname,44,Омарова,omarova-sn,F;M,4
BG,Bulgaria,surname,45,Dib,dib-sn,F;M,3
BG,Bulgaria,surname,46,Степанов,stepanov-sn,F;M,3
BG,Bulgaria,surname,47,Dia,dia-sn,,2
BG,Bulgaria,surname,48,Duma,duma-sn,F;M,2
BG,Bulgaria,surname,49,Фролова,frolova-sn,F;M,2
BG,Bulgaria,surname,50,Groß,gross-sn,,2
BG,Bulgaria,surname,51,Haidar,haidar-sn,F;M,2
BG,Bulgaria,surname,52,Kavak,kavak-sn,F;M,2
BG,Bulgaria,surname,53,Moro,moro-sn,F;M,2
BG,Bulgaria,surname,54,مؤمن,mumn-sn,F;M,2
BG,Bulgaria,surname,55,Rm,rm-sn,F;M,2
BG,Bulgaria,surname,56,Selçuk,selcuk-sn,F;M,2
BG,Bulgaria,surname,57,Tyler,tyler-sn,,2
BG,Bulgaria,surname,58,Yanık,yanik-sn,F;M,2
BH,Bahrain,forename,1,Md,md-fn,M;F,82234
BH,Bahrain,forename,2,Mohamed,mohamed-fn,M,49588
BH,Bahrain,forename,3,Ahmed,ahmed-fn,M,16152
BH,Bahrain,forename,4,Ali,ali-fn,M;F,14608
BH,Bahrain,forename,5,Mohammed,mohammed-fn,M;F,12771
BH,Bahrain,forename,6,Muhammad,muhammad-fn,M;F,9946
BH,Bahrain,forename,7,محمد,mhmd-fn,M;F,8233
BH,Bahrain,forename,8,Abdul,abdul-fn,M,8195
BH,Bahrain,forename,9,Mohammad,mohammad-fn,M;F,7732
BH,Bahrain,forename,10,Hussein,hussein-fn,M;F,7583
BH,Bahrain,forename,11,Hassan,hassan-fn,M;F,7487
BH,Bahrain,forename,12,Hussain,hussain-fn,M,5422
BH,Bahrain,forename,13,Abdulla,abdulla-fn,M,4817
BH,Bahrain,forename,14,علي,aly-fn,M;F,4279
BH,Bahrain,forename,15,Mohd,mohd-fn,M;F,4055
BH,Bahrain,forename,16,Mariam,mariam-fn,F;M,3588
BH,Bahrain,forename,17,احمد,ahmd-fn,M;F,3555
BH,Bahrain,forename,18,Ibrahim,ibrahim-fn,M;F,3491
BH,Bahrain,forename,19,Noor,noor-fn,M;F,2910
BH,Bahrain,forename,20,Nour,nour-fn,F;M,2910
BH,Bahrain,forename,21,Khaled,khaled-fn,M,2844
BH,Bahrain,forename,22,Khalid,khalid-fn,M;F,2844
BH,Bahrain,forename,23,Salman,salman-fn,M;F,2749
BH,Bahrain,forename,24,Abu,abu-fn,M;F,2741
BH,Bahrain,forename,25,Zainab,zainab-fn,F;M,2716
BH,Bahrain,forename,26,عبدالله,abdallh-fn,M,2553
BH,Bahrain,forename,27,Sara,sara-fn,F;M,2551
BH,Bahrain,forename,28,Raju,raju-fn,M;F,2464
BH,Bahrain,forename,29,Yousif,yousif-fn,M,2357
BH,Bahrain,forename,30,Faisal,faisal-fn,M;F,2281
BH,Bahrain,forename,31,Rajesh,rajesh-fn,M,2280
BH,Bahrain,forename,32,Suresh,suresh-fn,M,2257
BH,Bahrain,forename,33,Ebrahim,ebrahim-fn,M,2209
BH,Bahrain,forename,34,Mahmood,mahmood-fn,M,2176
BH,Bahrain,forename,35,Mahmoud,mahmoud-fn,M,2176
BH,Bahrain,forename,36,حسين,hsyn-fn,M;F,2161
BH,Bahrain,forename,37,Um,um-fn,F;M,2137
BH,Bahrain,forename,38,Ramesh,ramesh-fn,M,2133
BH,Bahrain,forename,39,Raja,raja-fn,M;F,1923
BH,Bahrain,forename,40,Kamal,kamal-fn,M;F,1914
BH,Bahrain,forename,41,Muhammed,muhammed-fn,M;F,1904
BH,Bahrain,forename,42,Sayed,sayed-fn,M;F,1837
BH,Bahrain,forename,43,Rana,rana-fn,M;F,1798
BH,Bahrain,forename,44,Hasan,hasan-fn,M;F,1776
BH,Bahrain,forename,45,خالد,khald-fn,M,1754
BH,Bahrain,forename,46,Imran,imran-fn,M;F,1743
BH,Bahrain,forename,47,Ram,ram-fn,M;F,1665
BH,Bahrain,forename,48,حسن,hsn-fn,M;F,1663
BH,Bahrain,forename,49,Sunil,sunil-fn,M,1659
BH,Bahrain,forename,50,Malak,malak-fn,F,1657
BH,Bahrain,forename,51,Malik,malik-fn,M;F,1657
BH,Bahrain,forename,52,Raj,raj-fn,M;F,1649
BH,Bahrain,forename,53,Ahmad,ahmad-fn,M;F,1638
BH,Bahrain,forename,54,Anil,anil-fn,M,1612
BH,Bahrain,forename,55,Hamad,hamad-fn,M,1608
BH,Bahrain,forename,56,ابو,abw-fn,M;F,1607
BH,Bahrain,forename,57,Jamal,jamal-fn,M;F,1565
BH,Bahrain,forename,58,Ravi,ravi-fn,M,1528
BH,Bahrain,forename,59,Jassim,jassim-fn,M,1513
BH,Bahrain,forename,60,Abdullah,abdullah-fn,M,1481
BH,Bahrain,forename,61,Babu,babu-fn,M,1473
BH,Bahrain,forename,62,Abul,abul-fn,M,1451
BH,Bahrain,forename,63,Zahra,zahra-fn,F,1393
BH,Bahrain,forename,64,Eman,eman-fn,F;M,1386
BH,Bahrain,forename,65,Rashid,rashid-fn,M,1382
BH,Bahrain,forename,66,Monir,monir-fn,M,1378
BH,Bahrain,forename,67,Omar,omar-fn,M;F,1355
BH,Bahrain,forename,68,Sumon,sumon-fn,M,1346
BH,Bahrain,forename,69,Manoj,manoj-fn,M,1339
BH,Bahrain,forename,70,يوسف,ywsf-fn,M;F,1288
BH,Bahrain,forename,71,Anwar,anwar-fn,M,1265
BH,Bahrain,forename,72,Abbas,abbas-fn,M,1263
BH,Bahrain,forename,73,Arif,arif-fn,M,1263
BH,Bahrain,forename,74,Ismail,ismail-fn,M,1253
BH,Bahrain,forename,75,Khan,khan-fn,M;F,1252
BH,Bahrain,forename,76,Maryam,maryam-fn,F,1250
BH,Bahrain,forename,77,ام,am-fn,F;M,1239
BH,Bahrain,forename,78,Amir,amir-fn,M;F,1235
BH,Bahrain,forename,79,Nasir,nasir-fn,M;F,1233
BH,Bahrain,forename,80,Nasser,nasser-fn,M;F,1233
BH,Bahrain,forename,81,Kumar,kumar-fn,M,1213
BH,Bahrain,forename,82,Ashraf,ashraf-fn,M,1186
BH,Bahrain,forename,83,Al,al-fn,M;F,1181
BH,Bahrain,forename,84,Fahad,fahad-fn,M;F,1153
BH,Bahrain,forename,85,Isa,isa-fn,F;M,1140
BH,Bahrain,forename,86,Shahid,shahid-fn,M;F,1129
BH,Bahrain,forename,87,Vinod,vinod-fn,M,1120
BH,Bahrain,forename,88,Adnan,adnan-fn,M,1113
BH,Bahrain,forename,89,John,john-fn,M,1108
BH,Bahrain,forename,90,Saiful,saiful-fn,M,1100
BH,Bahrain,forename,91,Asif,asif-fn,M;F,1078
BH,Bahrain,forename,92,Prince,prince-fn,M,1072
BH,Bahrain,forename,93,Habib,habib-fn,M;F,1062
BH,Bahrain,forename,94,Jahangir,jahangir-fn,M,1035
BH,Bahrain,forename,95,Arun,arun-fn,M,1007
BH,Bahrain,forename,96,Amal,amal-fn,F;M,1006
BH,Bahrain,forename,97,Noora,noora-fn,F;M,844
BH,Bahrain,forename,98,Srinivas,srinivas-fn,F;M,770
BH,Bahrain,forename,99,Shan,shan-fn,F;M,304
BH,Bahrain,forename,100,Dil,dil-fn,F;M,297
BH,Bahrain,surname,1,Khan,khan-sn,M;F,30395
BH,Bahrain,surname,2,Ali,ali-sn,M;F,25446
BH,Bahrain,surname,3,Ahmed,ahmed-sn,M;F,24071
BH,Bahrain,surname,4,Mohamed,mohamed-sn,M;F,17970
BH,Bahrain,surname,5,Kumar,kumar-sn,M;F,17209
BH,Bahrain,surname,6,Singh,singh-sn,M;F,12788
BH,Bahrain,surname,7,Hossain,hossain-sn,M;F,11388
BH,Bahrain,surname,8,Islam,islam-sn,M;F,9454
BH,Bahrain,surname,9,Miah,miah-sn,M;F,5458
BH,Bahrain,surname,10,Mohammed,mohammed-sn,M;F,5392
BH,Bahrain,surname,11,Alam,alam-sn,M;F,5310
BH,Bahrain,surname,12,Uddin,uddin-sn,M;F,5263
BH,Bahrain,surname,13,Abdullah,abdullah-sn,M;F,5082
BH,Bahrain,surname,14,Hussain,hussain-sn,M;F,4974
BH,Bahrain,surname,15,Rahman,rahman-sn,M;F,4886
BH,Bahrain,surname,16,Ahmad,ahmad-sn,M;F,4662
BH,Bahrain,surname,17,Hassan,hassan-sn,F;M,4333
BH,Bahrain,surname,18,Abdulla,abdulla-sn,M;F,3814
BH,Bahrain,surname,19,محمد,mhmd-sn,M;F,3732
BH,Bahrain,surname,20,Ibrahim,ibrahim-sn,M;F,3555
BH,Bahrain,surname,21,Hasan,hasan-sn,M;F,3528
BH,Bahrain,surname,22,Rana,rana-sn,M;F,3390
BH,Bahrain,surname,23,علي,aly-sn,M;F,3111
BH,Bahrain,surname,24,Raj,raj-sn,M;F,3042
BH,Bahrain,surname,25,Das,das-sn,M;F,2937
BH,Bahrain,surname,26,Mohd,mohd-sn,M;F,2769
BH,Bahrain,surname,27,Yadav,yadav-sn,M;F,2751
BH,Bahrain,surname,28,Baloch,baloch-sn,M,2292
BH,Bahrain,surname,29,Mia,mia-sn,M;F,2292
BH,Bahrain,surname,30,Babu,babu-sn,M;F,2276
BH,Bahrain,surname,31,Ebrahim,ebrahim-sn,F;M,2156
BH,Bahrain,surname,32,احمد,ahmd-sn,M;F,2063
BH,Bahrain,surname,33,Kamal,kamal-sn,M;F,1982
BH,Bahrain,surname,34,Salman,salman-sn,M;F,1981
BH,Bahrain,surname,35,Mohammad,mohammad-sn,M;F,1978
BH,Bahrain,surname,36,Ansari,ansari-sn,M;F,1965
BH,Bahrain,surname,37,Malik,malik-sn,M;F,1912
BH,Bahrain,surname,38,Iqbal,iqbal-sn,M;F,1902
BH,Bahrain,surname,39,Rai,rai-sn,M;F,1873
BH,Bahrain,surname,40,Amin,amin-sn,M;F,1810
BH,Bahrain,surname,41,Amine,amine-sn,M;F,1810
BH,Bahrain,surname,42,Farouk,farouk-sn,M;F,1729
BH,Bahrain,surname,43,Faruk,faruk-sn,M,1729
BH,Bahrain,surname,44,Ram,ram-sn,M;F,1727
BH,Bahrain,surname,45,Chauhan,chauhan-sn,M;F,1717
BH,Bahrain,surname,46,Sumon,sumon-sn,M,1710
BH,Bahrain,surname,47,Jamal,jamal-sn,M;F,1693
BH,Bahrain,surname,48,الدوسري,aldwsry-sn,M;F,1691
BH,Bahrain,surname,49,Thomas,thomas-sn,M;F,1687
BH,Bahrain,surname,50,Ullah,ullah-sn,M;F,1670
BH,Bahrain,surname,51,Muhammad,muhammad-sn,M;F,1661
BH,Bahrain,surname,52,Raju,raju-sn,M,1633
BH,Bahrain,surname,53,Akter,akter-sn,F;M,1603
BH,Bahrain,surname,54,Abbas,abbas-sn,M;F,1590
BH,Bahrain,surname,55,Khaled,khaled-sn,M;F,1518
BH,Bahrain,surname,56,Khalid,khalid-sn,M;F,1518
BH,Bahrain,surname,57,Lal,lal-sn,M,1477
BH,Bahrain,surname,58,Monir,monir-sn,M;F,1473
BH,Bahrain,surname,59,Habib,habib-sn,M;F,1436
BH,Bahrain,surname,60,Yousef,yousef-sn,M;F,1431
BH,Bahrain,surname,61,Yousif,yousif-sn,M;F,1431
BH,Bahrain,surname,62,Mamun,mamun-sn,M,1389
BH,Bahrain,surname,63,Gujjar,gujjar-sn,M;F,1378
BH,Bahrain,surname,64,Shaikh,shaikh-sn,M;F,1377
BH,Bahrain,surname,65,Nair,nair-sn,M;F,1374
BH,Bahrain,surname,66,Gurung,gurung-sn,M;F,1367
BH,Bahrain,surname,67,Love,love-sn,F;M,1337
BH,Bahrain,surname,68,Raja,raja-sn,M;F,1333
BH,Bahrain,surname,69,Magar,magar-sn,M;F,1330
BH,Bahrain,surname,70,Prasad,prasad-sn,M;F,1327
BH,Bahrain,surname,71,Isa,isa-sn,,1322
BH,Bahrain,surname,72,Mahmood,mahmood-sn,M;F,1308
BH,Bahrain,surname,73,Mahmoud,mahmoud-sn,M;F,1308
BH,Bahrain,surname,74,Shah,shah-sn,M;F,1290
BH,Bahrain,surname,75,Jassim,jassim-sn,M,1288
BH,Bahrain,surname,76,عبدالله,abdallh-sn,M;F,1274
BH,Bahrain,surname,77,John,john-sn,M;F,1245
BH,Bahrain,surname,78,Mathew,mathew-sn,M;F,1211
BH,Bahrain,surname,79,Rashid,rashid-sn,M;F,1200
BH,Bahrain,surname,80,Arif,arif-sn,M;F,1194
BH,Bahrain,surname,81,Thapa,thapa-sn,M;F,1171
BH,Bahrain,surname,82,Noor,noor-sn,M;F,1160
BH,Bahrain,surname,83,Nour,nour-sn,F;M,1160
BH,Bahrain,surname,84,Joseph,joseph-sn,M;F,1156
BH,Bahrain,surname,85,Jutt,jutt-sn,M;F,1142
BH,Bahrain,surname,86,Aziz,aziz-sn,M;F,1123
BH,Bahrain,surname,87,Alom,alom-sn,M,1098
BH,Bahrain,surname,88,Varghese,varghese-sn,M,1097
BH,Bahrain,surname,89,Salem,salem-sn,M;F,1094
BH,Bahrain,surname,90,Salim,salim-sn,M;F,1094
BH,Bahrain,surname,91,حسن,hsn-sn,M;F,1089
BH,Bahrain,surname,92,Anwar,anwar-sn,M;F,1070
BH,Bahrain,surname,93,Saeed,saeed-sn,M;F,1070
BH,Bahrain,surname,94,Said,said-sn,M;F,1070
BH,Bahrain,surname,95,George,george-sn,M;F,1064
BH,Bahrain,surname,96,Rubel,rubel-sn,M,1062
BH,Bahrain,surname,97,Kalam,kalam-sn,M,1056
BH,Bahrain,surname,98,Salah,salah-sn,M;F,1025
BH,Bahrain,surname,99,Saleh,saleh-sn,M;F,1025
BH,Bahrain,surname,100,Khalil,khalil-sn,M;F,1024
BI,Burundi,forename,1,Jeanine,jeanine-fn,F;M,52
BI,Burundi,forename,2,Ange,ange-fn,F;M,22
BI,Burundi,forename,3,Emmanuella,emmanuella-fn,F;M,8
BI,Burundi,forename,4,Faty,faty-fn,F;M,2
BI,Burundi,forename,5,Ibra,ibra-fn,M,2
BI,Burundi,forename,6,Nura,nura-fn,F;M,2
BI,Burundi,forename,7,Valery,valery-fn,F;M,2
BI,Burundi,surname,1,Hassan,hassan-sn,F;M,21
BI,Burundi,surname,2,Rahma,rahma-sn,F;M,4
BI,Burundi,surname,3,Mariam,mariam-sn,F;M,3
BI,Burundi,surname,4,Didi,didi-sn,F;M,2
BN,Brunei,forename,1,Md,md-fn,M;F,2840
BN,Brunei,forename,2,Rina,rina-fn,F;M,148
BN,Brunei,forename,3,Ct,ct-fn,F;M,131
BN,Brunei,forename,4,Aisyah,aisyah-fn,F;M,90
BN,Brunei,forename,5,Boy,boy-fn,M,79
BN,Brunei,forename,6,Rosli,rosli-fn,F;M,69
BN,Brunei,forename,7,Faridah,faridah-fn,F;M,55
BN,Brunei,forename,8,Aina,aina-fn,F;M,54
BN,Brunei,forename,9,Ham,ham-fn,F;M,50
BN,Brunei,forename,10,Hilmi,hilmi-fn,F;M,50
BN,Brunei,forename,11,Ash,ash-fn,F;M,43
BN,Brunei,forename,12,Elaine,elaine-fn,F;M,35
BN,Brunei,forename,13,Nazmi,nazmi-fn,M,27
BN,Brunei,forename,14,Zainab,zainab-fn,F;M,25
BN,Brunei,forename,15,Elena,elena-fn,F;M,23
BN,Brunei,forename,16,Stella,stella-fn,F;M,23
BN,Brunei,forename,17,Sofie,sofie-fn,F;M,20
BN,Brunei,forename,18,Lukman,lukman-fn,M,16
BN,Brunei,forename,19,Wahab,wahab-fn,F;M,16
BN,Brunei,forename,20,Dil,dil-fn,F;M,14
BN,Brunei,forename,21,Nahid,nahid-fn,F;M,12
BN,Brunei,forename,22,Noora,noora-fn,F;M,10
BN,Brunei,forename,23,Sathish,sathish-fn,M,10
BN,Brunei,forename,24,Shan,shan-fn,F;M,10
BN,Brunei,forename,25,Zahir,zahir-fn,F;M,10
BN,Brunei,forename,26,Chika,chika-fn,F;M,9
BN,Brunei,forename,27,Nura,nura-fn,F;M,8
BN,Brunei,forename,28,Faysal,faysal-fn,M,7
BN,Brunei,forename,29,Suhail,suhail-fn,F;M,7
BN,Brunei,forename,30,Алмас,almas-fn,M;F,6
BN,Brunei,forename,31,Eleanor,eleanor-fn,F,5
BN,Brunei,forename,32,Emmy,emmy-fn,F;M,5
BN,Brunei,forename,33,Letty,letty-fn,F;M,5
BN,Brunei,forename,34,Jef,jef-fn,F;M,4
BN,Brunei,forename,35,Carolina,carolina-fn,F;M,3
BN,Brunei,forename,36,Rahmi,rahmi-fn,F;M,3
BN,Brunei,forename,37,Riyad,riyad-fn,F;M,3
BN,Brunei,forename,38,Seema,seema-fn,F;M,3
BN,Brunei,forename,39,Sidney,sidney-fn,F;M,3
BN,Brunei,forename,40,Sina,sina-fn,F;M,3
BN,Brunei,forename,41,Yohana,yohana-fn,F;M,3
BN,Brunei,forename,42,Aide,aide-fn,F;M,2
BN,Brunei,forename,43,Alysia,alysia-fn,F;M,2
BN,Brunei,forename,44,Debby,debby-fn,F;M,2
BN,Brunei,forename,45,Floriana,floriana-fn,F;M,2
BN,Brunei,forename,46,Haifa,haifa-fn,F;M,2
BN,Brunei,forename,47,Harvey,harvey-fn,F;M,2
BN,Brunei,forename,48,Hellen,hellen-fn,F,2
BN,Brunei,forename,49,Ibra,ibra-fn,M,2
BN,Brunei,forename,50,Kishor,kishor-fn,F;M,2
BN,Brunei,forename,51,Lella,lella-fn,F,2
BN,Brunei,forename,52,Leroy,leroy-fn,F;M,2
BN,Brunei,forename,53,Loly,loly-fn,F;M,2
BN,Brunei,forename,54,Mikel,mikel-fn,M,2
BN,Brunei,forename,55,Mohit,mohit-fn,M,2
BN,Brunei,forename,56,Rhys,rhys-fn,F;M,2
BN,Brunei,forename,57,Saja,saja-fn,F,2
BN,Brunei,forename,58,Srinivas,srinivas-fn,F;M,2
BN,Brunei,forename,59,Tanvir,tanvir-fn,F;M,2
BN,Brunei,forename,60,Trish,trish-fn,F;M,2
BN,Brunei,forename,61,Xuan,xuan-fn,F;M,2
BN,Brunei,surname,1,Hassan,hassan-sn,F;M,316
BN,Brunei,surname,2,Ma,ma-sn,F;M,70
BN,Brunei,surname,3,Fauzi,fauzi-sn,,52
BN,Brunei,surname,4,Seven,seven-sn,F;M,46
BN,Brunei,surname,5,Muhd,muhd-sn,F;M,37
BN,Brunei,surname,6,Poh,poh-sn,F;M,35
BN,Brunei,surname,7,Babul,babul-sn,,31
BN,Brunei,surname,8,Didi,didi-sn,F;M,31
BN,Brunei,surname,9,Zara,zara-sn,F;M,29
BN,Brunei,surname,10,Najwa,najwa-sn,F;M,26
BN,Brunei,surname,11,Rain,rain-sn,,21
BN,Brunei,surname,12,Mariam,mariam-sn,F;M,19
BN,Brunei,surname,13,Power,power-sn,,18
BN,Brunei,surname,14,Rahma,rahma-sn,F;M,16
BN,Brunei,surname,15,Angeles,angeles-sn,F;M,14
BN,Brunei,surname,16,Le,le-sn,F;M,14
BN,Brunei,surname,17,Dia,dia-sn,,12
BN,Brunei,surname,18,Jana,jana-sn,F;M,12
BN,Brunei,surname,19,Santo,santo-sn,F;M,11
BN,Brunei,surname,20,Dev,dev-sn,F;M,8
BN,Brunei,surname,21,Loi,loi-sn,F;M,8
BN,Brunei,surname,22,Ayman,ayman-sn,F;M,5
BN,Brunei,surname,23,Bruce,bruce-sn,F;M,5
BN,Brunei,surname,24,Cheah,cheah-sn,,5
BN,Brunei,surname,25,Manzano,manzano-sn,F;M,5
BN,Brunei,surname,26,Rm,rm-sn,F;M,5
BN,Brunei,surname,27,Zheng,zheng-sn,F;M,5
BN,Brunei,surname,28,Deva,deva-sn,F;M,4
BN,Brunei,surname,29,Fall,fall-sn,,4
BN,Brunei,surname,30,Kwong,kwong-sn,F;M,4
BN,Brunei,surname,31,Raymond,raymond-sn,F;M,4
BN,Brunei,surname,32,Warda,warda-sn,,4
BN,Brunei,surname,33,Angelo,angelo-sn,,3
BN,Brunei,surname,34,Caroline,caroline-sn,,3
BN,Brunei,surname,35,Debnath,debnath-sn,F;M,3
BN,Brunei,surname,36,Fatah,fatah-sn,M;F,3
BN,Brunei,surname,37,Abba,abba-sn,F;M,2
BN,Brunei,surname,38,Amen,amen-sn,F;M,2
BN,Brunei,surname,39,Ayesha,ayesha-sn,F;M,2
BN,Brunei,surname,40,Belen,belen-sn,F;M,2
BN,Brunei,surname,41,Dejesus,dejesus-sn,F;M,2
BN,Brunei,surname,42,Groß,gross-sn,,2
BN,Brunei,surname,43,Haidar,haidar-sn,F;M,2
BN,Brunei,surname,44,Kar,kar-sn,F;M,2
BN,Brunei,surname,45,Tarek,tarek-sn,M;F,2
BN,Brunei,surname,46,Townsend,townsend-sn,F;M,2
BN,Brunei,surname,47,Viola,viola-sn,M;F,2
BN,Brunei,surname,48,Zhao,zhao-sn,F;M,2
BN,Brunei,surname,49,Zidan,zidan-sn,F;M,2
BO,Bolivia,forename,1,Juan,juan-fn,M,25112
BO,Bolivia,forename,2,Jose,jose-fn,M;F,23786
BO,Bolivia,forename,3,Carlos,carlos-fn,M;F,22241
BO,Bolivia,forename,4,Luis,luis-fn,M;F,20544
BO,Bolivia,forename,5,Daniel,daniel-fn,M;F,15886
BO,Bolivia,forename,6,David,david-fn,M;F,15282
BO,Bolivia,forename,7,Jorge,jorge-fn,M,14542
BO,Bolivia,forename,8,Fernando,fernando-fn,M,14160
BO,Bolivia,forename,9,Juan Carlos,juan-carlos-fn,M,14154
BO,Bolivia,forename,10,Mario,mario-fn,M,12842
BO,Bolivia,forename,11,Javier,javier-fn,M,12166
BO,Bolivia,forename,12,Miguel,miguel-fn,M,11527
BO,Bolivia,forename,13,Alex,alex-fn,M;F,10974
BO,Bolivia,forename,14,Victor,victor-fn,M,10448
BO,Bolivia,forename,15,Rodrigo,rodrigo-fn,M,10130
BO,Bolivia,forename,16,Edwin,edwin-fn,M,10023
BO,Bolivia,forename,17,Jose Luis,jose-luis-fn,M,9785
BO,Bolivia,forename,18,Alejandro,alejandro-fn,M,9564
BO,Bolivia,forename,19,Diego,diego-fn,M,9337
BO,Bolivia,forename,20,Roberto,roberto-fn,M,8991
BO,Bolivia,forename,21,Johnny,johnny-fn,M,8968
BO,Bolivia,forename,22,Freddy,freddy-fn,M,8916
BO,Bolivia,forename,23,Oscar,oscar-fn,M,8195
BO,Bolivia,forename,24,Pedro,pedro-fn,M,8172
BO,Bolivia,forename,25,Cristian,cristian-fn,M,8009
BO,Bolivia,forename,26,Jhonny,jhonny-fn,M,7964
BO,Bolivia,forename,27,Silvia,silvia-fn,F,7436
BO,Bolivia,forename,28,Sonia,sonia-fn,F,7389
BO,Bolivia,forename,29,Angel,angel-fn,F;M,7162
BO,Bolivia,forename,30,Carmen,carmen-fn,F,7118
BO,Bolivia,forename,31,Ruben,ruben-fn,M,7111
BO,Bolivia,forename,32,Marcelo,marcelo-fn,M,6993
BO,Bolivia,forename,33,Claudia,claudia-fn,F,6960
BO,Bolivia,forename,34,Edgar,edgar-fn,M,6827
BO,Bolivia,forename,35,Gabriel,gabriel-fn,M,6684
BO,Bolivia,forename,36,Raul,raul-fn,M,6647
BO,Bolivia,forename,37,Ramiro,ramiro-fn,M,6619
BO,Bolivia,forename,38,Martha,martha-fn,F,6604
BO,Bolivia,forename,39,Pablo,pablo-fn,M,6591
BO,Bolivia,forename,40,Daniela,daniela-fn,F,6589
BO,Bolivia,forename,41,Ariel,ariel-fn,M;F,6557
BO,Bolivia,forename,42,Elizabeth,elizabeth-fn,F,6526
BO,Bolivia,forename,43,Sergio,sergio-fn,M,6492
BO,Bolivia,forename,44,Ana,ana-fn,F;M,6433
BO,Bolivia,forename,45,Jaime,jaime-fn,M,6398
BO,Bolivia,forename,46,Mary,mary-fn,F,6398
BO,Bolivia,forename,47,Marco,marco-fn,M;F,6312
BO,Bolivia,forename,48,Ronald,ronald-fn,M,6262
BO,Bolivia,forename,49,Roxana,roxana-fn,F,6258
BO,Bolivia,forename,50,Sandra,sandra-fn,F,6189
BO,Bolivia,forename,51,Rene,rene-fn,M;F,6111
BO,Bolivia,forename,52,Julio,julio-fn,M,6041
BO,Bolivia,forename,53,Alejandra,alejandra-fn,F,6034
BO,Bolivia,forename,54,Gabriela,gabriela-fn,F,5965
BO,Bolivia,forename,55,Patricia,patricia-fn,F,5958
BO,Bolivia,forename,56,Wilson,wilson-fn,M,5922
BO,Bolivia,forename,57,Ricardo,ricardo-fn,M,5891
BO,Bolivia,forename,58,Eduardo,eduardo-fn,M,5801
BO,Bolivia,forename,59,Lidia,lidia-fn,F,5788
BO,Bolivia,forename,60,Alvaro,alvaro-fn,M,5755
BO,Bolivia,forename,61,Andres,andres-fn,M;F,5656
BO,Bolivia,forename,62,Felix,felix-fn,M,5639
BO,Bolivia,forename,63,Carla,carla-fn,F,5632
BO,Bolivia,forename,64,Paola,paola-fn,F,5624
BO,Bolivia,forename,65,Rosa,rosa-fn,F,5619
BO,Bolivia,forename,66,Alfredo,alfredo-fn,M,5600
BO,Bolivia,forename,67,Ivan,ivan-fn,M,5564
BO,Bolivia,forename,68,Rolando,rolando-fn,M,5554
BO,Bolivia,forename,69,Maribel,maribel-fn,F,5435
BO,Bolivia,forename,70,Veronica,veronica-fn,F,5398
BO,Bolivia,forename,71,Andrea,andrea-fn,F;M,5389
BO,Bolivia,forename,72,Hugo,hugo-fn,M,5377
BO,Bolivia,forename,73,Richard,richard-fn,M,5295
BO,Bolivia,forename,74,Juana,juana-fn,F,5170
BO,Bolivia,forename,75,Mauricio,mauricio-fn,M,5107
BO,Bolivia,forename,76,Gustavo,gustavo-fn,M,5068
BO,Bolivia,forename,77,Nelson,nelson-fn,M,5065
BO,Bolivia,forename,78,Kevin,kevin-fn,M,4849
BO,Bolivia,forename,79,Jesus,jesus-fn,M,4837
BO,Bolivia,forename,80,Bryan,bryan-fn,M,4832
BO,Bolivia,forename,81,Gonzalo,gonzalo-fn,M,4799
BO,Bolivia,forename,82,Alberto,alberto-fn,M,4702
BO,Bolivia,forename,83,Isabel,isabel-fn,F,4677
BO,Bolivia,forename,84,Miguel Angel,miguel-angel-fn,M,4677
BO,Bolivia,forename,85,Omar,omar-fn,M;F,4655
BO,Bolivia,forename,86,Cesar,cesar-fn,M,4615
BO,Bolivia,forename,87,Rosario,rosario-fn,F;M,4523
BO,Bolivia,forename,88,Antonio,antonio-fn,M;F,4460
BO,Bolivia,forename,89,Jhon,jhon-fn,M,4387
BO,Bolivia,forename,90,Nancy,nancy-fn,F,4381
BO,Bolivia,forename,91,Lourdes,lourdes-fn,F,4320
BO,Bolivia,forename,92,Walter,walter-fn,M,4302
BO,Bolivia,forename,93,Cristina,cristina-fn,F,4256
BO,Bolivia,forename,94,Marco Antonio,marco-antonio-fn,M,4237
BO,Bolivia,forename,95,Samuel,samuel-fn,M;F,4233
BO,Bolivia,forename,96,Ruth,ruth-fn,F,4151
BO,Bolivia,forename,97,Alexander,alexander-fn,M,4079
BO,Bolivia,forename,98,Franz,franz-fn,M,4054
BO,Bolivia,forename,99,German,german-fn,M,4040
BO,Bolivia,forename,100,Mariela,mariela-fn,F,4012
BO,Bolivia,surname,1,Mamani,mamani-sn,M;F,50717
BO,Bolivia,surname,2,Flores,flores-sn,F;M,36116
BO,Bolivia,surname,3,Quispe,quispe-sn,M;F,32060
BO,Bolivia,surname,4,Condori,condori-sn,M;F,21168
BO,Bolivia,surname,5,Choque,choque-sn,M;F,19485
BO,Bolivia,surname,6,Vargas,vargas-sn,M;F,19037
BO,Bolivia,surname,7,Gutierrez,gutierrez-sn,M;F,17847
BO,Bolivia,surname,8,Rodriguez,rodriguez-sn,F;M,16896
BO,Bolivia,surname,9,Rojas,rojas-sn,M;F,16505
BO,Bolivia,surname,10,Fernandez,fernandez-sn,F;M,16160
BO,Bolivia,surname,11,Lopez,lopez-sn,F;M,16067
BO,Bolivia,surname,12,Cruz,cruz-sn,F;M,13516
BO,Bolivia,surname,13,Mendoza,mendoza-sn,F;M,12079
BO,Bolivia,surname,14,Garcia,garcia-sn,M;F,11872
BO,Bolivia,surname,15,Ramos,ramos-sn,M;F,11372
BO,Bolivia,surname,16,Perez,perez-sn,F;M,11248
BO,Bolivia,surname,17,Apaza,apaza-sn,M;F,11228
BO,Bolivia,surname,18,Gonzales,gonzales-sn,F;M,10931
BO,Bolivia,surname,19,Torrez,torrez-sn,M;F,9278
BO,Bolivia,surname,20,Martinez,martinez-sn,F;M,8705
BO,Bolivia,surname,21,Colque,colque-sn,,8328
BO,Bolivia,surname,22,Huanca,huanca-sn,M;F,7422
BO,Bolivia,surname,23,Aguilar,aguilar-sn,M;F,7136
BO,Bolivia,surname,24,Romero,romero-sn,F;M,6441
BO,Bolivia,surname,25,Chavez,chavez-sn,M;F,6169
BO,Bolivia,surname,26,Miranda,miranda-sn,F;M,5905
BO,Bolivia,surname,27,Ramirez,ramirez-sn,M;F,5871
BO,Bolivia,surname,28,Alvarez,alvarez-sn,F;M,5752
BO,Bolivia,surname,29,Castro,castro-sn,M;F,5526
BO,Bolivia,surname,30,Ticona,ticona-sn,M;F,5505
BO,Bolivia,surname,31,Guzman,guzman-sn,F;M,5503
BO,Bolivia,surname,32,Calle,calle-sn,M;F,5382
BO,Bolivia,surname,33,Morales,morales-sn,M;F,5335
BO,Bolivia,surname,34,Cuellar,cuellar-sn,M;F,5283
BO,Bolivia,surname,35,Ortiz,ortiz-sn,M;F,5261
BO,Bolivia,surname,36,Espinoza,espinoza-sn,M;F,5170
BO,Bolivia,surname,37,Soliz,soliz-sn,M;F,5159
BO,Bolivia,surname,38,Villca,villca-sn,M;F,5140
BO,Bolivia,surname,39,Suarez,suarez-sn,F;M,5110
BO,Bolivia,surname,40,Chambi,chambi-sn,M;F,5011
BO,Bolivia,surname,41,Justiniano,justiniano-sn,M;F,5004
BO,Bolivia,surname,42,Poma,poma-sn,,4938
BO,Bolivia,surname,43,Vasquez,vasquez-sn,M;F,4920
BO,Bolivia,surname,44,Nina,nina-sn,M;F,4841
BO,Bolivia,surname,45,Mendez,mendez-sn,F;M,4712
BO,Bolivia,surname,46,Montaño,montano-sn,M;F,4695
BO,Bolivia,surname,47,Gomez,gomez-sn,F;M,4628
BO,Bolivia,surname,48,Salazar,salazar-sn,M;F,4627
BO,Bolivia,surname,49,Jimenez,jimenez-sn,F;M,4358
BO,Bolivia,surname,50,Herrera,herrera-sn,F;M,4260
BO,Bolivia,surname,51,Duran,duran-sn,M;F,4259
BO,Bolivia,surname,52,Rivera,rivera-sn,M;F,4124
BO,Bolivia,surname,53,Villarroel,villarroel-sn,M;F,4122
BO,Bolivia,surname,54,Rios,rios-sn,M;F,4068
BO,Bolivia,surname,55,Rocha,rocha-sn,M;F,4041
BO,Bolivia,surname,56,Camacho,camacho-sn,M;F,4010
BO,Bolivia,surname,57,Escobar,escobar-sn,M;F,3993
BO,Bolivia,surname,58,Torrico,torrico-sn,M;F,3933
BO,Bolivia,surname,59,Vaca,vaca-sn,M;F,3868
BO,Bolivia,surname,60,Limachi,limachi-sn,M;F,3813
BO,Bolivia,surname,61,Laura,laura-sn,F;M,3807
BO,Bolivia,surname,62,Castillo,castillo-sn,F;M,3799
BO,Bolivia,surname,63,Velasquez,velasquez-sn,M;F,3466
BO,Bolivia,surname,64,Orellana,orellana-sn,M;F,3342
BO,Bolivia,surname,65,Salvatierra,salvatierra-sn,M;F,3328
BO,Bolivia,surname,66,Hurtado,hurtado-sn,M;F,3326
BO,Bolivia,surname,67,Rivero,rivero-sn,M;F,3321
BO,Bolivia,surname,68,Cabrera,cabrera-sn,F;M,3306
BO,Bolivia,surname,69,Cespedes,cespedes-sn,M;F,3273
BO,Bolivia,surname,70,Tapia,tapia-sn,M;F,3262
BO,Bolivia,surname,71,Callisaya,callisaya-sn,M;F,3238
BO,Bolivia,surname,72,Pinto,pinto-sn,M;F,3235
BO,Bolivia,surname,73,Ortega,ortega-sn,M;F,3225
BO,Bolivia,surname,74,Padilla,padilla-sn,M;F,3191
BO,Bolivia,surname,75,Ruiz,ruiz-sn,M;F,3095
BO,Bolivia,surname,76,Mercado,mercado-sn,F;M,3070
BO,Bolivia,surname,77,Saavedra,saavedra-sn,M;F,3070
BO,Bolivia,surname,78,Diaz,diaz-sn,F;M,3065
BO,Bolivia,surname,79,Paredes,paredes-sn,M;F,3059
BO,Bolivia,surname,80,Paco,paco-sn,M;F,3036
BO,Bolivia,surname,81,Quisbert,quisbert-sn,M;F,3033
BO,Bolivia,surname,82,Arias,arias-sn,M;F,3026
BO,Bolivia,surname,83,Copa,copa-sn,M;F,3023
BO,Bolivia,surname,84,Blanco,blanco-sn,F;M,2979
BO,Bolivia,surname,85,Molina,molina-sn,M;F,2979
BO,Bolivia,surname,86,Sandoval,sandoval-sn,F;M,2889
BO,Bolivia,surname,87,Luna,luna-sn,F;M,2817
BO,Bolivia,surname,88,Medina,medina-sn,M;F,2793
BO,Bolivia,surname,89,Bautista,bautista-sn,M;F,2790
BO,Bolivia,surname,90,Soto,soto-sn,M;F,2765
BO,Bolivia,surname,91,Chura,chura-sn,M;F,2727
BO,Bolivia,surname,92,Roca,roca-sn,M;F,2723
BO,Bolivia,surname,93,Zambrana,zambrana-sn,M;F,2718
BO,Bolivia,surname,94,Montero,montero-sn,M;F,2708
BO,Bolivia,surname,95,Vallejos,vallejos-sn,,2706
BO,Bolivia,surname,96,Cortez,cortez-sn,M;F,2682
BO,Bolivia,surname,97,Maldonado,maldonado-sn,M;F,2675
BO,Bolivia,surname,98,Paz,paz-sn,F;M,2673
BO,Bolivia,surname,99,Ayala,ayala-sn,M;F,2671
BO,Bolivia,surname,100,Claros,claros-sn,M;F,2582
BR,Brazil,forename,1,Jose,jose-fn,M;F,59339
BR,Brazil,forename,2,João,joao-fn,M,57557
BR,Brazil,forename,3,Lucas,lucas-fn,M,55952
BR,Brazil,forename,4,Ana,ana-fn,F;M,51742
BR,Brazil,forename,5,Marcos,marcos-fn,M,42800
BR,Brazil,forename,6,Carlos,carlos-fn,M;F,42066
BR,Brazil,forename,7,Paulo,paulo-fn,M,41522
BR,Brazil,forename,8,Antonio,antonio-fn,M;F,40264
BR,Brazil,forename,9,Francisco,francisco-fn,M,39900
BR,Brazil,forename,10,Gabriel,gabriel-fn,M,39632
BR,Brazil,forename,11,Rafael,rafael-fn,M,36702
BR,Brazil,forename,12,Pedro,pedro-fn,M,36103
BR,Brazil,forename,13,Bruno,bruno-fn,M,32978
BR,Brazil,forename,14,Marcelo,marcelo-fn,M,30568
BR,Brazil,forename,15,Felipe,felipe-fn,M,30164
BR,Brazil,forename,16,Eduardo,eduardo-fn,M,29783
BR,Brazil,forename,17,Rodrigo,rodrigo-fn,M,29722
BR,Brazil,forename,18,Daniel,daniel-fn,M;F,28937
BR,Brazil,forename,19,Matheus,matheus-fn,M,28697
BR,Brazil,forename,20,Fernando,fernando-fn,M,27893
BR,Brazil,forename,21,Luiz,luiz-fn,M,26449
BR,Brazil,forename,22,Fernanda,fernanda-fn,F,25584
BR,Brazil,forename,23,Juliana,juliana-fn,F,25572
BR,Brazil,forename,24,Anderson,anderson-fn,M,25203
BR,Brazil,forename,25,Bruna,bruna-fn,F,25053
BR,Brazil,forename,26,Junior,junior-fn,M,24879
BR,Brazil,forename,27,Adriana,adriana-fn,F,24311
BR,Brazil,forename,28,Amanda,amanda-fn,F,24134
BR,Brazil,forename,29,Thiago,thiago-fn,M,24114
BR,Brazil,forename,30,Leandro,leandro-fn,M,23950
BR,Brazil,forename,31,Patricia,patricia-fn,F,23936
BR,Brazil,forename,32,Andre,andre-fn,M;F,23894
BR,Brazil,forename,33,Gustavo,gustavo-fn,M,23502
BR,Brazil,forename,34,Guilherme,guilherme-fn,M,23494
BR,Brazil,forename,35,Jessica,jessica-fn,F,22902
BR,Brazil,forename,36,Fabio,fabio-fn,M,22814
BR,Brazil,forename,37,Aline,aline-fn,F,22803
BR,Brazil,forename,38,Marcia,marcia-fn,F,22373
BR,Brazil,forename,39,Ricardo,ricardo-fn,M,21892
BR,Brazil,forename,40,Leonardo,leonardo-fn,M,21251
BR,Brazil,forename,41,Diego,diego-fn,M,20946
BR,Brazil,forename,42,Vanessa,vanessa-fn,F,20836
BR,Brazil,forename,43,Sandra,sandra-fn,F,20216
BR,Brazil,forename,44,Camila,camila-fn,F,18913
BR,Brazil,forename,45,Alexandre,alexandre-fn,M,18684
BR,Brazil,forename,46,Luana,luana-fn,F,17450
BR,Brazil,forename,47,Leticia,leticia-fn,F,17376
BR,Brazil,forename,48,Vinicius,vinicius-fn,M,17005
BR,Brazil,forename,49,Edson,edson-fn,M,16863
BR,Brazil,forename,50,Adriano,adriano-fn,M,16781
BR,Brazil,forename,51,Alex,alex-fn,M;F,16680
BR,Brazil,forename,52,Marcio,marcio-fn,F;M,16606
BR,Brazil,forename,53,Eliane,eliane-fn,F,16511
BR,Brazil,forename,54,Roberto,roberto-fn,M,16143
BR,Brazil,forename,55,Francisca,francisca-fn,F,16054
BR,Brazil,forename,56,Luciana,luciana-fn,F,15836
BR,Brazil,forename,57,Tiago,tiago-fn,M,15406
BR,Brazil,forename,58,Simone,simone-fn,F;M,15230
BR,Brazil,forename,59,Douglas,douglas-fn,M,14530
BR,Brazil,forename,60,Claudia,claudia-fn,F,14247
BR,Brazil,forename,61,Julia,julia-fn,F,14225
BR,Brazil,forename,62,Jaqueline,jaqueline-fn,F,14120
BR,Brazil,forename,63,Larissa,larissa-fn,F,14120
BR,Brazil,forename,64,Mateus,mateus-fn,M,14083
BR,Brazil,forename,65,Beatriz,beatriz-fn,F,14071
BR,Brazil,forename,66,Vitoria,vitoria-fn,F,13941
BR,Brazil,forename,67,Victor,victor-fn,M,13814
BR,Brazil,forename,68,Luciano,luciano-fn,M,13808
BR,Brazil,forename,69,Henrique,henrique-fn,M,13767
BR,Brazil,forename,70,Sergio,sergio-fn,M,13610
BR,Brazil,forename,71,Gabriela,gabriela-fn,F,13425
BR,Brazil,forename,72,Lucia,lucia-fn,F,13086
BR,Brazil,forename,73,Renata,renata-fn,F,12948
BR,Brazil,forename,74,Renato,renato-fn,M,12937
BR,Brazil,forename,75,Andreia,andreia-fn,F,12891
BR,Brazil,forename,76,Claudio,claudio-fn,M,12581
BR,Brazil,forename,77,Ana Paula,ana-paula-fn,F,12542
BR,Brazil,forename,78,Bezerra,bezerra-fn,M,12430
BR,Brazil,forename,79,Liana,liana-fn,F,12430
BR,Brazil,forename,80,Mendes,mendes-fn,M,12430
BR,Brazil,forename,81,Tania,tania-fn,F,12430
BR,Brazil,forename,82,Vania,vania-fn,F,12430
BR,Brazil,forename,83,Mariana,mariana-fn,F,12408
BR,Brazil,forename,84,Carla,carla-fn,F,12171
BR,Brazil,forename,85,Luis,luis-fn,M;F,12148
BR,Brazil,forename,86,Vitor,vitor-fn,M,12067
BR,Brazil,forename,87,Fabiana,fabiana-fn,F,12000
BR,Brazil,forename,88,Rosangela,rosangela-fn,F,11846
BR,Brazil,forename,89,Cristiane,cristiane-fn,F,11591
BR,Brazil,forename,90,Raquel,raquel-fn,F,11524
BR,Brazil,forename,91,Rogerio,rogerio-fn,M,11515
BR,Brazil,forename,92,Debora,debora-fn,F,11433
BR,Brazil,forename,93,Paula,paula-fn,F;M,11378
BR,Brazil,forename,94,Samuel,samuel-fn,M;F,11163
BR,Brazil,forename,95,Silvana,silvana-fn,F,10655
BR,Brazil,forename,96,Ronaldo,ronaldo-fn,M,10620
BR,Brazil,forename,97,Antonia,antonia-fn,F,10599
BR,Brazil,forename,98,Sonia,sonia-fn,F,10599
BR,Brazil,forename,99,Thais,thais-fn,F,10457
BR,Brazil,forename,100,Robson,robson-fn,M,10371
BR,Brazil,surname,1,Silva,silva-sn,M;F,386552
BR,Brazil,surname,2,Santos,santos-sn,F;M,230654
BR,Brazil,surname,3,Oliveira,oliveira-sn,F;M,169554
BR,Brazil,surname,4,Lima,lima-sn,M;F,121725
BR,Brazil,surname,5,Souza,souza-sn,F;M,121658
BR,Brazil,surname,6,Alves,alves-sn,F;M,116268
BR,Brazil,surname,7,Rodrigues,rodrigues-sn,F;M,109454
BR,Brazil,surname,8,Sousa,sousa-sn,F;M,95343
BR,Brazil,surname,9,Ferreira,ferreira-sn,F;M,94113
BR,Brazil,surname,10,Pereira,pereira-sn,M;F,90724
BR,Brazil,surname,11,Gomes,gomes-sn,M;F,77102
BR,Brazil,surname,12,Araujo,araujo-sn,F;M,66536
BR,Brazil,surname,13,Costa,costa-sn,M;F,61423
BR,Brazil,surname,14,Martins,martins-sn,F;M,54298
BR,Brazil,surname,15,Soares,soares-sn,F;M,53303
BR,Brazil,surname,16,Ribeiro,ribeiro-sn,F;M,51991
BR,Brazil,surname,17,Maria,maria-sn,F;M,49133
BR,Brazil,surname,18,Fernandes,fernandes-sn,M;F,48050
BR,Brazil,surname,19,Nascimento,nascimento-sn,F;M,46725
BR,Brazil,surname,20,Lopes,lopes-sn,F;M,44931
BR,Brazil,surname,21,Carvalho,carvalho-sn,F;M,44382
BR,Brazil,surname,22,Almeida,almeida-sn,F;M,43100
BR,Brazil,surname,23,Vieira,vieira-sn,F;M,41777
BR,Brazil,surname,24,Da Silva,da-silva-sn,M;F,40029
BR,Brazil,surname,25,Barbosa,barbosa-sn,F;M,39252
BR,Brazil,surname,26,Rocha,rocha-sn,M;F,34749
BR,Brazil,surname,27,Gonçalves,goncalves-sn,F;M,34228
BR,Brazil,surname,28,Henrique,henrique-sn,M;F,33964
BR,Brazil,surname,29,Andrade,andrade-sn,F;M,32192
BR,Brazil,surname,30,Freitas,freitas-sn,F;M,30097
BR,Brazil,surname,31,Nunes,nunes-sn,F;M,29285
BR,Brazil,surname,32,Dias,dias-sn,F;M,28005
BR,Brazil,surname,33,Mendes,mendes-sn,F;M,27869
BR,Brazil,surname,34,Marques,marques-sn,F;M,27123
BR,Brazil,surname,35,Junior,junior-sn,M,25483
BR,Brazil,surname,36,Dos Santos,dos-santos-sn,M;F,25443
BR,Brazil,surname,37,Cardoso,cardoso-sn,F;M,25402
BR,Brazil,surname,38,Batista,batista-sn,M;F,25156
BR,Brazil,surname,39,Machado,machado-sn,F;M,24953
BR,Brazil,surname,40,Melo,melo-sn,F;M,24609
BR,Brazil,surname,41,Santana,santana-sn,F;M,23405
BR,Brazil,surname,42,Moreira,moreira-sn,F;M,23096
BR,Brazil,surname,43,Moura,moura-sn,F;M,22959
BR,Brazil,surname,44,Jose,jose-sn,M;F,21452
BR,Brazil,surname,45,Ramos,ramos-sn,M;F,21236
BR,Brazil,surname,46,Carlos,carlos-sn,M;F,20496
BR,Brazil,surname,47,Medeiros,medeiros-sn,F;M,20289
BR,Brazil,surname,48,Cristina,cristina-sn,F,19016
BR,Brazil,surname,49,Pinheiro,pinheiro-sn,M;F,18450
BR,Brazil,surname,50,Borges,borges-sn,M;F,18260
BR,Brazil,surname,51,Morais,morais-sn,M;F,17701
BR,Brazil,surname,52,Barros,barros-sn,F;M,17175
BR,Brazil,surname,53,Teixeira,teixeira-sn,F;M,17088
BR,Brazil,surname,54,Brito,brito-sn,F;M,16856
BR,Brazil,surname,55,Monteiro,monteiro-sn,F;M,16541
BR,Brazil,surname,56,Duarte,duarte-sn,F;M,16043
BR,Brazil,surname,57,Castro,castro-sn,M;F,15659
BR,Brazil,surname,58,Farias,farias-sn,M;F,15535
BR,Brazil,surname,59,Moraes,moraes-sn,F;M,15351
BR,Brazil,surname,60,Rosa,rosa-sn,F;M,15009
BR,Brazil,surname,61,Dantas,dantas-sn,F;M,14216
BR,Brazil,surname,62,Francisco,francisco-sn,M;F,14120
BR,Brazil,surname,63,Tavares,tavares-sn,M;F,14120
BR,Brazil,surname,64,Miranda,miranda-sn,F;M,13820
BR,Brazil,surname,65,Cavalcante,cavalcante-sn,F;M,13669
BR,Brazil,surname,66,Lira,lira-sn,,13496
BR,Brazil,surname,67,Nogueira,nogueira-sn,F;M,13432
BR,Brazil,surname,68,Reis,reis-sn,F;M,13219
BR,Brazil,surname,69,Mota,mota-sn,M;F,12430
BR,Brazil,surname,70,Campos,campos-sn,M;F,12341
BR,Brazil,surname,71,Silveira,silveira-sn,F;M,12303
BR,Brazil,surname,72,Cruz,cruz-sn,F;M,12171
BR,Brazil,surname,73,Leite,leite-sn,F;M,12043
BR,Brazil,surname,74,Viana,viana-sn,F;M,12040
BR,Brazil,surname,75,Motta,motta-sn,M;F,12000
BR,Brazil,surname,76,Gabriel,gabriel-sn,M;F,11915
BR,Brazil,surname,77,Maia,maia-sn,,11825
BR,Brazil,surname,78,Garcia,garcia-sn,M;F,11822
BR,Brazil,surname,79,Antonio,antonio-sn,M;F,11779
BR,Brazil,surname,80,Felipe,felipe-sn,M;F,11667
BR,Brazil,surname,81,Luiz,luiz-sn,M;F,11508
BR,Brazil,surname,82,Neto,neto-sn,,11174
BR,Brazil,surname,83,Filho,filho-sn,M,11164
BR,Brazil,surname,84,Xavier,xavier-sn,F;M,11139
BR,Brazil,surname,85,De Souza,de-souza-sn,M;F,10937
BR,Brazil,surname,86,Aparecida,aparecida-sn,F,10895
BR,Brazil,surname,87,Sales,sales-sn,F;M,10623
BR,Brazil,surname,88,Felix,felix-sn,F;M,10598
BR,Brazil,surname,89,Queiroz,queiroz-sn,F;M,10455
BR,Brazil,surname,90,Macedo,macedo-sn,,10446
BR,Brazil,surname,91,Amorim,amorim-sn,F;M,10276
BR,Brazil,surname,92,De Oliveira,de-oliveira-sn,M;F,10225
BR,Brazil,surname,93,Mello,mello-sn,F;M,10062
BR,Brazil,surname,94,Vasconcelos,vasconcelos-sn,F;M,10023
BR,Brazil,surname,95,Correa,correa-sn,M;F,9883
BR,Brazil,surname,96,Coelho,coelho-sn,M;F,9875
BR,Brazil,surname,97,Siqueira,siqueira-sn,F;M,9843
BR,Brazil,surname,98,Cordeiro,cordeiro-sn,F;M,9761
BR,Brazil,surname,99,Paulo,paulo-sn,M;F,9683
BR,Brazil,surname,100,Cunha,cunha-sn,F;M,9620
BW,Botswana,forename,1,Lesego,lesego-fn,F;M,5000
BW,Botswana,forename,2,Kelebogile,kelebogile-fn,F;M,372
BW,Botswana,forename,3,Tshepang,tshepang-fn,F;M,171
BW,Botswana,forename,4,Letty,letty-fn,F;M,103
BW,Botswana,forename,5,Stella,stella-fn,F;M,76
BW,Botswana,forename,6,Boy,boy-fn,M,37
BW,Botswana,forename,7,Siphiwe,siphiwe-fn,F;M,36
BW,Botswana,forename,8,Trish,trish-fn,F;M,30
BW,Botswana,forename,9,Thuli,thuli-fn,F;M,25
BW,Botswana,forename,10,Sphamandla,sphamandla-fn,M,23
BW,Botswana,forename,11,Hellen,hellen-fn,F,21
BW,Botswana,forename,12,Clinton,clinton-fn,M,19
BW,Botswana,forename,13,Sidney,sidney-fn,F;M,19
BW,Botswana,forename,14,Leroy,leroy-fn,F;M,11
BW,Botswana,forename,15,Mikel,mikel-fn,M,11
BW,Botswana,forename,16,Chika,chika-fn,F;M,10
BW,Botswana,forename,17,Mlungisi,mlungisi-fn,F;M,10
BW,Botswana,forename,18,Emmy,emmy-fn,F;M,9
BW,Botswana,forename,19,Ash,ash-fn,F;M,8
BW,Botswana,forename,20,Debby,debby-fn,F;M,8
BW,Botswana,forename,21,Neva,neva-fn,F;M,7
BW,Botswana,forename,22,Seema,seema-fn,F;M,7
BW,Botswana,forename,23,Killian,killian-fn,F;M,6
BW,Botswana,forename,24,Sthembiso,sthembiso-fn,F;M,6
BW,Botswana,forename,25,Elaine,elaine-fn,F;M,4
BW,Botswana,forename,26,Harvey,harvey-fn,F;M,4
BW,Botswana,forename,27,Rudolf,rudolf-fn,M,3
BW,Botswana,forename,28,Zainab,zainab-fn,F;M,3
BW,Botswana,forename,29,Ange,ange-fn,F;M,2
BW,Botswana,forename,30,Jef,jef-fn,F;M,2
BW,Botswana,forename,31,Lukman,lukman-fn,M,2
BW,Botswana,forename,32,Maki,maki-fn,F;M,2
BW,Botswana,forename,33,Sofie,sofie-fn,F;M,2
BW,Botswana,forename,34,Suhail,suhail-fn,F;M,2
BW,Botswana,forename,35,Valery,valery-fn,F;M,2
BW,Botswana,surname,1,Ndaba,ndaba-sn,,1364
BW,Botswana,surname,2,Mogale,mogale-sn,F;M,99
BW,Botswana,surname,3,Le,le-sn,F;M,25
BW,Botswana,surname,4,Ma,ma-sn,F;M,19
BW,Botswana,surname,5,Raymond,raymond-sn,F;M,18
BW,Botswana,surname,6,Power,power-sn,,17
BW,Botswana,surname,7,Leroux,leroux-sn,,15
BW,Botswana,surname,8,Seven,seven-sn,F;M,13
BW,Botswana,surname,9,Bruce,bruce-sn,F;M,11
BW,Botswana,surname,10,Caroline,caroline-sn,,11
BW,Botswana,surname,11,Amen,amen-sn,F;M,10
BW,Botswana,surname,12,Hassan,hassan-sn,F;M,9
BW,Botswana,surname,13,Didi,didi-sn,F;M,5
BW,Botswana,surname,14,Santo,santo-sn,F;M,4
BW,Botswana,surname,15,Duma,duma-sn,F;M,3
BW,Botswana,surname,16,Viola,viola-sn,M;F,3
BW,Botswana,surname,17,Angeles,angeles-sn,F;M,2
BW,Botswana,surname,18,Dia,dia-sn,,2
BW,Botswana,surname,19,Hale,hale-sn,,2
BW,Botswana,surname,20,Tyler,tyler-sn,,2
BW,Botswana,surname,21,Zara,zara-sn,F;M,2
BW,Botswana,surname,22,Zhao,zhao-sn,F;M,2
BW,Botswana,surname,23,Zheng,zheng-sn,F;M,2
BY,,surname,1,Сергеева,sergeeva-sn,,1119
CA,Canada,forename,1,David,david-fn,M;F,18721
CA,Canada,forename,2,Michael,michael-fn,M,17387
CA,Canada,forename,3,John,john-fn,M,17238
CA,Canada,forename,4,Sara,sara-fn,F;M,16132
CA,Canada,forename,5,Mike,mike-fn,M,14493
CA,Canada,forename,6,Chris,chris-fn,M;F,14426
CA,Canada,forename,7,Alex,alex-fn,M;F,12661
CA,Canada,forename,8,Daniel,daniel-fn,M;F,12382
CA,Canada,forename,9,Kevin,kevin-fn,M,11865
CA,Canada,forename,10,Sarah,sarah-fn,F,11806
CA,Canada,forename,11,Andrew,andrew-fn,M,11757
CA,Canada,forename,12,Ryan,ryan-fn,M;F,11485
CA,Canada,forename,13,Paul,paul-fn,M,10850
CA,Canada,forename,14,Jason,jason-fn,M,10739
CA,Canada,forename,15,Mark,mark-fn,M,10579
CA,Canada,forename,16,James,james-fn,M,9708
CA,Canada,forename,17,Mohamed,mohamed-fn,M,9571
CA,Canada,forename,18,Michelle,michelle-fn,F,9168
CA,Canada,forename,19,Jennifer,jennifer-fn,F,9162
CA,Canada,forename,20,Peter,peter-fn,M,9151
CA,Canada,forename,21,Jessica,jessica-fn,F,9104
CA,Canada,forename,22,Eric,eric-fn,M,8209
CA,Canada,forename,23,Robert,robert-fn,M,8190
CA,Canada,forename,24,Lisa,lisa-fn,F,8160
CA,Canada,forename,25,Steve,steve-fn,M,8020
CA,Canada,forename,26,Adam,adam-fn,M,7709
CA,Canada,forename,27,Matt,matt-fn,M,7610
CA,Canada,forename,28,Nicole,nicole-fn,F,7533
CA,Canada,forename,29,Matthew,matthew-fn,M,7364
CA,Canada,forename,30,Brian,brian-fn,M,7298
CA,Canada,forename,31,Amanda,amanda-fn,F,7160
CA,Canada,forename,32,Richard,richard-fn,M,7142
CA,Canada,forename,33,Justin,justin-fn,M,7123
CA,Canada,forename,34,Karen,karen-fn,F;M,7078
CA,Canada,forename,35,Dave,dave-fn,M,7071
CA,Canada,forename,36,Laura,laura-fn,F,6916
CA,Canada,forename,37,Jeff,jeff-fn,M,6840
CA,Canada,forename,38,Stephanie,stephanie-fn,F,6701
CA,Canada,forename,39,Patrick,patrick-fn,M,6593
CA,Canada,forename,40,Sam,sam-fn,M;F,6275
CA,Canada,forename,41,Melissa,melissa-fn,F,6126
CA,Canada,forename,42,Scott,scott-fn,M,6092
CA,Canada,forename,43,Anna,anna-fn,F;M,6064
CA,Canada,forename,44,Linda,linda-fn,F;M,6045
CA,Canada,forename,45,Julie,julie-fn,F,6032
CA,Canada,forename,46,Mary,mary-fn,F,5900
CA,Canada,forename,47,Ashley,ashley-fn,F;M,5768
CA,Canada,forename,48,Christine,christine-fn,F,5706
CA,Canada,forename,49,Nick,nick-fn,M,5631
CA,Canada,forename,50,Emily,emily-fn,F,5596
CA,Canada,forename,51,Sandra,sandra-fn,F,5591
CA,Canada,forename,52,Ali,ali-fn,M;F,5481
CA,Canada,forename,53,Tony,tony-fn,M,5426
CA,Canada,forename,54,Joe,joe-fn,M,5306
CA,Canada,forename,55,Jonathan,jonathan-fn,M,5219
CA,Canada,forename,56,Anthony,anthony-fn,M,5106
CA,Canada,forename,57,Kyle,kyle-fn,M,5103
CA,Canada,forename,58,Susan,susan-fn,F,5092
CA,Canada,forename,59,Andrea,andrea-fn,F;M,5078
CA,Canada,forename,60,Kim,kim-fn,F;M,4999
CA,Canada,forename,61,Ahmed,ahmed-fn,M,4816
CA,Canada,forename,62,Heather,heather-fn,F,4678
CA,Canada,forename,63,Dan,dan-fn,M,4662
CA,Canada,forename,64,Jordan,jordan-fn,M;F,4408
CA,Canada,forename,65,Tyler,tyler-fn,M;F,4377
CA,Canada,forename,66,Sean,sean-fn,M,4362
CA,Canada,forename,67,Rob,rob-fn,M,4261
CA,Canada,forename,68,Josh,josh-fn,M,4218
CA,Canada,forename,69,Steven,steven-fn,M,4191
CA,Canada,forename,70,Brandon,brandon-fn,M,4158
CA,Canada,forename,71,George,george-fn,M,4116
CA,Canada,forename,72,Ben,ben-fn,M,4071
CA,Canada,forename,73,Joseph,joseph-fn,M;F,3993
CA,Canada,forename,74,Angela,angela-fn,F;M,3918
CA,Canada,forename,75,Jay,jay-fn,M;F,3908
CA,Canada,forename,76,William,william-fn,M,3874
CA,Canada,forename,77,Nancy,nancy-fn,F,3839
CA,Canada,forename,78,Amy,amy-fn,F,3802
CA,Canada,forename,79,Stephen,stephen-fn,M,3785
CA,Canada,forename,80,Rachel,rachel-fn,F,3704
CA,Canada,forename,81,Aaron,aaron-fn,M,3593
CA,Canada,forename,82,Thomas,thomas-fn,M,3580
CA,Canada,forename,83,Martin,martin-fn,M,3556
CA,Canada,forename,84,Simon,simon-fn,M,3524
CA,Canada,forename,85,Tim,tim-fn,M,3493
CA,Canada,forename,86,Samantha,samantha-fn,F,3401
CA,Canada,forename,87,Tom,tom-fn,M,3394
CA,Canada,forename,88,Christopher,christopher-fn,M,3388
CA,Canada,forename,89,Greg,greg-fn,M,3384
CA,Canada,forename,90,Ken,ken-fn,M,3354
CA,Canada,forename,91,Frank,frank-fn,M,3336
CA,Canada,forename,92,Ian,ian-fn,M,3333
CA,Canada,forename,93,Kelly,kelly-fn,F;M,3306
CA,Canada,forename,94,Vanessa,vanessa-fn,F,3240
CA,Canada,forename,95,Jamie,jamie-fn,M;F,3239
CA,Canada,forename,96,Patricia,patricia-fn,F,3221
CA,Canada,forename,97,Bob,bob-fn,M;F,3213
CA,Canada,forename,98,Julia,julia-fn,F,3185
CA,Canada,forename,99,Nathan,nathan-fn,M,3148
CA,Canada,forename,100,Danielle,danielle-fn,F,3140
CA,Canada,surname,1,Singh,singh-sn,M;F,26413
CA,Canada,surname,2,Patel,patel-sn,M;F,14583
CA,Canada,surname,3,Smith,smith-sn,M;F,13151
CA,Canada,surname,4,Lee,lee-sn,M;F,12854
CA,Canada,surname,5,Khan,khan-sn,M;F,10067
CA,Canada,surname,6,Wong,wong-sn,M;F,9748
CA,Canada,surname,7,Gill,gill-sn,M;F,9520
CA,Canada,surname,8,Cox,cox-sn,,9500
CA,Canada,surname,9,Chan,chan-sn,M;F,8900
CA,Canada,surname,10,Kaur,kaur-sn,F,8002
CA,Canada,surname,11,Brown,brown-sn,M;F,7637
CA,Canada,surname,12,Nguyen,nguyen-sn,M;F,6373
CA,Canada,surname,13,Ahmed,ahmed-sn,M;F,6310
CA,Canada,surname,14,Li,li-sn,F;M,6275
CA,Canada,surname,15,Ali,ali-sn,M;F,6115
CA,Canada,surname,16,Sandhu,sandhu-sn,M;F,5927
CA,Canada,surname,17,Sidhu,sidhu-sn,M;F,5387
CA,Canada,surname,18,Wang,wang-sn,F;M,5080
CA,Canada,surname,19,Carter,carter-sn,F;M,5000
CA,Canada,surname,20,Pearson,pearson-sn,,5000
CA,Canada,surname,21,Chen,chen-sn,F;M,4934
CA,Canada,surname,22,Johnson,johnson-sn,M;F,4811
CA,Canada,surname,23,Williams,williams-sn,M;F,4756
CA,Canada,surname,24,Brar,brar-sn,M;F,4374
CA,Canada,surname,25,Dhaliwal,dhaliwal-sn,M;F,4362
CA,Canada,surname,26,Zhang,zhang-sn,F;M,4176
CA,Canada,surname,27,Jones,jones-sn,M;F,4129
CA,Canada,surname,28,Dhillon,dhillon-sn,M;F,4055
CA,Canada,surname,29,Hart,hart-sn,,4000
CA,Canada,surname,30,Patterson,patterson-sn,F;M,4000
CA,Canada,surname,31,Kim,kim-sn,M;F,3947
CA,Canada,surname,32,Liu,liu-sn,F;M,3905
CA,Canada,surname,33,Wilson,wilson-sn,M;F,3881
CA,Canada,surname,34,Martin,martin-sn,M;F,3723
CA,Canada,surname,35,Thomas,thomas-sn,M;F,3621
CA,Canada,surname,36,Grewal,grewal-sn,M;F,3474
CA,Canada,surname,37,Campbell,campbell-sn,M;F,3385
CA,Canada,surname,38,Taylor,taylor-sn,F;M,3359
CA,Canada,surname,39,Shah,shah-sn,M;F,3247
CA,Canada,surname,40,Lam,lam-sn,M;F,3232
CA,Canada,surname,41,Anderson,anderson-sn,M;F,3207
CA,Canada,surname,42,Tran,tran-sn,M;F,3122
CA,Canada,surname,43,Miller,miller-sn,M;F,3063
CA,Canada,surname,44,Joseph,joseph-sn,M;F,2972
CA,Canada,surname,45,Thompson,thompson-sn,M;F,2969
CA,Canada,surname,46,Leung,leung-sn,M;F,2879
CA,Canada,surname,47,Ng,ng-sn,M;F,2865
CA,Canada,surname,48,Wu,wu-sn,F;M,2838
CA,Canada,surname,49,Kumar,kumar-sn,M;F,2661
CA,Canada,surname,50,White,white-sn,M;F,2597
CA,Canada,surname,51,Ho,ho-sn,M;F,2592
CA,Canada,surname,52,Young,young-sn,M;F,2553
CA,Canada,surname,53,Macdonald,macdonald-sn,M;F,2500
CA,Canada,surname,54,Garcia,garcia-sn,M;F,2465
CA,Canada,surname,55,Yang,yang-sn,F;M,2456
CA,Canada,surname,56,Roy,roy-sn,M;F,2437
CA,Canada,surname,57,Scott,scott-sn,M;F,2407
CA,Canada,surname,58,Marie,marie-sn,F;M,2392
CA,Canada,surname,59,Huang,huang-sn,F;M,2376
CA,Canada,surname,60,Yu,yu-sn,M;F,2369
CA,Canada,surname,61,Rocco,rocco-sn,,2364
CA,Canada,surname,62,Ma,ma-sn,F;M,2353
CA,Canada,surname,63,Cheung,cheung-sn,M;F,2333
CA,Canada,surname,64,Robinson,robinson-sn,M;F,2233
CA,Canada,surname,65,Stewart,stewart-sn,M;F,2220
CA,Canada,surname,66,Tremblay,tremblay-sn,M;F,2216
CA,Canada,surname,67,James,james-sn,M;F,2171
CA,Canada,surname,68,Lin,lin-sn,F;M,2154
CA,Canada,surname,69,Clark,clark-sn,M;F,2144
CA,Canada,surname,70,Clarke,clarke-sn,M;F,2144
CA,Canada,surname,71,Hassan,hassan-sn,F;M,2005
CA,Canada,surname,72,Andrews,andrews-sn,M;F,2000
CA,Canada,surname,73,Le,le-sn,F;M,1923
CA,Canada,surname,74,Leblanc,leblanc-sn,F;M,1877
CA,Canada,surname,75,Conley,conley-sn,M;F,1682
CA,Canada,surname,76,Durand,durand-sn,M;F,1682
CA,Canada,surname,77,Farrow,farrow-sn,M;F,1682
CA,Canada,surname,78,Ferrier,ferrier-sn,M;F,1682
CA,Canada,surname,79,McCormick,mc-cormick-sn,M;F,1682
CA,Canada,surname,80,McDaniel,mc-daniel-sn,M;F,1682
CA,Canada,surname,81,Regan,regan-sn,M;F,1682
CA,Canada,surname,82,Reilly,reilly-sn,,1682
CA,Canada,surname,83,Reynolds,reynolds-sn,M;F,1682
CA,Canada,surname,84,Wall,wall-sn,,1682
CA,Canada,surname,85,Rose,rose-sn,F;M,1530
CA,Canada,surname,86,Ahmad,ahmad-sn,M;F,1518
CA,Canada,surname,87,Crawford,crawford-sn,,1500
CA,Canada,surname,88,Owens,owens-sn,,1500
CA,Canada,surname,89,King,king-sn,M;F,1443
CA,Canada,surname,90,Zhao,zhao-sn,F;M,1437
CA,Canada,surname,91,Mann,mann-sn,M;F,1341
CA,Canada,surname,92,John,john-sn,M;F,1321
CA,Canada,surname,93,Lau,lau-sn,M;F,1253
CA,Canada,surname,94,Saini,saini-sn,M;F,1238
CA,Canada,surname,95,Paul,paul-sn,M;F,1233
CA,Canada,surname,96,Lynn,lynn-sn,F;M,1216
CA,Canada,surname,97,Randhawa,randhawa-sn,M,1188
CA,Canada,surname,98,Mohamed,mohamed-sn,M;F,1136
CA,Canada,surname,99,Davis,davis-sn,M;F,1116
CA,Canada,surname,100,Walker,walker-sn,M;F,1110
CH,Switzerland,forename,1,Daniel,daniel-fn,M;F,10834
CH,Switzerland,forename,2,Thomas,thomas-fn,M,7249
CH,Switzerland,forename,3,Marco,marco-fn,M;F,6587
CH,Switzerland,forename,4,Sandra,sandra-fn,F,6543
CH,Switzerland,forename,5,Michael,michael-fn,M,6304
CH,Switzerland,forename,6,Peter,peter-fn,M,6160
CH,Switzerland,forename,7,Patrick,patrick-fn,M,5950
CH,Switzerland,forename,8,David,david-fn,M;F,5839
CH,Switzerland,forename,9,Christian,christian-fn,M;F,5838
CH,Switzerland,forename,10,Sara,sara-fn,F;M,5821
CH,Switzerland,forename,11,Martin,martin-fn,M,5288
CH,Switzerland,forename,12,Stefan,stefan-fn,M,5240
CH,Switzerland,forename,13,Andrea,andrea-fn,F;M,5125
CH,Switzerland,forename,14,Markus,markus-fn,M,4677
CH,Switzerland,forename,15,Claudia,claudia-fn,F,4657
CH,Switzerland,forename,16,Andreas,andreas-fn,M,4440
CH,Switzerland,forename,17,Nicole,nicole-fn,F,4298
CH,Switzerland,forename,18,Philippe,philippe-fn,M,4282
CH,Switzerland,forename,19,Pascal,pascal-fn,M,4242
CH,Switzerland,forename,20,Antonio,antonio-fn,M;F,4028
CH,Switzerland,forename,21,Daniela,daniela-fn,F,3974
CH,Switzerland,forename,22,Bruno,bruno-fn,M,3959
CH,Switzerland,forename,23,Manuel,manuel-fn,M,3798
CH,Switzerland,forename,24,Marc,marc-fn,M,3770
CH,Switzerland,forename,25,Simon,simon-fn,M,3709
CH,Switzerland,forename,26,Christophe,christophe-fn,M,3701
CH,Switzerland,forename,27,Marcel,marcel-fn,M,3527
CH,Switzerland,forename,28,Jose,jose-fn,M;F,3493
CH,Switzerland,forename,29,Barbara,barbara-fn,F,3294
CH,Switzerland,forename,30,Luca,luca-fn,M,3254
CH,Switzerland,forename,31,Roger,roger-fn,M,3192
CH,Switzerland,forename,32,Monika,monika-fn,F,3143
CH,Switzerland,forename,33,Sarah,sarah-fn,F,3123
CH,Switzerland,forename,34,Andre,andre-fn,M;F,3081
CH,Switzerland,forename,35,Urs,urs-fn,M,3073
CH,Switzerland,forename,36,Manuela,manuela-fn,F,3053
CH,Switzerland,forename,37,Laura,laura-fn,F,3014
CH,Switzerland,forename,38,Karin,karin-fn,F,3003
CH,Switzerland,forename,39,Nicolas,nicolas-fn,M,2988
CH,Switzerland,forename,40,Anna,anna-fn,F;M,2874
CH,Switzerland,forename,41,Kevin,kevin-fn,M,2857
CH,Switzerland,forename,42,Mario,mario-fn,M,2841
CH,Switzerland,forename,43,Roland,roland-fn,M,2826
CH,Switzerland,forename,44,Michel,michel-fn,M;F,2800
CH,Switzerland,forename,45,Alex,alex-fn,M;F,2780
CH,Switzerland,forename,46,Silvia,silvia-fn,F,2772
CH,Switzerland,forename,47,Patricia,patricia-fn,F,2634
CH,Switzerland,forename,48,Carlos,carlos-fn,M;F,2617
CH,Switzerland,forename,49,Christine,christine-fn,F,2592
CH,Switzerland,forename,50,Adrian,adrian-fn,M,2530
CH,Switzerland,forename,51,Ana,ana-fn,F;M,2477
CH,Switzerland,forename,52,Beat,beat-fn,M,2460
CH,Switzerland,forename,53,Fabian,fabian-fn,M,2458
CH,Switzerland,forename,54,Fabio,fabio-fn,M,2447
CH,Switzerland,forename,55,Sabrina,sabrina-fn,F;M,2400
CH,Switzerland,forename,56,Nathalie,nathalie-fn,F,2382
CH,Switzerland,forename,57,Reto,reto-fn,M,2370
CH,Switzerland,forename,58,Hans,hans-fn,M,2360
CH,Switzerland,forename,59,Brigitte,brigitte-fn,F,2357
CH,Switzerland,forename,60,Rolf,rolf-fn,M,2306
CH,Switzerland,forename,61,Lukas,lukas-fn,M,2278
CH,Switzerland,forename,62,Sandro,sandro-fn,M,2251
CH,Switzerland,forename,63,Rene,rene-fn,M;F,2193
CH,Switzerland,forename,64,Christoph,christoph-fn,M,2189
CH,Switzerland,forename,65,Giuseppe,giuseppe-fn,M,2182
CH,Switzerland,forename,66,Samuel,samuel-fn,M;F,2163
CH,Switzerland,forename,67,Alexandra,alexandra-fn,F,2153
CH,Switzerland,forename,68,Florian,florian-fn,M,2125
CH,Switzerland,forename,69,Anita,anita-fn,F,2099
CH,Switzerland,forename,70,Corinne,corinne-fn,F,2089
CH,Switzerland,forename,71,Vanessa,vanessa-fn,F,2066
CH,Switzerland,forename,72,Jessica,jessica-fn,F,2058
CH,Switzerland,forename,73,Ursula,ursula-fn,F,2033
CH,Switzerland,forename,74,Melanie,melanie-fn,F,2006
CH,Switzerland,forename,75,Fabienne,fabienne-fn,F,2000
CH,Switzerland,forename,76,Walter,walter-fn,M,1986
CH,Switzerland,forename,77,Angela,angela-fn,F;M,1978
CH,Switzerland,forename,78,Philipp,philipp-fn,M,1976
CH,Switzerland,forename,79,Jan,jan-fn,M;F,1975
CH,Switzerland,forename,80,Matthias,matthias-fn,M,1909
CH,Switzerland,forename,81,Roman,roman-fn,M,1908
CH,Switzerland,forename,82,Alain,alain-fn,M,1897
CH,Switzerland,forename,83,Susanne,susanne-fn,F,1887
CH,Switzerland,forename,84,Nadine,nadine-fn,F,1876
CH,Switzerland,forename,85,Isabelle,isabelle-fn,F,1861
CH,Switzerland,forename,86,Luis,luis-fn,M;F,1844
CH,Switzerland,forename,87,Martina,martina-fn,F,1836
CH,Switzerland,forename,88,Claudio,claudio-fn,M,1834
CH,Switzerland,forename,89,Robert,robert-fn,M,1829
CH,Switzerland,forename,90,Ruth,ruth-fn,F,1821
CH,Switzerland,forename,91,Joel,joel-fn,M,1810
CH,Switzerland,forename,92,Dominik,dominik-fn,M,1785
CH,Switzerland,forename,93,Olivier,olivier-fn,M,1780
CH,Switzerland,forename,94,Sonja,sonja-fn,F,1780
CH,Switzerland,forename,95,Marianne,marianne-fn,F,1779
CH,Switzerland,forename,96,Oliver,oliver-fn,M,1776
CH,Switzerland,forename,97,Pedro,pedro-fn,M,1756
CH,Switzerland,forename,98,Paulo,paulo-fn,M,1751
CH,Switzerland,forename,99,Tanja,tanja-fn,F,1744
CH,Switzerland,forename,100,Rita,rita-fn,F,1726
CH,Switzerland,surname,1,Müller,muller-sn,M;F,5644
CH,Switzerland,surname,2,Meier,meier-sn,M;F,4052
CH,Switzerland,surname,3,Silva,silva-sn,M;F,3708
CH,Switzerland,surname,4,Schmid,schmid-sn,F;M,3582
CH,Switzerland,surname,5,Santos,santos-sn,F;M,3053
CH,Switzerland,surname,6,Ferreira,ferreira-sn,F;M,2918
CH,Switzerland,surname,7,Pereira,pereira-sn,M;F,2661
CH,Switzerland,surname,8,Keller,keller-sn,M;F,2425
CH,Switzerland,surname,9,Bruder,bruder-sn,F;M,2000
CH,Switzerland,surname,10,Weber,weber-sn,M,1276
CH,Switzerland,surname,11,Schneider,schneider-sn,M;F,1228
CH,Switzerland,surname,12,Krasniqi,krasniqi-sn,M;F,1176
CH,Switzerland,surname,13,Meyer,meyer-sn,M;F,1147
CH,Switzerland,surname,14,Costa,costa-sn,M;F,1116
CH,Switzerland,surname,15,Rodrigues,rodrigues-sn,F;M,1111
CH,Switzerland,surname,16,Steiner,steiner-sn,M;F,1098
CH,Switzerland,surname,17,Huber,huber-sn,,1095
CH,Switzerland,surname,18,Berisha,berisha-sn,,1052
CH,Switzerland,surname,19,Oliveira,oliveira-sn,F;M,1047
CH,Switzerland,surname,20,Gashi,gashi-sn,M;F,1041
CH,Switzerland,surname,21,Fernandes,fernandes-sn,M;F,1016
CH,Switzerland,surname,22,Maurer,maurer-sn,F;M,878
CH,Switzerland,surname,23,Hassan,hassan-sn,F;M,400
CH,Switzerland,surname,24,Groß,gross-sn,,359
CH,Switzerland,surname,25,Ma,ma-sn,F;M,296
CH,Switzerland,surname,26,Le,le-sn,F;M,242
CH,Switzerland,surname,27,Faria,faria-sn,,221
CH,Switzerland,surname,28,Saraiva,saraiva-sn,F;M,130
CH,Switzerland,surname,29,Angelo,angelo-sn,,126
CH,Switzerland,surname,30,Moro,moro-sn,F;M,98
CH,Switzerland,surname,31,Michele,michele-sn,F;M,94
CH,Switzerland,surname,32,Donati,donati-sn,F;M,83
CH,Switzerland,surname,33,Zhao,zhao-sn,F;M,80
CH,Switzerland,surname,34,Fall,fall-sn,,79
CH,Switzerland,surname,35,Santo,santo-sn,F;M,76
CH,Switzerland,surname,36,Chevalier,chevalier-sn,F;M,75
CH,Switzerland,surname,37,Falk,falk-sn,F;M,71
CH,Switzerland,surname,38,Mancuso,mancuso-sn,F;M,69
CH,Switzerland,surname,39,Viola,viola-sn,M;F,68
CH,Switzerland,surname,40,Bonnet,bonnet-sn,F;M,67
CH,Switzerland,surname,41,Pagani,pagani-sn,F;M,66
CH,Switzerland,surname,42,Terzi,terzi-sn,,64
CH,Switzerland,surname,43,Jana,jana-sn,F;M,63
CH,Switzerland,surname,44,Massimo,massimo-sn,F;M,63
CH,Switzerland,surname,45,Dia,dia-sn,,59
CH,Switzerland,surname,46,Işık,isik-sn,F;M,59
CH,Switzerland,surname,47,Caroline,caroline-sn,,58
CH,Switzerland,surname,48,Crespo,crespo-sn,F;M,53
CH,Switzerland,surname,49,Damato,damato-sn,F;M,53
CH,Switzerland,surname,50,Seven,seven-sn,F;M,52
CH,Switzerland,surname,51,Power,power-sn,,50
CH,Switzerland,surname,52,Zheng,zheng-sn,F;M,47
CH,Switzerland,surname,53,Didi,didi-sn,F;M,46
CH,Switzerland,surname,54,Franchi,franchi-sn,F;M,46
CH,Switzerland,surname,55,La Rocca,la-rocca-sn,,46
CH,Switzerland,surname,56,Parra,parra-sn,F;M,46
CH,Switzerland,surname,57,Colucci,colucci-sn,F;M,44
CH,Switzerland,surname,58,Torre,torre-sn,F;M,43
CH,Switzerland,surname,59,Panico,panico-sn,F;M,42
CH,Switzerland,surname,60,Raymond,raymond-sn,F;M,41
CH,Switzerland,surname,61,Filippi,filippi-sn,F;M,39
CH,Switzerland,surname,62,Castellano,castellano-sn,,38
CH,Switzerland,surname,63,Perri,perri-sn,F;M,34
CH,Switzerland,surname,64,Sabatino,sabatino-sn,,34
CH,Switzerland,surname,65,Berardi,berardi-sn,F;M,33
CH,Switzerland,surname,66,Cosentino,cosentino-sn,F;M,33
CH,Switzerland,surname,67,Zara,zara-sn,F;M,33
CH,Switzerland,surname,68,Trevisan,trevisan-sn,F;M,31
CH,Switzerland,surname,69,Deva,deva-sn,F;M,29
CH,Switzerland,surname,70,Dib,dib-sn,F;M,29
CH,Switzerland,surname,71,Granata,granata-sn,F;M,28
CH,Switzerland,surname,72,Mendonça,mendonca-sn,F;M,28
CH,Switzerland,surname,73,Dağlı,dagli-sn,,27
CH,Switzerland,surname,74,Pisani,pisani-sn,F;M,26
CH,Switzerland,surname,75,Popa,popa-sn,F;M,26
CH,Switzerland,surname,76,Rm,rm-sn,F;M,26
CH,Switzerland,surname,77,Haidar,haidar-sn,F;M,25
CH,Switzerland,surname,78,Enrique,enrique-sn,F;M,24
CH,Switzerland,surname,79,Manzano,manzano-sn,F;M,24
CH,Switzerland,surname,80,Vasile,vasile-sn,F;M,24
CH,Switzerland,surname,81,Jurado,jurado-sn,F;M,22
CH,Switzerland,surname,82,Luciani,luciani-sn,F;M,22
CH,Switzerland,surname,83,Marrone,marrone-sn,F;M,22
CH,Switzerland,surname,84,Peker,peker-sn,F;M,22
CH,Switzerland,surname,85,Arıkan,arikan-sn,F;M,20
CH,Switzerland,surname,86,Battista,battista-sn,,20
CH,Switzerland,surname,87,Bruce,bruce-sn,F;M,20
CH,Switzerland,surname,88,Dev,dev-sn,F;M,20
CH,Switzerland,surname,89,Sanfilippo,sanfilippo-sn,F;M,20
CH,Switzerland,surname,90,Avşar,avsar-sn,F;M,19
CH,Switzerland,surname,91,Cipriani,cipriani-sn,F;M,19
CH,Switzerland,surname,92,Gharib,gharib-sn,,19
CH,Switzerland,surname,93,Iacono,iacono-sn,,19
CH,Switzerland,surname,94,Kavak,kavak-sn,F;M,19
CH,Switzerland,surname,95,Leblanc,leblanc-sn,F;M,18
CH,Switzerland,surname,96,Leroux,leroux-sn,,17
CH,Switzerland,surname,97,Matta,matta-sn,F;M,17
CH,Switzerland,surname,98,Amen,amen-sn,F;M,16
CH,Switzerland,surname,99,Loi,loi-sn,F;M,16
CH,Switzerland,surname,100,Mariam,mariam-sn,F;M,16
CL,Chile,forename,1,Juan,juan-fn,M,83578
CL,Chile,forename,2,Luis,luis-fn,M;F,80165
CL,Chile,forename,3,Jose,jose-fn,M;F,78227
CL,Chile,forename,4,Carlos,carlos-fn,M;F,69263
CL,Chile,forename,5,Jorge,jorge-fn,M,53665
CL,Chile,forename,6,Cristian,cristian-fn,M,51815
CL,Chile,forename,7,Francisco,francisco-fn,M,44308
CL,Chile,forename,8,Rodrigo,rodrigo-fn,M,42228
CL,Chile,forename,9,Felipe,felipe-fn,M,40956
CL,Chile,forename,10,Sebastian,sebastian-fn,M,37541
CL,Chile,forename,11,Carolina,carolina-fn,F;M,36797
CL,Chile,forename,12,Manuel,manuel-fn,M,35869
CL,Chile,forename,13,Diego,diego-fn,M,35863
CL,Chile,forename,14,Victor,victor-fn,M,35812
CL,Chile,forename,15,Claudia,claudia-fn,F,35519
CL,Chile,forename,16,Alejandro,alejandro-fn,M,35425
CL,Chile,forename,17,Patricia,patricia-fn,F,35355
CL,Chile,forename,18,Patricio,patricio-fn,M,33832
CL,Chile,forename,19,Matias,matias-fn,M,33516
CL,Chile,forename,20,Daniel,daniel-fn,M;F,33468
CL,Chile,forename,21,Pablo,pablo-fn,M,32713
CL,Chile,forename,22,Camila,camila-fn,F,32357
CL,Chile,forename,23,Eduardo,eduardo-fn,M,32179
CL,Chile,forename,24,Andres,andres-fn,M;F,31793
CL,Chile,forename,25,Claudio,claudio-fn,M,31255
CL,Chile,forename,26,Nicolas,nicolas-fn,M,30571
CL,Chile,forename,27,Miguel,miguel-fn,M,30117
CL,Chile,forename,28,Sergio,sergio-fn,M,29052
CL,Chile,forename,29,Andrea,andrea-fn,F;M,28880
CL,Chile,forename,30,Javier,javier-fn,M,28800
CL,Chile,forename,31,Alejandra,alejandra-fn,F,28477
CL,Chile,forename,32,Marcelo,marcelo-fn,M,28045
CL,Chile,forename,33,Pedro,pedro-fn,M,27998
CL,Chile,forename,34,Rosa,rosa-fn,F,27656
CL,Chile,forename,35,Ricardo,ricardo-fn,M,27415
CL,Chile,forename,36,Daniela,daniela-fn,F,27340
CL,Chile,forename,37,Mauricio,mauricio-fn,M,27099
CL,Chile,forename,38,Fernando,fernando-fn,M,26443
CL,Chile,forename,39,Ana,ana-fn,F;M,26404
CL,Chile,forename,40,Marcela,marcela-fn,F,25456
CL,Chile,forename,41,Carmen,carmen-fn,F,25026
CL,Chile,forename,42,Javiera,javiera-fn,F,24535
CL,Chile,forename,43,Veronica,veronica-fn,F,24048
CL,Chile,forename,44,Benjamin,benjamin-fn,M,23698
CL,Chile,forename,45,Catalina,catalina-fn,F,23421
CL,Chile,forename,46,Ignacio,ignacio-fn,M,23163
CL,Chile,forename,47,Sandra,sandra-fn,F,23126
CL,Chile,forename,48,Francisca,francisca-fn,F,22997
CL,Chile,forename,49,Hector,hector-fn,M,22775
CL,Chile,forename,50,Mario,mario-fn,M,22755
CL,Chile,forename,51,Cecilia,cecilia-fn,F,22358
CL,Chile,forename,52,Roberto,roberto-fn,M,22338
CL,Chile,forename,53,Jaime,jaime-fn,M,22231
CL,Chile,forename,54,David,david-fn,M;F,20975
CL,Chile,forename,55,Valentina,valentina-fn,F,20677
CL,Chile,forename,56,Paola,paola-fn,F,20373
CL,Chile,forename,57,Constanza,constanza-fn,F,19897
CL,Chile,forename,58,Elizabeth,elizabeth-fn,F,19788
CL,Chile,forename,59,Fernanda,fernanda-fn,F,18633
CL,Chile,forename,60,Oscar,oscar-fn,M,18403
CL,Chile,forename,61,Monica,monica-fn,F,17774
CL,Chile,forename,62,Gabriel,gabriel-fn,M,17685
CL,Chile,forename,63,Marco,marco-fn,M;F,17554
CL,Chile,forename,64,Juan Carlos,juan-carlos-fn,M,17341
CL,Chile,forename,65,Pamela,pamela-fn,F,17154
CL,Chile,forename,66,Margarita,margarita-fn,F,17029
CL,Chile,forename,67,Isabel,isabel-fn,F,16256
CL,Chile,forename,68,Cesar,cesar-fn,M,15878
CL,Chile,forename,69,Paula,paula-fn,F;M,15693
CL,Chile,forename,70,Gonzalo,gonzalo-fn,M,15681
CL,Chile,forename,71,Martin,martin-fn,M,15354
CL,Chile,forename,72,Lorena,lorena-fn,F,15202
CL,Chile,forename,73,Raul,raul-fn,M,15174
CL,Chile,forename,74,Vicente,vicente-fn,M,14687
CL,Chile,forename,75,Angelica,angelica-fn,F,14436
CL,Chile,forename,76,Gloria,gloria-fn,F,14398
CL,Chile,forename,77,Paulina,paulina-fn,F,14292
CL,Chile,forename,78,Alex,alex-fn,M;F,14213
CL,Chile,forename,79,Ximena,ximena-fn,F,14189
CL,Chile,forename,80,Esteban,esteban-fn,M,14181
CL,Chile,forename,81,Sofia,sofia-fn,F,14072
CL,Chile,forename,82,Guillermo,guillermo-fn,M,13932
CL,Chile,forename,83,Antonio,antonio-fn,M;F,13927
CL,Chile,forename,84,Fabian,fabian-fn,M,13772
CL,Chile,forename,85,Natalia,natalia-fn,F,13625
CL,Chile,forename,86,Cristobal,cristobal-fn,M,13481
CL,Chile,forename,87,Ivan,ivan-fn,M,13362
CL,Chile,forename,88,Alvaro,alvaro-fn,M,13171
CL,Chile,forename,89,Jessica,jessica-fn,F,12921
CL,Chile,forename,90,Alexis,alexis-fn,M;F,12840
CL,Chile,forename,91,Julio,julio-fn,M,12702
CL,Chile,forename,92,Karen,karen-fn,F;M,12485
CL,Chile,forename,93,Barbara,barbara-fn,F,12246
CL,Chile,forename,94,Nelson,nelson-fn,M,12207
CL,Chile,forename,95,Carla,carla-fn,F,12152
CL,Chile,forename,96,Bastian,bastian-fn,M,12143
CL,Chile,forename,97,Nicole,nicole-fn,F,12086
CL,Chile,forename,98,Marisol,marisol-fn,F,12023
CL,Chile,forename,99,Viviana,viviana-fn,F,11999
CL,Chile,forename,100,Joaquin,joaquin-fn,M,11990
CL,Chile,surname,1,Muñoz,munoz-sn,F;M,55860
CL,Chile,surname,2,Rojas,rojas-sn,M;F,44635
CL,Chile,surname,3,Diaz,diaz-sn,F;M,41786
CL,Chile,surname,4,Perez,perez-sn,F;M,39105
CL,Chile,surname,5,Rodriguez,rodriguez-sn,F;M,31360
CL,Chile,surname,6,Contreras,contreras-sn,F;M,30158
CL,Chile,surname,7,Lopez,lopez-sn,F;M,30158
CL,Chile,surname,8,Martinez,martinez-sn,F;M,29932
CL,Chile,surname,9,Soto,soto-sn,M;F,28455
CL,Chile,surname,10,Morales,morales-sn,M;F,26967
CL,Chile,surname,11,Torres,torres-sn,F;M,26357
CL,Chile,surname,12,Hernandez,hernandez-sn,M;F,26268
CL,Chile,surname,13,Silva,silva-sn,M;F,25929
CL,Chile,surname,14,Sepulveda,sepulveda-sn,M;F,25726
CL,Chile,surname,15,Castillo,castillo-sn,F;M,25711
CL,Chile,surname,16,Flores,flores-sn,F;M,24499
CL,Chile,surname,17,Ramirez,ramirez-sn,M;F,24195
CL,Chile,surname,18,Fuentes,fuentes-sn,M;F,23805
CL,Chile,surname,19,Reyes,reyes-sn,M;F,22995
CL,Chile,surname,20,Araya,araya-sn,M;F,22671
CL,Chile,surname,21,Castro,castro-sn,M;F,22505
CL,Chile,surname,22,Espinoza,espinoza-sn,M;F,22487
CL,Chile,surname,23,Gutierrez,gutierrez-sn,M;F,21293
CL,Chile,surname,24,Toledo,toledo-sn,M;F,21058
CL,Chile,surname,25,Vargas,vargas-sn,M;F,20946
CL,Chile,surname,26,Fernandez,fernandez-sn,F;M,20576
CL,Chile,surname,27,Alvarez,alvarez-sn,F;M,20573
CL,Chile,surname,28,Gomez,gomez-sn,F;M,19011
CL,Chile,surname,29,Vasquez,vasquez-sn,M;F,18792
CL,Chile,surname,30,Herrera,herrera-sn,F;M,18557
CL,Chile,surname,31,Cortes,cortes-sn,M;F,17297
CL,Chile,surname,32,Garcia,garcia-sn,M;F,17171
CL,Chile,surname,33,Carrasco,carrasco-sn,M;F,16754
CL,Chile,surname,34,Tapia,tapia-sn,M;F,16695
CL,Chile,surname,35,Vergara,vergara-sn,M;F,16379
CL,Chile,surname,36,Nuñez,nunez-sn,M;F,14983
CL,Chile,surname,37,Jara,jara-sn,M;F,14959
CL,Chile,surname,38,Rivera,rivera-sn,M;F,14923
CL,Chile,surname,39,Riquelme,riquelme-sn,,14371
CL,Chile,surname,40,Figueroa,figueroa-sn,M;F,13898
CL,Chile,surname,41,Miranda,miranda-sn,F;M,13769
CL,Chile,surname,42,Sandoval,sandoval-sn,F;M,13435
CL,Chile,surname,43,Bravo,bravo-sn,M;F,13221
CL,Chile,surname,44,Molina,molina-sn,M;F,13216
CL,Chile,surname,45,Vera,vera-sn,F;M,12757
CL,Chile,surname,46,Campos,campos-sn,M;F,12465
CL,Chile,surname,47,Orellana,orellana-sn,M;F,12151
CL,Chile,surname,48,Vega,vega-sn,M;F,12150
CL,Chile,surname,49,Bustos,bustos-sn,M;F,12112
CL,Chile,surname,50,Gallardo,gallardo-sn,F;M,12068
CL,Chile,surname,51,Salazar,salazar-sn,M;F,11962
CL,Chile,surname,52,Guzman,guzman-sn,F;M,11928
CL,Chile,surname,53,Ortiz,ortiz-sn,M;F,11913
CL,Chile,surname,54,Andres,andres-sn,M,11886
CL,Chile,surname,55,Romero,romero-sn,F;M,11884
CL,Chile,surname,56,Olivares,olivares-sn,M;F,11691
CL,Chile,surname,57,Alarcon,alarcon-sn,M;F,11475
CL,Chile,surname,58,Parra,parra-sn,F;M,11202
CL,Chile,surname,59,Godoy,godoy-sn,M;F,11112
CL,Chile,surname,60,Aguilera,aguilera-sn,M;F,10962
CL,Chile,surname,61,Ignacio,ignacio-sn,M;F,10770
CL,Chile,surname,62,Saavedra,saavedra-sn,M;F,10768
CL,Chile,surname,63,Andrea,andrea-sn,F;M,10200
CL,Chile,surname,64,Caceres,caceres-sn,M;F,10118
CL,Chile,surname,65,Pizarro,pizarro-sn,M;F,10093
CL,Chile,surname,66,Escobar,escobar-sn,M;F,10080
CL,Chile,surname,67,Jimenez,jimenez-sn,F;M,10080
CL,Chile,surname,68,Navarro,navarro-sn,F;M,10077
CL,Chile,surname,69,Aravena,aravena-sn,M;F,10039
CL,Chile,surname,70,Ruiz,ruiz-sn,M;F,9936
CL,Chile,surname,71,Peña,pena-sn,M;F,9935
CL,Chile,surname,72,Medina,medina-sn,M;F,9893
CL,Chile,surname,73,Vidal,vidal-sn,F;M,9665
CL,Chile,surname,74,Zuñiga,zuniga-sn,M;F,9553
CL,Chile,surname,75,Leiva,leiva-sn,F;M,9458
CL,Chile,surname,76,Salinas,salinas-sn,M;F,9209
CL,Chile,surname,77,Moreno,moreno-sn,F;M,9198
CL,Chile,surname,78,Maldonado,maldonado-sn,M;F,8890
CL,Chile,surname,79,Lagos,lagos-sn,M;F,8775
CL,Chile,surname,80,Valdes,valdes-sn,M;F,8532
CL,Chile,surname,81,Henriquez,henriquez-sn,M;F,8323
CL,Chile,surname,82,Paredes,paredes-sn,M;F,8253
CL,Chile,surname,83,Carvajal,carvajal-sn,M;F,8215
CL,Chile,surname,84,Bustamante,bustamante-sn,M;F,8186
CL,Chile,surname,85,Ramos,ramos-sn,M;F,8078
CL,Chile,surname,86,Ortega,ortega-sn,M;F,8063
CL,Chile,surname,87,Alvarado,alvarado-sn,M;F,8022
CL,Chile,surname,88,Palma,palma-sn,M;F,7835
CL,Chile,surname,89,Sanhueza,sanhueza-sn,M;F,7795
CL,Chile,surname,90,Guerrero,guerrero-sn,M;F,7794
CL,Chile,surname,91,Mora,mora-sn,M;F,7732
CL,Chile,surname,92,Navarrete,navarrete-sn,M,7667
CL,Chile,surname,93,Acevedo,acevedo-sn,F;M,7658
CL,Chile,surname,94,Pino,pino-sn,M;F,7642
CL,Chile,surname,95,Donoso,donoso-sn,M;F,7641
CL,Chile,surname,96,Poblete,poblete-sn,M;F,7635
CL,Chile,surname,97,Garrido,garrido-sn,M;F,7586
CL,Chile,surname,98,Yañez,yanez-sn,M;F,7520
CL,Chile,surname,99,Venegas,venegas-sn,,7484
CL,Chile,surname,100,Cardenas,cardenas-sn,M;F,7328
CM,Cameroon,forename,1,Marie,marie-fn,F;M,9045
CM,Cameroon,forename,2,Emmanuel,emmanuel-fn,M,7347
CM,Cameroon,forename,3,Joseph,joseph-fn,M;F,6984
CM,Cameroon,forename,4,Jean,jean-fn,M;F,6831
CM,Cameroon,forename,5,Christelle,christelle-fn,F,5943
CM,Cameroon,forename,6,Mohamed,mohamed-fn,M,5838
CM,Cameroon,forename,7,Christian,christian-fn,M;F,5282
CM,Cameroon,forename,8,Eric,eric-fn,M,5101
CM,Cameroon,forename,9,Ibrahim,ibrahim-fn,M;F,4987
CM,Cameroon,forename,10,Alain,alain-fn,M,4847
CM,Cameroon,forename,11,Michel,michel-fn,M;F,4489
CM,Cameroon,forename,12,Pierre,pierre-fn,M,4417
CM,Cameroon,forename,13,Sandrine,sandrine-fn,F,4377
CM,Cameroon,forename,14,Carine,carine-fn,F,4327
CM,Cameroon,forename,15,Paul,paul-fn,M,4223
CM,Cameroon,forename,16,Patrick,patrick-fn,M,4161
CM,Cameroon,forename,17,Daniel,daniel-fn,M;F,4112
CM,Cameroon,forename,18,Stephane,stephane-fn,M,4108
CM,Cameroon,forename,19,Serge,serge-fn,M,3989
CM,Cameroon,forename,20,Junior,junior-fn,M,3947
CM,Cameroon,forename,21,David,david-fn,M;F,3814
CM,Cameroon,forename,22,Vanessa,vanessa-fn,F,3807
CM,Cameroon,forename,23,Rose,rose-fn,F,3778
CM,Cameroon,forename,24,Franck,franck-fn,M,3650
CM,Cameroon,forename,25,Samuel,samuel-fn,M;F,3575
CM,Cameroon,forename,26,Rodrigue,rodrigue-fn,M,3541
CM,Cameroon,forename,27,Mireille,mireille-fn,F,3463
CM,Cameroon,forename,28,Fabrice,fabrice-fn,M,3415
CM,Cameroon,forename,29,Yannick,yannick-fn,M;F,3392
CM,Cameroon,forename,30,Solange,solange-fn,F,3251
CM,Cameroon,forename,31,Abdo,abdo-fn,M;F,3250
CM,Cameroon,forename,32,Martin,martin-fn,M,3244
CM,Cameroon,forename,33,Andre,andre-fn,M;F,3223
CM,Cameroon,forename,34,Herve,herve-fn,M,3182
CM,Cameroon,forename,35,Flore,flore-fn,F,3175
CM,Cameroon,forename,36,François,francois-fn,M,3091
CM,Cameroon,forename,37,Nadine,nadine-fn,F,3081
CM,Cameroon,forename,38,Thierry,thierry-fn,M,3075
CM,Cameroon,forename,39,Bertrand,bertrand-fn,M,3044
CM,Cameroon,forename,40,Laure,laure-fn,F,2982
CM,Cameroon,forename,41,Roger,roger-fn,M,2932
CM,Cameroon,forename,42,Diane,diane-fn,F,2915
CM,Cameroon,forename,43,Francis,francis-fn,M;F,2913
CM,Cameroon,forename,44,Florence,florence-fn,F,2828
CM,Cameroon,forename,45,Boris,boris-fn,M,2811
CM,Cameroon,forename,46,Therese,therese-fn,F,2770
CM,Cameroon,forename,47,Sylvie,sylvie-fn,F,2757
CM,Cameroon,forename,48,Aboubakar,aboubakar-fn,M,2752
CM,Cameroon,forename,49,Nadege,nadege-fn,F,2741
CM,Cameroon,forename,50,Joel,joel-fn,M,2740
CM,Cameroon,forename,51,Josiane,josiane-fn,F,2706
CM,Cameroon,forename,52,Moussa,moussa-fn,M,2704
CM,Cameroon,forename,53,Alex,alex-fn,M;F,2634
CM,Cameroon,forename,54,Rosine,rosine-fn,F,2576
CM,Cameroon,forename,55,Dieudonne,dieudonne-fn,M,2562
CM,Cameroon,forename,56,Linda,linda-fn,F;M,2521
CM,Cameroon,forename,57,Olivier,olivier-fn,M,2444
CM,Cameroon,forename,58,Guy,guy-fn,M,2443
CM,Cameroon,forename,59,Pauline,pauline-fn,F,2415
CM,Cameroon,forename,60,Oumarou,oumarou-fn,M,2409
CM,Cameroon,forename,61,Charles,charles-fn,M,2397
CM,Cameroon,forename,62,Cedric,cedric-fn,M,2373
CM,Cameroon,forename,63,Jeanne,jeanne-fn,F,2372
CM,Cameroon,forename,64,Nathalie,nathalie-fn,F,2358
CM,Cameroon,forename,65,Steve,steve-fn,M,2352
CM,Cameroon,forename,66,Esther,esther-fn,F,2350
CM,Cameroon,forename,67,Blaise,blaise-fn,M,2343
CM,Cameroon,forename,68,Carole,carole-fn,F,2307
CM,Cameroon,forename,69,Yves,yves-fn,M,2306
CM,Cameroon,forename,70,Christine,christine-fn,F,2295
CM,Cameroon,forename,71,Adamou,adamou-fn,M,2291
CM,Cameroon,forename,72,William,william-fn,M,2271
CM,Cameroon,forename,73,Martial,martial-fn,M,2263
CM,Cameroon,forename,74,Pascal,pascal-fn,M,2255
CM,Cameroon,forename,75,Marcel,marcel-fn,M,2228
CM,Cameroon,forename,76,Alice,alice-fn,F,2226
CM,Cameroon,forename,77,Stephanie,stephanie-fn,F,2225
CM,Cameroon,forename,78,Armand,armand-fn,M,2223
CM,Cameroon,forename,79,Elvis,elvis-fn,M,2215
CM,Cameroon,forename,80,Cyrille,cyrille-fn,M,2178
CM,Cameroon,forename,81,Anne,anne-fn,F;M,2146
CM,Cameroon,forename,82,Richard,richard-fn,M,2139
CM,Cameroon,forename,83,Judith,judith-fn,F,2137
CM,Cameroon,forename,84,Jacques,jacques-fn,M,2127
CM,Cameroon,forename,85,Bernard,bernard-fn,M,2115
CM,Cameroon,forename,86,Jules,jules-fn,M,2115
CM,Cameroon,forename,87,Michelle,michelle-fn,F,2110
CM,Cameroon,forename,88,Amadou,amadou-fn,M,2101
CM,Cameroon,forename,89,Mohamadou,mohamadou-fn,M,2089
CM,Cameroon,forename,90,Yaya,yaya-fn,M;F,2086
CM,Cameroon,forename,91,Chantal,chantal-fn,F,2070
CM,Cameroon,forename,92,Georges,georges-fn,M,2048
CM,Cameroon,forename,93,Viviane,viviane-fn,F,2048
CM,Cameroon,forename,94,Robert,robert-fn,M,2043
CM,Cameroon,forename,95,Tatiana,tatiana-fn,F,2011
CM,Cameroon,forename,96,Madeleine,madeleine-fn,F,2009
CM,Cameroon,forename,97,Hamadou,hamadou-fn,M,2006
CM,Cameroon,forename,98,Landry,landry-fn,M,1986
CM,Cameroon,forename,99,Gaelle,gaelle-fn,F,1985
CM,Cameroon,forename,100,Gabriel,gabriel-fn,M,1975
CM,Cameroon,surname,1,Nana,nana-sn,F;M,5824
CM,Cameroon,surname,2,Kengne,kengne-sn,F;M,3902
CM,Cameroon,surname,3,Fotso,fotso-sn,M;F,3842
CM,Cameroon,surname,4,Ngono,ngono-sn,F,3706
CM,Cameroon,surname,5,Kenfack,kenfack-sn,F;M,3343
CM,Cameroon,surname,6,Dongmo,dongmo-sn,M;F,3285
CM,Cameroon,surname,7,Mohamed,mohamed-sn,M;F,2953
CM,Cameroon,surname,8,Simo,simo-sn,M;F,2777
CM,Cameroon,surname,9,Emmanuel,emmanuel-sn,M;F,2767
CM,Cameroon,surname,10,Moussa,moussa-sn,M;F,2743
CM,Cameroon,surname,11,Kamga,kamga-sn,M;F,2683
CM,Cameroon,surname,12,Oumarou,oumarou-sn,M,2449
CM,Cameroon,surname,13,Manga,manga-sn,M;F,2412
CM,Cameroon,surname,14,Kenne,kenne-sn,M;F,2306
CM,Cameroon,surname,15,Ibrahim,ibrahim-sn,M;F,2298
CM,Cameroon,surname,16,Kameni,kameni-sn,F;M,2154
CM,Cameroon,surname,17,Bouba,bouba-sn,M,2152
CM,Cameroon,surname,18,Hamadou,hamadou-sn,M,2023
CM,Cameroon,surname,19,Kamdem,kamdem-sn,M,1997
CM,Cameroon,surname,20,Adamou,adamou-sn,M,1970
CM,Cameroon,surname,21,Yaya,yaya-sn,M;F,1953
CM,Cameroon,surname,22,Marie,marie-sn,F;M,1873
CM,Cameroon,surname,23,Mengue,mengue-sn,F,1857
CM,Cameroon,surname,24,Aboubakar,aboubakar-sn,M,1834
CM,Cameroon,surname,25,Abubakar,abubakar-sn,M;F,1834
CM,Cameroon,surname,26,Talla,talla-sn,M,1787
CM,Cameroon,surname,27,Njoya,njoya-sn,M,1729
CM,Cameroon,surname,28,Atangana,atangana-sn,M,1724
CM,Cameroon,surname,29,Junior,junior-sn,M,1709
CM,Cameroon,surname,30,Amadou,amadou-sn,M,1677
CM,Cameroon,surname,31,Mohamadou,mohamadou-sn,M,1660
CM,Cameroon,surname,32,Joseph,joseph-sn,M;F,1602
CM,Cameroon,surname,33,Ali,ali-sn,M;F,1567
CM,Cameroon,surname,34,Tchinda,tchinda-sn,M,1546
CM,Cameroon,surname,35,Elvis,elvis-sn,M,1472
CM,Cameroon,surname,36,Abba,abba-sn,F;M,1420
CM,Cameroon,surname,37,Paul,paul-sn,M;F,1409
CM,Cameroon,surname,38,Abdo,abdo-sn,M;F,1400
CM,Cameroon,surname,39,Abdou,abdou-sn,M;F,1400
CM,Cameroon,surname,40,Issa,issa-sn,M;F,1396
CM,Cameroon,surname,41,Onana,onana-sn,M,1341
CM,Cameroon,surname,42,Hassan,hassan-sn,F;M,1309
CM,Cameroon,surname,43,Eric,eric-sn,,1304
CM,Cameroon,surname,44,Mahamat,mahamat-sn,M,1283
CM,Cameroon,surname,45,Rose,rose-sn,F;M,1279
CM,Cameroon,surname,46,Sali,sali-sn,M,1226
CM,Cameroon,surname,47,Samuel,samuel-sn,M;F,1220
CM,Cameroon,surname,48,Oumar,oumar-sn,M,1211
CM,Cameroon,surname,49,Abdoulaye,abdoulaye-sn,M,1174
CM,Cameroon,surname,50,Daniel,daniel-sn,M;F,1167
CM,Cameroon,surname,51,Jean,jean-sn,M;F,1161
CM,Cameroon,surname,52,Mballa,mballa-sn,F,1158
CM,Cameroon,surname,53,Mbarga,mbarga-sn,M,1149
CM,Cameroon,surname,54,Baba,baba-sn,M,1142
CM,Cameroon,surname,55,Bello,bello-sn,M;F,1126
CM,Cameroon,surname,56,Amougou,amougou-sn,M,1084
CM,Cameroon,surname,57,John,john-sn,M;F,1084
CM,Cameroon,surname,58,Mvondo,mvondo-sn,M,1079
CM,Cameroon,surname,59,Nsangou,nsangou-sn,M,1075
CM,Cameroon,surname,60,Ngah,ngah-sn,F;M,1072
CM,Cameroon,surname,61,Fokou,fokou-sn,M,1071
CM,Cameroon,surname,62,David,david-sn,M;F,1062
CM,Cameroon,surname,63,Nga,nga-sn,F,1056
CM,Cameroon,surname,64,Solange,solange-sn,F,1041
CM,Cameroon,surname,65,Essomba,essomba-sn,M,1037
CM,Cameroon,surname,66,Maffo,maffo-sn,F,1026
CM,Cameroon,surname,67,Ndongo,ndongo-sn,M,1025
CM,Cameroon,surname,68,Caroline,caroline-sn,,463
CM,Cameroon,surname,69,Raymond,raymond-sn,F;M,323
CM,Cameroon,surname,70,Zara,zara-sn,F;M,260
CM,Cameroon,surname,71,Mariam,mariam-sn,F;M,205
CM,Cameroon,surname,72,Bachir,bachir-sn,F;M,200
CM,Cameroon,surname,73,Ma,ma-sn,F;M,170
CM,Cameroon,surname,74,Dia,dia-sn,,124
CM,Cameroon,surname,75,Didi,didi-sn,F;M,105
CM,Cameroon,surname,76,Le,le-sn,F;M,101
CM,Cameroon,surname,77,Kalu,kalu-sn,F;M,81
CM,Cameroon,surname,78,Fall,fall-sn,,74
CM,Cameroon,surname,79,Michele,michele-sn,F;M,64
CM,Cameroon,surname,80,Okon,okon-sn,F;M,59
CM,Cameroon,surname,81,Warda,warda-sn,,54
CM,Cameroon,surname,82,Agha,agha-sn,F;M,52
CM,Cameroon,surname,83,Power,power-sn,,48
CM,Cameroon,surname,84,Angelo,angelo-sn,,47
CM,Cameroon,surname,85,Bruce,bruce-sn,F;M,42
CM,Cameroon,surname,86,Zidan,zidan-sn,F;M,38
CM,Cameroon,surname,87,Tyler,tyler-sn,,30
CM,Cameroon,surname,88,Dejesus,dejesus-sn,F;M,29
CM,Cameroon,surname,89,Moro,moro-sn,F;M,28
CM,Cameroon,surname,90,Ugwu,ugwu-sn,F;M,27
CM,Cameroon,surname,91,Deva,deva-sn,F;M,24
CM,Cameroon,surname,92,Rahma,rahma-sn,F;M,22
CM,Cameroon,surname,93,Seven,seven-sn,F;M,22
CM,Cameroon,surname,94,Amen,amen-sn,F;M,21
CM,Cameroon,surname,95,Crespo,crespo-sn,F;M,20
CM,Cameroon,surname,96,Viola,viola-sn,M;F,20
CM,Cameroon,surname,97,Leblanc,leblanc-sn,F;M,19
CM,Cameroon,surname,98,Bowen,bowen-sn,F;M,18
CM,Cameroon,surname,99,Massimo,massimo-sn,F;M,18
CM,Cameroon,surname,100,Matta,matta-sn,F;M,18
CN,China,forename,1,Jack,jack-fn,M,2457
CN,China,forename,2,Jason,jason-fn,M,2432
CN,China,forename,3,Kevin,kevin-fn,M,2409
CN,China,forename,4,David,david-fn,M;F,2267
CN,China,forename,5,Chen,chen-fn,F;M,2262
CN,China,forename,6,Wang,wang-fn,M;F,2178
CN,China,forename,7,Zhang,zhang-fn,M;F,2090
CN,China,forename,8,Amy,amy-fn,F,2010
CN,China,forename,9,Michael,michael-fn,M,1872
CN,China,forename,10,Eric,eric-fn,M,1797
CN,China,forename,11,Alex,alex-fn,M;F,1712
CN,China,forename,12,Lily,lily-fn,F,1676
CN,China,forename,13,Alice,alice-fn,F,1636
CN,China,forename,14,Andy,andy-fn,M,1621
CN,China,forename,15,Tony,tony-fn,M,1599
CN,China,forename,16,Tina,tina-fn,F,1501
CN,China,forename,17,Li,li-fn,F;M,1444
CN,China,forename,18,Jenny,jenny-fn,F,1435
CN,China,forename,19,John,john-fn,M,1421
CN,China,forename,20,Anna,anna-fn,F;M,1390
CN,China,forename,21,Lisa,lisa-fn,F,1389
CN,China,forename,22,Linda,linda-fn,F;M,1376
CN,China,forename,23,Wendy,wendy-fn,F,1364
CN,China,forename,24,Leo,leo-fn,M;F,1343
CN,China,forename,25,Jessica,jessica-fn,F,1331
CN,China,forename,26,James,james-fn,M,1287
CN,China,forename,27,Peter,peter-fn,M,1287
CN,China,forename,28,Grace,grace-fn,F,1283
CN,China,forename,29,Jane,jane-fn,F,1277
CN,China,forename,30,Frank,frank-fn,M,1266
CN,China,forename,31,Vicky,vicky-fn,M;F,1208
CN,China,forename,32,Cindy,cindy-fn,F,1187
CN,China,forename,33,Sunny,sunny-fn,M;F,1130
CN,China,forename,34,Daniel,daniel-fn,M;F,1121
CN,China,forename,35,Helen,helen-fn,F,1120
CN,China,forename,36,Steven,steven-fn,M,1118
CN,China,forename,37,Emily,emily-fn,F,1110
CN,China,forename,38,Vivian,vivian-fn,F,1103
CN,China,forename,39,Nancy,nancy-fn,F,1102
CN,China,forename,40,Allen,allen-fn,M,1096
CN,China,forename,41,Cathy,cathy-fn,F,1081
CN,China,forename,42,Yang,yang-fn,M,1068
CN,China,forename,43,Ivy,ivy-fn,F,1065
CN,China,forename,44,Wei,wei-fn,M;F,1038
CN,China,forename,45,Sam,sam-fn,M;F,1037
CN,China,forename,46,Yan,yan-fn,M;F,1015
CN,China,forename,47,Cherry,cherry-fn,F,1007
CN,China,forename,48,Elaine,elaine-fn,F;M,658
CN,China,forename,49,Stella,stella-fn,F;M,436
CN,China,forename,50,Elena,elena-fn,F;M,397
CN,China,forename,51,Shan,shan-fn,F;M,240
CN,China,forename,52,Xuan,xuan-fn,F;M,178
CN,China,forename,53,Leung,leung-fn,F;M,120
CN,China,forename,54,Hellen,hellen-fn,F,118
CN,China,forename,55,Sissi,sissi-fn,F;M,103
CN,China,forename,56,Harvey,harvey-fn,F;M,76
CN,China,forename,57,Carolina,carolina-fn,F;M,51
CN,China,forename,58,Debby,debby-fn,F;M,41
CN,China,forename,59,Emmy,emmy-fn,F;M,41
CN,China,forename,60,Ruan,ruan-fn,F;M,37
CN,China,forename,61,Rina,rina-fn,F;M,36
CN,China,forename,62,Ash,ash-fn,F;M,34
CN,China,forename,63,Sidney,sidney-fn,F;M,28
CN,China,forename,64,Eleanor,eleanor-fn,F,24
CN,China,forename,65,Letty,letty-fn,F;M,20
CN,China,forename,66,Beata,beata-fn,F;M,19
CN,China,forename,67,Mohit,mohit-fn,M,19
CN,China,forename,68,Sina,sina-fn,F;M,19
CN,China,forename,69,Leroy,leroy-fn,F;M,14
CN,China,forename,70,Adeel,adeel-fn,F;M,13
CN,China,forename,71,Eze,eze-fn,F;M,13
CN,China,forename,72,Vikram,vikram-fn,F;M,13
CN,China,forename,73,Ange,ange-fn,F;M,12
CN,China,forename,74,Chika,chika-fn,F;M,12
CN,China,forename,75,Sofie,sofie-fn,F;M,12
CN,China,forename,76,Sumit,sumit-fn,F;M,12
CN,China,forename,77,Clinton,clinton-fn,M,11
CN,China,forename,78,Maki,maki-fn,F;M,11
CN,China,forename,79,Maximilian,maximilian-fn,F;M,11
CN,China,forename,80,Zainab,zainab-fn,F;M,11
CN,China,forename,81,Aina,aina-fn,F;M,10
CN,China,forename,82,Ham,ham-fn,F;M,10
CN,China,forename,83,Krista,krista-fn,F;M,10
CN,China,forename,84,Patti,patti-fn,F;M,10
CN,China,forename,85,Boy,boy-fn,M,9
CN,China,forename,86,Heidy,heidy-fn,F;M,9
CN,China,forename,87,Ibra,ibra-fn,M,8
CN,China,forename,88,Marin,marin-fn,F;M,8
CN,China,forename,89,Sathish,sathish-fn,M,8
CN,China,forename,90,Tanvir,tanvir-fn,F;M,8
CN,China,forename,91,Valery,valery-fn,F;M,8
CN,China,forename,92,Zahir,zahir-fn,F;M,8
CN,China,forename,93,Hiba,hiba-fn,F;M,7
CN,China,forename,94,Kishor,kishor-fn,F;M,7
CN,China,forename,95,Suhail,suhail-fn,F;M,7
CN,China,forename,96,Dil,dil-fn,F;M,6
CN,China,forename,97,Hakan,hakan-fn,F;M,6
CN,China,forename,98,Jef,jef-fn,F;M,6
CN,China,forename,99,Mikel,mikel-fn,M,6
CN,China,forename,100,Nahid,nahid-fn,F;M,6
CN,China,surname,1,Wang,wang-sn,F;M,19198
CN,China,surname,2,Zhang,zhang-sn,F;M,18420
CN,China,surname,3,Chen,chen-sn,F;M,16427
CN,China,surname,4,Liu,liu-sn,F;M,14143
CN,China,surname,5,Li,li-sn,F;M,13457
CN,China,surname,6,Lee,lee-sn,M;F,11067
CN,China,surname,7,Huang,huang-sn,F;M,8788
CN,China,surname,8,Wu,wu-sn,F;M,8704
CN,China,surname,9,Yang,yang-sn,F;M,8362
CN,China,surname,10,Xu,xu-sn,F;M,7365
CN,China,surname,11,Lin,lin-sn,F;M,5687
CN,China,surname,12,Chan,chan-sn,M;F,5488
CN,China,surname,13,Zhou,zhou-sn,F;M,5397
CN,China,surname,14,Wong,wong-sn,M;F,5202
CN,China,surname,15,Zhao,zhao-sn,F;M,5132
CN,China,surname,16,Yu,yu-sn,M;F,4699
CN,China,surname,17,Zhu,zhu-sn,,4660
CN,China,surname,18,Sun,sun-sn,,4114
CN,China,surname,19,Hu,hu-sn,F;M,4027
CN,China,surname,20,Lu,lu-sn,F;M,3760
CN,China,surname,21,Zheng,zheng-sn,F;M,3709
CN,China,surname,22,Ma,ma-sn,F;M,3592
CN,China,surname,23,Jiang,jiang-sn,,3490
CN,China,surname,24,He,he-sn,,3260
CN,China,surname,25,Guo,guo-sn,F;M,2970
CN,China,surname,26,Tang,tang-sn,F;M,2877
CN,China,surname,27,Luo,luo-sn,F;M,2773
CN,China,surname,28,Liang,liang-sn,,2717
CN,China,surname,29,Gao,gao-sn,F;M,2677
CN,China,surname,30,Xie,xie-sn,F;M,2567
CN,China,surname,31,Shen,shen-sn,F;M,2372
CN,China,surname,32,Wei,wei-sn,F;M,2248
CN,China,surname,33,Cheng,cheng-sn,F;M,2183
CN,China,surname,34,Shi,shi-sn,F;M,2157
CN,China,surname,35,Yan,yan-sn,,1265
CN,China,surname,36,Zeng,zeng-sn,F,1210
CN,China,surname,37,Deng,deng-sn,F;M,1175
CN,China,surname,38,Ye,ye-sn,F;M,1133
CN,China,surname,39,Cai,cai-sn,F,1121
CN,China,surname,40,Pan,pan-sn,F,1085
CN,China,surname,41,Peng,peng-sn,F;M,1065
CN,China,surname,42,Feng,feng-sn,F,1058
CN,China,surname,43,Xiao,xiao-sn,F,1032
CN,China,surname,44,Lau,lau-sn,M;F,1004
CN,China,surname,45,Le,le-sn,F;M,184
CN,China,surname,46,Bruce,bruce-sn,F;M,143
CN,China,surname,47,Hassan,hassan-sn,F;M,129
CN,China,surname,48,Kwong,kwong-sn,F;M,124
CN,China,surname,49,Rain,rain-sn,,50
CN,China,surname,50,Seven,seven-sn,F;M,46
CN,China,surname,51,Raymond,raymond-sn,F;M,34
CN,China,surname,52,Caroline,caroline-sn,,31
CN,China,surname,53,Power,power-sn,,24
CN,China,surname,54,Bowen,bowen-sn,F;M,13
CN,China,surname,55,Dev,dev-sn,F;M,12
CN,China,surname,56,Dia,dia-sn,,12
CN,China,surname,57,Tyler,tyler-sn,,12
CN,China,surname,58,Zara,zara-sn,F;M,12
CN,China,surname,59,Cheah,cheah-sn,,9
CN,China,surname,60,Deva,deva-sn,F;M,9
CN,China,surname,61,Kar,kar-sn,F;M,9
CN,China,surname,62,Didi,didi-sn,F;M,8
CN,China,surname,63,Fall,fall-sn,,8
CN,China,surname,64,Greene,greene-sn,F;M,8
CN,China,surname,65,Poh,poh-sn,F;M,8
CN,China,surname,66,Rathore,rathore-sn,F;M,8
CN,China,surname,67,Waqas,waqas-sn,,8
CN,China,surname,68,Kalu,kalu-sn,F;M,7
CN,China,surname,69,Viola,viola-sn,M;F,7
CN,China,surname,70,Erazo,erazo-sn,F;M,6
CN,China,surname,71,Shukla,shukla-sn,M;F,6
CN,China,surname,72,Angelo,angelo-sn,,5
CN,China,surname,73,Jana,jana-sn,F;M,5
CN,China,surname,74,Loi,loi-sn,F;M,5
CN,China,surname,75,Neira,neira-sn,F;M,5
CN,China,surname,76,Parra,parra-sn,F;M,5
CN,China,surname,77,Sahoo,sahoo-sn,F;M,5
CN,China,surname,78,Santo,santo-sn,F;M,5
CN,China,surname,79,Agha,agha-sn,F;M,4
CN,China,surname,80,Moro,moro-sn,F;M,4
CN,China,surname,81,Stephenson,stephenson-sn,F;M,4
CN,China,surname,82,Ugwu,ugwu-sn,F;M,4
CN,China,surname,83,Amen,amen-sn,F;M,3
CN,China,surname,84,Bachir,bachir-sn,F;M,3
CN,China,surname,85,Chandler,chandler-sn,F;M,3
CN,China,surname,86,Crespo,crespo-sn,F;M,3
CN,China,surname,87,Haidar,haidar-sn,F;M,3
CN,China,surname,88,Nichols,nichols-sn,F;M,3
CN,China,surname,89,Persson,persson-sn,,3
CN,China,surname,90,Rm,rm-sn,F;M,3
CN,China,surname,91,Shehab,shehab-sn,F;M,3
CN,China,surname,92,Townsend,townsend-sn,F;M,3
CN,China,surname,93,Abba,abba-sn,F;M,2
CN,China,surname,94,Alabi,alabi-sn,F;M,2
CN,China,surname,95,Baxter,baxter-sn,F;M,2
CN,China,surname,96,Debnath,debnath-sn,F;M,2
CN,China,surname,97,Duma,duma-sn,F;M,2
CN,China,surname,98,Espino,espino-sn,F;M,2
CN,China,surname,99,Falk,falk-sn,F;M,2
CN,China,surname,100,Fauzi,fauzi-sn,,2
CO,Colombia,forename,1,Andres,andres-fn,M;F,224330
CO,Colombia,forename,2,Juan,juan-fn,M,194632
CO,Colombia,forename,3,Carlos,carlos-fn,M;F,188601
CO,Colombia,forename,4,Jose,jose-fn,M;F,176579
CO,Colombia,forename,5,Luis,luis-fn,M;F,148574
CO,Colombia,forename,6,Daniel,daniel-fn,M;F,106467
CO,Colombia,forename,7,Jorge,jorge-fn,M,102644
CO,Colombia,forename,8,Diana,diana-fn,F,95815
CO,Colombia,forename,9,Andrea,andrea-fn,F;M,92995
CO,Colombia,forename,10,David,david-fn,M;F,92738
CO,Colombia,forename,11,Diego,diego-fn,M,91766
CO,Colombia,forename,12,Sandra,sandra-fn,F,89170
CO,Colombia,forename,13,Sebastian,sebastian-fn,M,89124
CO,Colombia,forename,14,Camilo,camilo-fn,M,87329
CO,Colombia,forename,15,Laura,laura-fn,F,86361
CO,Colombia,forename,16,Jhon,jhon-fn,M,81486
CO,Colombia,forename,17,Santiago,santiago-fn,M,81173
CO,Colombia,forename,18,Cristian,cristian-fn,M,79065
CO,Colombia,forename,19,Alejandro,alejandro-fn,M,77593
CO,Colombia,forename,20,Oscar,oscar-fn,M,76204
CO,Colombia,forename,21,Ana,ana-fn,F;M,71613
CO,Colombia,forename,22,Javier,javier-fn,M,70574
CO,Colombia,forename,23,Daniela,daniela-fn,F,69024
CO,Colombia,forename,24,Martha,martha-fn,F,65890
CO,Colombia,forename,25,Claudia,claudia-fn,F,63658
CO,Colombia,forename,26,Carolina,carolina-fn,F;M,63435
CO,Colombia,forename,27,Miguel,miguel-fn,M,63284
CO,Colombia,forename,28,Alexander,alexander-fn,M,62532
CO,Colombia,forename,29,Paola,paola-fn,F,62190
CO,Colombia,forename,30,Fernando,fernando-fn,M,61518
CO,Colombia,forename,31,Alejandra,alejandra-fn,F,61220
CO,Colombia,forename,32,Julian,julian-fn,M,59533
CO,Colombia,forename,33,Gloria,gloria-fn,F,58091
CO,Colombia,forename,34,Adriana,adriana-fn,F,57384
CO,Colombia,forename,35,Luz,luz-fn,F,53020
CO,Colombia,forename,36,Liliana,liliana-fn,F,51628
CO,Colombia,forename,37,Mauricio,mauricio-fn,M,51536
CO,Colombia,forename,38,Jesus,jesus-fn,M,50868
CO,Colombia,forename,39,Patricia,patricia-fn,F,49265
CO,Colombia,forename,40,Valentina,valentina-fn,F,48574
CO,Colombia,forename,41,Camila,camila-fn,F,48493
CO,Colombia,forename,42,Leidy,leidy-fn,F,48313
CO,Colombia,forename,43,Manuel,manuel-fn,M,48290
CO,Colombia,forename,44,Natalia,natalia-fn,F,48167
CO,Colombia,forename,45,Karen,karen-fn,F;M,46880
CO,Colombia,forename,46,William,william-fn,M,46801
CO,Colombia,forename,47,Jairo,jairo-fn,M,46473
CO,Colombia,forename,48,Felipe,felipe-fn,M,46419
CO,Colombia,forename,49,Jaime,jaime-fn,M,45797
CO,Colombia,forename,50,Alex,alex-fn,M;F,45477
CO,Colombia,forename,51,Edwin,edwin-fn,M,45385
CO,Colombia,forename,52,Tatiana,tatiana-fn,F,44831
CO,Colombia,forename,53,Marcela,marcela-fn,F,44392
CO,Colombia,forename,54,Bryan,bryan-fn,M,44385
CO,Colombia,forename,55,Juan Carlos,juan-carlos-fn,M,43284
CO,Colombia,forename,56,Victor,victor-fn,M,42741
CO,Colombia,forename,57,Cesar,cesar-fn,M,42324
CO,Colombia,forename,58,Fabian,fabian-fn,M,41789
CO,Colombia,forename,59,Luisa,luisa-fn,F,41361
CO,Colombia,forename,60,Angela,angela-fn,F;M,41246
CO,Colombia,forename,61,Lina,lina-fn,F,40974
CO,Colombia,forename,62,Sofia,sofia-fn,F,40014
CO,Colombia,forename,63,Pedro,pedro-fn,M,39772
CO,Colombia,forename,64,Wilson,wilson-fn,M,39643
CO,Colombia,forename,65,Ricardo,ricardo-fn,M,39237
CO,Colombia,forename,66,Angie,angie-fn,F,39117
CO,Colombia,forename,67,Alvaro,alvaro-fn,M,38057
CO,Colombia,forename,68,Brayan,brayan-fn,M,36879
CO,Colombia,forename,69,Carmen,carmen-fn,F,36632
CO,Colombia,forename,70,Sara,sara-fn,F;M,36433
CO,Colombia,forename,71,Nicolas,nicolas-fn,M,36398
CO,Colombia,forename,72,Nelson,nelson-fn,M,36228
CO,Colombia,forename,73,Lorena,lorena-fn,F,36130
CO,Colombia,forename,74,Gustavo,gustavo-fn,M,35993
CO,Colombia,forename,75,Monica,monica-fn,F,35196
CO,Colombia,forename,76,Sergio,sergio-fn,M,34875
CO,Colombia,forename,77,Paula,paula-fn,F;M,34702
CO,Colombia,forename,78,Kevin,kevin-fn,M,34616
CO,Colombia,forename,79,Mariana,mariana-fn,F,34518
CO,Colombia,forename,80,Rafael,rafael-fn,M,33800
CO,Colombia,forename,81,Steven,steven-fn,M,33489
CO,Colombia,forename,82,Eduardo,eduardo-fn,M,33237
CO,Colombia,forename,83,Rosa,rosa-fn,F,32825
CO,Colombia,forename,84,Leonardo,leonardo-fn,M,32519
CO,Colombia,forename,85,Hector,hector-fn,M,32466
CO,Colombia,forename,86,Viviana,viviana-fn,F,32316
CO,Colombia,forename,87,Esteban,esteban-fn,M,32067
CO,Colombia,forename,88,Orlando,orlando-fn,M,31530
CO,Colombia,forename,89,Nancy,nancy-fn,F,31044
CO,Colombia,forename,90,Ivan,ivan-fn,M,31018
CO,Colombia,forename,91,Mario,mario-fn,M,30656
CO,Colombia,forename,92,Julio,julio-fn,M,30507
CO,Colombia,forename,93,Edgar,edgar-fn,M,30498
CO,Colombia,forename,94,Alberto,alberto-fn,M,30415
CO,Colombia,forename,95,Mary,mary-fn,F,30065
CO,Colombia,forename,96,Elizabeth,elizabeth-fn,F,29695
CO,Colombia,forename,97,Juliana,juliana-fn,F,29383
CO,Colombia,forename,98,Omar,omar-fn,M;F,29251
CO,Colombia,forename,99,Johana,johana-fn,F,28537
CO,Colombia,forename,100,Juan David,juan-david-fn,M,28350
CO,Colombia,surname,1,Rodriguez,rodriguez-sn,F;M,239297
CO,Colombia,surname,2,Lopez,lopez-sn,F;M,188936
CO,Colombia,surname,3,Gomez,gomez-sn,F;M,180691
CO,Colombia,surname,4,Martinez,martinez-sn,F;M,173871
CO,Colombia,surname,5,Garcia,garcia-sn,M;F,164804
CO,Colombia,surname,6,Perez,perez-sn,F;M,150520
CO,Colombia,surname,7,Hernandez,hernandez-sn,M;F,144792
CO,Colombia,surname,8,Ramirez,ramirez-sn,M;F,135645
CO,Colombia,surname,9,Diaz,diaz-sn,F;M,119545
CO,Colombia,surname,10,Torres,torres-sn,F;M,106148
CO,Colombia,surname,11,Rojas,rojas-sn,M;F,95866
CO,Colombia,surname,12,Moreno,moreno-sn,F;M,86355
CO,Colombia,surname,13,Vargas,vargas-sn,M;F,85454
CO,Colombia,surname,14,Muñoz,munoz-sn,F;M,84972
CO,Colombia,surname,15,Ortiz,ortiz-sn,M;F,80031
CO,Colombia,surname,16,Jimenez,jimenez-sn,F;M,78815
CO,Colombia,surname,17,Castro,castro-sn,M;F,77387
CO,Colombia,surname,18,Gutierrez,gutierrez-sn,M;F,76047
CO,Colombia,surname,19,Alvarez,alvarez-sn,F;M,67580
CO,Colombia,surname,20,Valencia,valencia-sn,M;F,66202
CO,Colombia,surname,21,Suarez,suarez-sn,F;M,66080
CO,Colombia,surname,22,Quintero,quintero-sn,M;F,64581
CO,Colombia,surname,23,Ruiz,ruiz-sn,M;F,64371
CO,Colombia,surname,24,Romero,romero-sn,F;M,63109
CO,Colombia,surname,25,Morales,morales-sn,M;F,63000
CO,Colombia,surname,26,Herrera,herrera-sn,F;M,59206
CO,Colombia,surname,27,Giraldo,giraldo-sn,F;M,53684
CO,Colombia,surname,28,Castillo,castillo-sn,F;M,52884
CO,Colombia,surname,29,Marin,marin-sn,M;F,49426
CO,Colombia,surname,30,Arias,arias-sn,M;F,48340
CO,Colombia,surname,31,Rivera,rivera-sn,M;F,48263
CO,Colombia,surname,32,Restrepo,restrepo-sn,F;M,47990
CO,Colombia,surname,33,Cardona,cardona-sn,M;F,47564
CO,Colombia,surname,34,Cardenas,cardenas-sn,M;F,46583
CO,Colombia,surname,35,Mejia,mejia-sn,M;F,45908
CO,Colombia,surname,36,Zapata,zapata-sn,F;M,45584
CO,Colombia,surname,37,Medina,medina-sn,M;F,44769
CO,Colombia,surname,38,Osorio,osorio-sn,M;F,44515
CO,Colombia,surname,39,Mendoza,mendoza-sn,F;M,43313
CO,Colombia,surname,40,Peña,pena-sn,M;F,42809
CO,Colombia,surname,41,Florez,florez-sn,F;M,42655
CO,Colombia,surname,42,Parra,parra-sn,F;M,42050
CO,Colombia,surname,43,Guerrero,guerrero-sn,M;F,42019
CO,Colombia,surname,44,Salazar,salazar-sn,M;F,41769
CO,Colombia,surname,45,Jaramillo,jaramillo-sn,M;F,38404
CO,Colombia,surname,46,Guzman,guzman-sn,F;M,38332
CO,Colombia,surname,47,Cortes,cortes-sn,M;F,37977
CO,Colombia,surname,48,Acosta,acosta-sn,F;M,36247
CO,Colombia,surname,49,Londoño,londono-sn,F;M,36237
CO,Colombia,surname,50,Correa,correa-sn,M;F,36189
CO,Colombia,surname,51,Reyes,reyes-sn,M;F,36142
CO,Colombia,surname,52,Rincon,rincon-sn,M;F,36127
CO,Colombia,surname,53,Velasquez,velasquez-sn,M;F,36103
CO,Colombia,surname,54,Cruz,cruz-sn,F;M,35974
CO,Colombia,surname,55,Ramos,ramos-sn,M;F,35738
CO,Colombia,surname,56,Vasquez,vasquez-sn,M;F,35712
CO,Colombia,surname,57,Mosquera,mosquera-sn,M;F,35704
CO,Colombia,surname,58,Molina,molina-sn,M;F,35474
CO,Colombia,surname,59,Ospina,ospina-sn,F;M,35217
CO,Colombia,surname,60,Ortega,ortega-sn,M;F,34584
CO,Colombia,surname,61,Fernandez,fernandez-sn,F;M,34441
CO,Colombia,surname,62,Mora,mora-sn,M;F,33827
CO,Colombia,surname,63,Garzon,garzon-sn,M;F,33489
CO,Colombia,surname,64,Escobar,escobar-sn,M;F,33286
CO,Colombia,surname,65,Rios,rios-sn,M;F,33125
CO,Colombia,surname,66,Mendez,mendez-sn,F;M,33016
CO,Colombia,surname,67,Contreras,contreras-sn,F;M,32139
CO,Colombia,surname,68,Leon,leon-sn,M;F,31835
CO,Colombia,surname,69,Agudelo,agudelo-sn,F;M,31628
CO,Colombia,surname,70,Beltran,beltran-sn,M;F,31583
CO,Colombia,surname,71,Sierra,sierra-sn,M;F,30344
CO,Colombia,surname,72,Velez,velez-sn,F;M,29637
CO,Colombia,surname,73,Castañeda,castaneda-sn,M;F,29081
CO,Colombia,surname,74,Lozano,lozano-sn,M;F,28571
CO,Colombia,surname,75,Silva,silva-sn,M;F,28486
CO,Colombia,surname,76,Henao,henao-sn,F;M,27960
CO,Colombia,surname,77,Gonzales,gonzales-sn,F;M,27672
CO,Colombia,surname,78,Castaño,castano-sn,F;M,27663
CO,Colombia,surname,79,Orozco,orozco-sn,F;M,27567
CO,Colombia,surname,80,Arango,arango-sn,F;M,27309
CO,Colombia,surname,81,Calderon,calderon-sn,M;F,27208
CO,Colombia,surname,82,Caicedo,caicedo-sn,M;F,26635
CO,Colombia,surname,83,Delgado,delgado-sn,F;M,26200
CO,Colombia,surname,84,Vega,vega-sn,M;F,25949
CO,Colombia,surname,85,Hurtado,hurtado-sn,M;F,25938
CO,Colombia,surname,86,Franco,franco-sn,M;F,25695
CO,Colombia,surname,87,Bernal,bernal-sn,M;F,25135
CO,Colombia,surname,88,Pineda,pineda-sn,M;F,24827
CO,Colombia,surname,89,Bedoya,bedoya-sn,F;M,24637
CO,Colombia,surname,90,Murillo,murillo-sn,M;F,23633
CO,Colombia,surname,91,Carvajal,carvajal-sn,M;F,23369
CO,Colombia,surname,92,Trujillo,trujillo-sn,M;F,22816
CO,Colombia,surname,93,Avila,avila-sn,F;M,22248
CO,Colombia,surname,94,Acevedo,acevedo-sn,F;M,21872
CO,Colombia,surname,95,Soto,soto-sn,M;F,21776
CO,Colombia,surname,96,Cordoba,cordoba-sn,M;F,21573
CO,Colombia,surname,97,Patiño,patino-sn,F;M,21494
CO,Colombia,surname,98,Burgos,burgos-sn,M;F,21043
CO,Colombia,surname,99,Cano,cano-sn,M;F,20543
CO,Colombia,surname,100,Barrera,barrera-sn,M;F,20502
CR,Costa Rica,forename,1,Jose,jose-fn,M;F,17353
CR,Costa Rica,forename,2,Carlos,carlos-fn,M;F,15986
CR,Costa Rica,forename,3,Luis,luis-fn,M;F,13164
CR,Costa Rica,forename,4,Ana,ana-fn,F;M,9160
CR,Costa Rica,forename,5,Jorge,jorge-fn,M,9057
CR,Costa Rica,forename,6,David,david-fn,M;F,7290
CR,Costa Rica,forename,7,Juan,juan-fn,M,7248
CR,Costa Rica,forename,8,Daniel,daniel-fn,M;F,7206
CR,Costa Rica,forename,9,Andres,andres-fn,M;F,6419
CR,Costa Rica,forename,10,Nuria,nuria-fn,F,6363
CR,Costa Rica,forename,11,Mario,mario-fn,M,5536
CR,Costa Rica,forename,12,Gerardo,gerardo-fn,M,5502
CR,Costa Rica,forename,13,Oscar,oscar-fn,M,5312
CR,Costa Rica,forename,14,Manuel,manuel-fn,M,5218
CR,Costa Rica,forename,15,Diego,diego-fn,M,4889
CR,Costa Rica,forename,16,Carmen,carmen-fn,F,4879
CR,Costa Rica,forename,17,Alejandro,alejandro-fn,M,4838
CR,Costa Rica,forename,18,Francisco,francisco-fn,M,4674
CR,Costa Rica,forename,19,Esteban,esteban-fn,M,4622
CR,Costa Rica,forename,20,Eduardo,eduardo-fn,M,4595
CR,Costa Rica,forename,21,Andrea,andrea-fn,F;M,4450
CR,Costa Rica,forename,22,Laura,laura-fn,F,4441
CR,Costa Rica,forename,23,Mauricio,mauricio-fn,M,4429
CR,Costa Rica,forename,24,Miguel,miguel-fn,M,4335
CR,Costa Rica,forename,25,Kevin,kevin-fn,M,4200
CR,Costa Rica,forename,26,Patricia,patricia-fn,F,4066
CR,Costa Rica,forename,27,Pablo,pablo-fn,M,4036
CR,Costa Rica,forename,28,Karla,karla-fn,F,3981
CR,Costa Rica,forename,29,Javier,javier-fn,M,3979
CR,Costa Rica,forename,30,Jonathan,jonathan-fn,M,3881
CR,Costa Rica,forename,31,Victor,victor-fn,M,3874
CR,Costa Rica,forename,32,Bryan,bryan-fn,M,3778
CR,Costa Rica,forename,33,Ronald,ronald-fn,M,3773
CR,Costa Rica,forename,34,Xinia,xinia-fn,F,3754
CR,Costa Rica,forename,35,Sandra,sandra-fn,F,3750
CR,Costa Rica,forename,36,Alex,alex-fn,M;F,3712
CR,Costa Rica,forename,37,Marvin,marvin-fn,M,3690
CR,Costa Rica,forename,38,Alexander,alexander-fn,M,3689
CR,Costa Rica,forename,39,Ricardo,ricardo-fn,M,3607
CR,Costa Rica,forename,40,Adriana,adriana-fn,F,3596
CR,Costa Rica,forename,41,Karen,karen-fn,F;M,3596
CR,Costa Rica,forename,42,William,william-fn,M,3558
CR,Costa Rica,forename,43,Fernando,fernando-fn,M,3487
CR,Costa Rica,forename,44,Michael,michael-fn,M,3480
CR,Costa Rica,forename,45,Alberto,alberto-fn,M,3461
CR,Costa Rica,forename,46,Roberto,roberto-fn,M,3455
CR,Costa Rica,forename,47,Rosa,rosa-fn,F,3409
CR,Costa Rica,forename,48,Mary,mary-fn,F,3344
CR,Costa Rica,forename,49,Cristian,cristian-fn,M,3334
CR,Costa Rica,forename,50,Erick,erick-fn,M,3334
CR,Costa Rica,forename,51,Isabel,isabel-fn,F,3302
CR,Costa Rica,forename,52,Steven,steven-fn,M,3284
CR,Costa Rica,forename,53,Marco,marco-fn,M;F,3273
CR,Costa Rica,forename,54,Sonia,sonia-fn,F,3237
CR,Costa Rica,forename,55,Gabriel,gabriel-fn,M,3223
CR,Costa Rica,forename,56,Rafael,rafael-fn,M,3178
CR,Costa Rica,forename,57,Elizabeth,elizabeth-fn,F,3159
CR,Costa Rica,forename,58,Alejandra,alejandra-fn,F,3123
CR,Costa Rica,forename,59,Juan Carlos,juan-carlos-fn,M,3103
CR,Costa Rica,forename,60,Daniela,daniela-fn,F,3089
CR,Costa Rica,forename,61,Gabriela,gabriela-fn,F,3048
CR,Costa Rica,forename,62,Josue,josue-fn,M,3038
CR,Costa Rica,forename,63,Silvia,silvia-fn,F,3006
CR,Costa Rica,forename,64,Alvaro,alvaro-fn,M,2978
CR,Costa Rica,forename,65,Lorena,lorena-fn,F,2914
CR,Costa Rica,forename,66,Jessica,jessica-fn,F,2888
CR,Costa Rica,forename,67,Sergio,sergio-fn,M,2822
CR,Costa Rica,forename,68,Carolina,carolina-fn,F;M,2815
CR,Costa Rica,forename,69,Randall,randall-fn,M,2749
CR,Costa Rica,forename,70,Adrian,adrian-fn,M,2734
CR,Costa Rica,forename,71,Gustavo,gustavo-fn,M,2718
CR,Costa Rica,forename,72,Antonio,antonio-fn,M;F,2715
CR,Costa Rica,forename,73,Maritza,maritza-fn,F,2636
CR,Costa Rica,forename,74,Walter,walter-fn,M,2629
CR,Costa Rica,forename,75,Marielos,marielos-fn,F,2605
CR,Costa Rica,forename,76,Olga,olga-fn,F,2593
CR,Costa Rica,forename,77,Flor,flor-fn,F,2583
CR,Costa Rica,forename,78,Julio,julio-fn,M,2578
CR,Costa Rica,forename,79,Henry,henry-fn,M,2476
CR,Costa Rica,forename,80,Vanessa,vanessa-fn,F,2449
CR,Costa Rica,forename,81,Allan,allan-fn,M,2438
CR,Costa Rica,forename,82,Andrey,andrey-fn,M,2435
CR,Costa Rica,forename,83,Alonso,alonso-fn,M,2433
CR,Costa Rica,forename,84,Marta,marta-fn,F,2400
CR,Costa Rica,forename,85,Guillermo,guillermo-fn,M,2342
CR,Costa Rica,forename,86,Jesus,jesus-fn,M,2324
CR,Costa Rica,forename,87,Edwin,edwin-fn,M,2310
CR,Costa Rica,forename,88,Edgar,edgar-fn,M,2300
CR,Costa Rica,forename,89,Melissa,melissa-fn,F,2238
CR,Costa Rica,forename,90,Mari,mari-fn,F,2232
CR,Costa Rica,forename,91,Shirley,shirley-fn,F,2231
CR,Costa Rica,forename,92,Marcela,marcela-fn,F,2230
CR,Costa Rica,forename,93,Marcos,marcos-fn,M,2228
CR,Costa Rica,forename,94,Kenneth,kenneth-fn,M,2215
CR,Costa Rica,forename,95,Roxana,roxana-fn,F,2209
CR,Costa Rica,forename,96,Diana,diana-fn,F,2187
CR,Costa Rica,forename,97,Freddy,freddy-fn,M,2173
CR,Costa Rica,forename,98,Martha,martha-fn,F,2159
CR,Costa Rica,forename,99,Cecilia,cecilia-fn,F,2153
CR,Costa Rica,forename,100,Jenny,jenny-fn,F,2153
CR,Costa Rica,surname,1,Rodriguez,rodriguez-sn,F;M,17788
CR,Costa Rica,surname,2,Vargas,vargas-sn,M;F,13424
CR,Costa Rica,surname,3,Jimenez,jimenez-sn,F;M,13347
CR,Costa Rica,surname,4,Mora,mora-sn,M;F,13243
CR,Costa Rica,surname,5,Hernandez,hernandez-sn,M;F,11721
CR,Costa Rica,surname,6,Rojas,rojas-sn,M;F,11509
CR,Costa Rica,surname,7,Lopez,lopez-sn,F;M,11193
CR,Costa Rica,surname,8,Ramirez,ramirez-sn,M;F,10209
CR,Costa Rica,surname,9,Castro,castro-sn,M;F,8094
CR,Costa Rica,surname,10,Morales,morales-sn,M;F,7215
CR,Costa Rica,surname,11,Alvarado,alvarado-sn,M;F,6945
CR,Costa Rica,surname,12,Araya,araya-sn,M;F,6851
CR,Costa Rica,surname,13,Campos,campos-sn,M;F,6568
CR,Costa Rica,surname,14,Solano,solano-sn,M;F,6496
CR,Costa Rica,surname,15,Perez,perez-sn,F;M,6437
CR,Costa Rica,surname,16,Gomez,gomez-sn,F;M,6315
CR,Costa Rica,surname,17,Arias,arias-sn,M;F,6150
CR,Costa Rica,surname,18,Quesada,quesada-sn,M;F,5996
CR,Costa Rica,surname,19,Garcia,garcia-sn,M;F,5981
CR,Costa Rica,surname,20,Martinez,martinez-sn,F;M,5867
CR,Costa Rica,surname,21,Castillo,castillo-sn,F;M,5683
CR,Costa Rica,surname,22,Salazar,salazar-sn,M;F,5553
CR,Costa Rica,surname,23,Villalobos,villalobos-sn,M;F,5338
CR,Costa Rica,surname,24,Fernandez,fernandez-sn,F;M,5156
CR,Costa Rica,surname,25,Aguilar,aguilar-sn,M;F,5103
CR,Costa Rica,surname,26,Espinoza,espinoza-sn,M;F,5033
CR,Costa Rica,surname,27,Brenes,brenes-sn,M;F,4892
CR,Costa Rica,surname,28,Chaves,chaves-sn,F;M,4889
CR,Costa Rica,surname,29,Vega,vega-sn,M;F,4827
CR,Costa Rica,surname,30,Alfaro,alfaro-sn,M;F,4793
CR,Costa Rica,surname,31,Valverde,valverde-sn,F;M,4787
CR,Costa Rica,surname,32,Herrera,herrera-sn,F;M,4504
CR,Costa Rica,surname,33,Salas,salas-sn,M;F,4475
CR,Costa Rica,surname,34,Soto,soto-sn,M;F,4308
CR,Costa Rica,surname,35,Torres,torres-sn,F;M,4258
CR,Costa Rica,surname,36,Quiros,quiros-sn,M;F,4249
CR,Costa Rica,surname,37,Gutierrez,gutierrez-sn,M;F,4239
CR,Costa Rica,surname,38,Murillo,murillo-sn,M;F,4166
CR,Costa Rica,surname,39,Alvarez,alvarez-sn,F;M,4130
CR,Costa Rica,surname,40,Rivera,rivera-sn,M;F,4121
CR,Costa Rica,surname,41,Cordero,cordero-sn,M;F,4106
CR,Costa Rica,surname,42,Montero,montero-sn,M;F,3993
CR,Costa Rica,surname,43,Chavarria,chavarria-sn,M;F,3904
CR,Costa Rica,surname,44,Barrantes,barrantes-sn,M;F,3849
CR,Costa Rica,surname,45,Madrigal,madrigal-sn,F;M,3840
CR,Costa Rica,surname,46,Zuñiga,zuniga-sn,M;F,3837
CR,Costa Rica,surname,47,Ruiz,ruiz-sn,M;F,3832
CR,Costa Rica,surname,48,Monge,monge-sn,M;F,3764
CR,Costa Rica,surname,49,Segura,segura-sn,M;F,3702
CR,Costa Rica,surname,50,Navarro,navarro-sn,F;M,3667
CR,Costa Rica,surname,51,Porras,porras-sn,M;F,3590
CR,Costa Rica,surname,52,Diaz,diaz-sn,F;M,3582
CR,Costa Rica,surname,53,Solis,solis-sn,M;F,3580
CR,Costa Rica,surname,54,Flores,flores-sn,F;M,3545
CR,Costa Rica,surname,55,Cruz,cruz-sn,F;M,3544
CR,Costa Rica,surname,56,Mendez,mendez-sn,F;M,3507
CR,Costa Rica,surname,57,Fallas,fallas-sn,M;F,3433
CR,Costa Rica,surname,58,Fonseca,fonseca-sn,F;M,3339
CR,Costa Rica,surname,59,Delgado,delgado-sn,F;M,3243
CR,Costa Rica,surname,60,Calderon,calderon-sn,M;F,3227
CR,Costa Rica,surname,61,Zamora,zamora-sn,M;F,3194
CR,Costa Rica,surname,62,Obando,obando-sn,M;F,3045
CR,Costa Rica,surname,63,Hidalgo,hidalgo-sn,M;F,3025
CR,Costa Rica,surname,64,Marin,marin-sn,M;F,3024
CR,Costa Rica,surname,65,Miranda,miranda-sn,F;M,3006
CR,Costa Rica,surname,66,Molina,molina-sn,M;F,2869
CR,Costa Rica,surname,67,Reyes,reyes-sn,M;F,2828
CR,Costa Rica,surname,68,Chacon,chacon-sn,M;F,2692
CR,Costa Rica,surname,69,Ortiz,ortiz-sn,M;F,2609
CR,Costa Rica,surname,70,Calvo,calvo-sn,M;F,2549
CR,Costa Rica,surname,71,Mendoza,mendoza-sn,F;M,2547
CR,Costa Rica,surname,72,Bonilla,bonilla-sn,M;F,2541
CR,Costa Rica,surname,73,Gamboa,gamboa-sn,M;F,2524
CR,Costa Rica,surname,74,Mena,mena-sn,M;F,2500
CR,Costa Rica,surname,75,Muñoz,munoz-sn,F;M,2495
CR,Costa Rica,surname,76,Picado,picado-sn,F;M,2491
CR,Costa Rica,surname,77,Badilla,badilla-sn,M;F,2480
CR,Costa Rica,surname,78,Camacho,camacho-sn,M;F,2358
CR,Costa Rica,surname,79,Romero,romero-sn,F;M,2346
CR,Costa Rica,surname,80,Esquivel,esquivel-sn,M;F,2342
CR,Costa Rica,surname,81,Corrales,corrales-sn,M;F,2307
CR,Costa Rica,surname,82,Umaña,umana-sn,F;M,2258
CR,Costa Rica,surname,83,Arroyo,arroyo-sn,M;F,2194
CR,Costa Rica,surname,84,Arguedas,arguedas-sn,F;M,2179
CR,Costa Rica,surname,85,Cascante,cascante-sn,F;M,2172
CR,Costa Rica,surname,86,Elizondo,elizondo-sn,F;M,2170
CR,Costa Rica,surname,87,Granados,granados-sn,M;F,2149
CR,Costa Rica,surname,88,Blanco,blanco-sn,F;M,2125
CR,Costa Rica,surname,89,Chinchilla,chinchilla-sn,F;M,2117
CR,Costa Rica,surname,90,Abarca,abarca-sn,M;F,2077
CR,Costa Rica,surname,91,Barquero,barquero-sn,M;F,2023
CR,Costa Rica,surname,92,Nuñez,nunez-sn,M;F,1041
CR,Costa Rica,surname,93,Vasquez,vasquez-sn,M;F,1037
CR,Costa Rica,surname,94,Acuña,acuna-sn,M;F,1015
CR,Costa Rica,surname,95,Villegas,villegas-sn,M;F,1009
CR,Costa Rica,surname,96,Parra,parra-sn,F;M,511
CR,Costa Rica,surname,97,Rm,rm-sn,F;M,333
CR,Costa Rica,surname,98,Ma,ma-sn,F;M,186
CR,Costa Rica,surname,99,Zheng,zheng-sn,F;M,107
CR,Costa Rica,surname,100,Espino,espino-sn,F;M,83
CY,Cyprus,forename,1,Andreas,andreas-fn,M,2239
CY,Cyprus,forename,2,George,george-fn,M,1612
CY,Cyprus,forename,3,Elena,elena-fn,F;M,1441
CY,Cyprus,forename,4,Marios,marios-fn,M,1203
CY,Cyprus,forename,5,Christos,christos-fn,M,1003
CY,Cyprus,forename,6,Stella,stella-fn,F;M,355
CY,Cyprus,forename,7,Elaine,elaine-fn,F;M,22
CY,Cyprus,forename,8,Marilia,marilia-fn,F;M,16
CY,Cyprus,forename,9,Carolina,carolina-fn,F;M,15
CY,Cyprus,forename,10,Ghada,ghada-fn,F;M,13
CY,Cyprus,forename,11,Глеб,gleb-fn,F;M,12
CY,Cyprus,forename,12,Marin,marin-fn,F;M,9
CY,Cyprus,forename,13,Beata,beata-fn,F;M,8
CY,Cyprus,forename,14,Dil,dil-fn,F;M,8
CY,Cyprus,forename,15,Ghassan,ghassan-fn,F;M,7
CY,Cyprus,forename,16,Hellen,hellen-fn,F,7
CY,Cyprus,forename,17,Mohit,mohit-fn,M,7
CY,Cyprus,forename,18,Krista,krista-fn,F;M,6
CY,Cyprus,forename,19,Tanvir,tanvir-fn,F;M,6
CY,Cyprus,forename,20,Adeel,adeel-fn,F;M,5
CY,Cyprus,forename,21,Fadia,fadia-fn,F;M,5
CY,Cyprus,forename,22,Faysal,faysal-fn,M,5
CY,Cyprus,forename,23,Seema,seema-fn,F;M,5
CY,Cyprus,forename,24,Sofie,sofie-fn,F;M,5
CY,Cyprus,forename,25,Charbel,charbel-fn,F;M,4
CY,Cyprus,forename,26,Eleanor,eleanor-fn,F,4
CY,Cyprus,forename,27,Sumit,sumit-fn,F;M,4
CY,Cyprus,forename,28,Trish,trish-fn,F;M,4
CY,Cyprus,forename,29,Vikram,vikram-fn,F;M,4
CY,Cyprus,forename,30,Yury,yury-fn,F;M,4
CY,Cyprus,forename,31,Debby,debby-fn,F;M,3
CY,Cyprus,forename,32,Haifa,haifa-fn,F;M,3
CY,Cyprus,forename,33,Rina,rina-fn,F;M,3
CY,Cyprus,forename,34,Riyad,riyad-fn,F;M,3
CY,Cyprus,forename,35,Sina,sina-fn,F;M,3
CY,Cyprus,forename,36,Valery,valery-fn,F;M,3
CY,Cyprus,forename,37,Günay,gunay-fn,F,2
CY,Cyprus,forename,38,Harvey,harvey-fn,F;M,2
CY,Cyprus,forename,39,Hiba,hiba-fn,F;M,2
CY,Cyprus,forename,40,Hima,hima-fn,F;M,2
CY,Cyprus,forename,41,Jeanine,jeanine-fn,F;M,2
CY,Cyprus,forename,42,Lella,lella-fn,F,2
CY,Cyprus,forename,43,Nahid,nahid-fn,F;M,2
CY,Cyprus,forename,44,Przemek,przemek-fn,F;M,2
CY,Cyprus,forename,45,Remon,remon-fn,F;M,2
CY,Cyprus,forename,46,Rudolf,rudolf-fn,M,2
CY,Cyprus,forename,47,Ute,ute-fn,F;M,2
CY,Cyprus,surname,1,Oksuz,oksuz-sn,,1264
CY,Cyprus,surname,2,Popa,popa-sn,F;M,26
CY,Cyprus,surname,3,Vasile,vasile-sn,F;M,20
CY,Cyprus,surname,4,Glover,glover-sn,F;M,10
CY,Cyprus,surname,5,Morton,morton-sn,F;M,9
CY,Cyprus,surname,6,Hassan,hassan-sn,F;M,8
CY,Cyprus,surname,7,Bruce,bruce-sn,F;M,6
CY,Cyprus,surname,8,Connolly,connolly-sn,F;M,5
CY,Cyprus,surname,9,Николаев,nikolaev-sn,F;M,5
CY,Cyprus,surname,10,Terzi,terzi-sn,,5
CY,Cyprus,surname,11,Zara,zara-sn,F;M,5
CY,Cyprus,surname,12,Hutchinson,hutchinson-sn,F;M,4
CY,Cyprus,surname,13,Stephenson,stephenson-sn,F;M,4
CY,Cyprus,surname,14,Tarek,tarek-sn,M;F,4
CY,Cyprus,surname,15,Tyler,tyler-sn,,4
CY,Cyprus,surname,16,Angeles,angeles-sn,F;M,3
CY,Cyprus,surname,17,Angelo,angelo-sn,,3
CY,Cyprus,surname,18,Manzano,manzano-sn,F;M,3
CY,Cyprus,surname,19,Mariam,mariam-sn,F;M,3
CY,Cyprus,surname,20,Power,power-sn,,3
CY,Cyprus,surname,21,Townsend,townsend-sn,F;M,3
CY,Cyprus,surname,22,Zidan,zidan-sn,F;M,3
CY,Cyprus,surname,23,Ayesha,ayesha-sn,F;M,2
CY,Cyprus,surname,24,Ayman,ayman-sn,F;M,2
CY,Cyprus,surname,25,Baxter,baxter-sn,F;M,2
CY,Cyprus,surname,26,Didi,didi-sn,F;M,2
CY,Cyprus,surname,27,Фролова,frolova-sn,F;M,2
CY,Cyprus,surname,28,Garner,garner-sn,,2
CY,Cyprus,surname,29,Haidar,haidar-sn,F;M,2
CY,Cyprus,surname,30,Hale,hale-sn,,2
CY,Cyprus,surname,31,Kalu,kalu-sn,F;M,2
CY,Cyprus,surname,32,Kandil,kandil-sn,,2
CY,Cyprus,surname,33,Kar,kar-sn,F;M,2
CY,Cyprus,surname,34,Ma,ma-sn,F;M,2
CY,Cyprus,surname,35,Maheshwari,maheshwari-sn,F;M,2
CY,Cyprus,surname,36,Matta,matta-sn,F;M,2
CY,Cyprus,surname,37,Moro,moro-sn,F;M,2
CY,Cyprus,surname,38,Nichols,nichols-sn,F;M,2
CY,Cyprus,surname,39,Rathore,rathore-sn,F;M,2
CY,Cyprus,surname,40,Viola,viola-sn,M;F,2
CZ,Czechia,forename,1,Petr,petr-fn,M,37422
CZ,Czechia,forename,2,Martin,martin-fn,M,32409
CZ,Czechia,forename,3,Jana,jana-fn,F,31618
CZ,Czechia,forename,4,Tomas,tomas-fn,M,28795
CZ,Czechia,forename,5,Jan,jan-fn,M;F,27419
CZ,Czechia,forename,6,Pavel,pavel-fn,M,23717
CZ,Czechia,forename,7,Jiří,jiri-fn,M,22894
CZ,Czechia,forename,8,Michal,michal-fn,M;F,21788
CZ,Czechia,forename,9,Petra,petra-fn,F,21205
CZ,Czechia,forename,10,Lenka,lenka-fn,F,19930
CZ,Czechia,forename,11,Lucie,lucie-fn,F,19235
CZ,Czechia,forename,12,David,david-fn,M;F,16639
CZ,Czechia,forename,13,Lukas,lukas-fn,M,16231
CZ,Czechia,forename,14,Martina,martina-fn,F,16193
CZ,Czechia,forename,15,Kateřina,katerina-fn,F,15881
CZ,Czechia,forename,16,Eva,eva-fn,F,15526
CZ,Czechia,forename,17,Veronika,veronika-fn,F,15145
CZ,Czechia,forename,18,Jakub,jakub-fn,M,13511
CZ,Czechia,forename,19,Michaela,michaela-fn,F,13362
CZ,Czechia,forename,20,Hana,hana-fn,F;M,11325
CZ,Czechia,forename,21,Tereza,tereza-fn,F,11209
CZ,Czechia,forename,22,Monika,monika-fn,F,10633
CZ,Czechia,forename,23,Josef,josef-fn,M,10092
CZ,Czechia,forename,24,Roman,roman-fn,M,9803
CZ,Czechia,forename,25,Milan,milan-fn,M,9588
CZ,Czechia,forename,26,Jaroslav,jaroslav-fn,M,9568
CZ,Czechia,forename,27,Zdeněk,zdenek-fn,M,9459
CZ,Czechia,forename,28,Marek,marek-fn,M,9383
CZ,Czechia,forename,29,Markéta,marketa-fn,F,9292
CZ,Czechia,forename,30,Radek,radek-fn,M,9038
CZ,Czechia,forename,31,Alena,alena-fn,F,8959
CZ,Czechia,forename,32,Honza,honza-fn,M,8789
CZ,Czechia,forename,33,Jitka,jitka-fn,F,8711
CZ,Czechia,forename,34,Karel,karel-fn,M,8424
CZ,Czechia,forename,35,Marie,marie-fn,F;M,8350
CZ,Czechia,forename,36,Miroslav,miroslav-fn,M,8174
CZ,Czechia,forename,37,Ivana,ivana-fn,F,7950
CZ,Czechia,forename,38,Zuzana,zuzana-fn,F,7792
CZ,Czechia,forename,39,Daniel,daniel-fn,M;F,7482
CZ,Czechia,forename,40,Andrea,andrea-fn,F;M,7231
CZ,Czechia,forename,41,Václav,vaclav-fn,M,7123
CZ,Czechia,forename,42,Anna,anna-fn,F;M,6998
CZ,Czechia,forename,43,Filip,filip-fn,M,6705
CZ,Czechia,forename,44,Ondřej,ondrej-fn,M,6574
CZ,Czechia,forename,45,Renata,renata-fn,F,6566
CZ,Czechia,forename,46,Marcela,marcela-fn,F,6153
CZ,Czechia,forename,47,Jirka,jirka-fn,M,5903
CZ,Czechia,forename,48,Dana,dana-fn,F;M,5868
CZ,Czechia,forename,49,Kristýna,kristyna-fn,F,5865
CZ,Czechia,forename,50,Adam,adam-fn,M,5809
CZ,Czechia,forename,51,Pavla,pavla-fn,F,5795
CZ,Czechia,forename,52,Barbora,barbora-fn,F,5755
CZ,Czechia,forename,53,Vera,vera-fn,F,5738
CZ,Czechia,forename,54,Vladimir,vladimir-fn,M,5649
CZ,Czechia,forename,55,Šárka,sarka-fn,F,5539
CZ,Czechia,forename,56,Iveta,iveta-fn,F,5187
CZ,Czechia,forename,57,Radka,radka-fn,F,5010
CZ,Czechia,forename,58,Dominika,dominika-fn,F,5000
CZ,Czechia,forename,59,Helena,helena-fn,F,4904
CZ,Czechia,forename,60,Klára,klara-fn,F,4771
CZ,Czechia,forename,61,Zdeňka,zdenka-fn,F,4691
CZ,Czechia,forename,62,Eliška,eliska-fn,F,4600
CZ,Czechia,forename,63,Gabriela,gabriela-fn,F,4456
CZ,Czechia,forename,64,Simona,simona-fn,F,4319
CZ,Czechia,forename,65,Pavlína,pavlina-fn,F,4301
CZ,Czechia,forename,66,Nikola,nikola-fn,F;M,4249
CZ,Czechia,forename,67,Patrik,patrik-fn,M,4178
CZ,Czechia,forename,68,František,frantisek-fn,M,4152
CZ,Czechia,forename,69,Ladislav,ladislav-fn,M,4067
CZ,Czechia,forename,70,Milena,milena-fn,F,4000
CZ,Czechia,forename,71,Iva,iva-fn,F,3972
CZ,Czechia,forename,72,Denisa,denisa-fn,F,3952
CZ,Czechia,forename,73,Dominik,dominik-fn,M,3847
CZ,Czechia,forename,74,Aleš,ales-fn,M,3775
CZ,Czechia,forename,75,Ondra,ondra-fn,M,3673
CZ,Czechia,forename,76,Libor,libor-fn,F;M,3623
CZ,Czechia,forename,77,Dagmar,dagmar-fn,F,3572
CZ,Czechia,forename,78,Irena,irena-fn,F,3548
CZ,Czechia,forename,79,Aneta,aneta-fn,F,3472
CZ,Czechia,forename,80,Adela,adela-fn,F,3380
CZ,Czechia,forename,81,Romana,romana-fn,F,3377
CZ,Czechia,forename,82,Karolina,karolina-fn,F,3330
CZ,Czechia,forename,83,Daniela,daniela-fn,F,3311
CZ,Czechia,forename,84,Jaroslava,jaroslava-fn,F,3311
CZ,Czechia,forename,85,Robert,robert-fn,M,3130
CZ,Czechia,forename,86,Katka,katka-fn,F,3110
CZ,Czechia,forename,87,Stanislav,stanislav-fn,M,3104
CZ,Czechia,forename,88,Matěj,matej-fn,M,3096
CZ,Czechia,forename,89,Blanka,blanka-fn,F,3084
CZ,Czechia,forename,90,Hanka,hanka-fn,F,2921
CZ,Czechia,forename,91,Kamila,kamila-fn,F,2863
CZ,Czechia,forename,92,Radim,radim-fn,M,2855
CZ,Czechia,forename,93,Ivan,ivan-fn,M,2849
CZ,Czechia,forename,94,Olga,olga-fn,F,2710
CZ,Czechia,forename,95,Vojta,vojta-fn,M,2611
CZ,Czechia,forename,96,Kuba,kuba-fn,M,2497
CZ,Czechia,forename,97,Jarmila,jarmila-fn,F,2473
CZ,Czechia,forename,98,Vojtěch,vojtech-fn,M,2419
CZ,Czechia,forename,99,Ilona,ilona-fn,F,2387
CZ,Czechia,forename,100,Jarda,jarda-fn,M,2381
CZ,Czechia,surname,1,Novák,novak-sn,M,4946
CZ,Czechia,surname,2,Nováková,novakova-sn,,3854
CZ,Czechia,surname,3,Svoboda,svoboda-sn,,2749
CZ,Czechia,surname,4,Novotná,novotna-sn,F,2601
CZ,Czechia,surname,5,Svobodová,svobodova-sn,F,2544
CZ,Czechia,surname,6,Novotný,novotny-sn,M,2292
CZ,Czechia,surname,7,Dvořáková,dvorakova-sn,F,2242
CZ,Czechia,surname,8,Dvořák,dvorak-sn,M,2031
CZ,Czechia,surname,9,Černá,cerna-sn,F,2027
CZ,Czechia,surname,10,Černý,cerny-sn,M,1767
CZ,Czechia,surname,11,Procházková,prochazkova-sn,F,1614
CZ,Czechia,surname,12,Kučerová,kucerova-sn,F,1515
CZ,Czechia,surname,13,Kučera,kucera-sn,M,1406
CZ,Czechia,surname,14,Procházka,prochazka-sn,M,1387
CZ,Czechia,surname,15,Veselá,vesela-sn,F,1361
CZ,Czechia,surname,16,Marek,marek-sn,M,1236
CZ,Czechia,surname,17,Veselý,vesely-sn,M,1200
CZ,Czechia,surname,18,Pokorná,pokorna-sn,F,1135
CZ,Czechia,surname,19,Horáková,horakova-sn,F,1130
CZ,Czechia,surname,20,Němcová,nemcova-sn,F,1110
CZ,Czechia,surname,21,Králová,kralova-sn,F,1104
CZ,Czechia,surname,22,Hájková,hajkova-sn,F,1051
CZ,Czechia,surname,23,Marková,markova-sn,F,1044
CZ,Czechia,surname,24,Horák,horak-sn,M,1031
CZ,Czechia,surname,25,Němec,nemec-sn,M,1028
CZ,Czechia,surname,26,Pospíšilová,pospisilova-sn,F,1014
CZ,Czechia,surname,27,Petr,petr-sn,M,1003
CZ,Czechia,surname,28,Jana,jana-sn,F;M,305
CZ,Czechia,surname,29,Le,le-sn,F;M,184
CZ,Czechia,surname,30,Ma,ma-sn,F;M,98
CZ,Czechia,surname,31,Groß,gross-sn,,65
CZ,Czechia,surname,32,Schmid,schmid-sn,F;M,44
CZ,Czechia,surname,33,Vasile,vasile-sn,F;M,26
CZ,Czechia,surname,34,Popa,popa-sn,F;M,23
CZ,Czechia,surname,35,Angelo,angelo-sn,,21
CZ,Czechia,surname,36,Hassan,hassan-sn,F;M,20
CZ,Czechia,surname,37,Kar,kar-sn,F;M,20
CZ,Czechia,surname,38,Rain,rain-sn,,19
CZ,Czechia,surname,39,Maurer,maurer-sn,F;M,18
CZ,Czechia,surname,40,Moro,moro-sn,F;M,16
CZ,Czechia,surname,41,Didi,didi-sn,F;M,15
CZ,Czechia,surname,42,Filippi,filippi-sn,F;M,12
CZ,Czechia,surname,43,Фролова,frolova-sn,F;M,12
CZ,Czechia,surname,44,Степанов,stepanov-sn,F;M,12
CZ,Czechia,surname,45,Power,power-sn,,11
CZ,Czechia,surname,46,Viola,viola-sn,M;F,11
CZ,Czechia,surname,47,Zhao,zhao-sn,F;M,11
CZ,Czechia,surname,48,Dia,dia-sn,,9
CZ,Czechia,surname,49,Zheng,zheng-sn,F;M,9
CZ,Czechia,surname,50,Николаев,nikolaev-sn,F;M,8
CZ,Czechia,surname,51,Bruce,bruce-sn,F;M,7
CZ,Czechia,surname,52,حرب,hrb-sn,,7
CZ,Czechia,surname,53,Matta,matta-sn,F;M,7
CZ,Czechia,surname,54,Santo,santo-sn,F;M,6
CZ,Czechia,surname,55,Seven,seven-sn,F;M,6
CZ,Czechia,surname,56,Hale,hale-sn,,5
CZ,Czechia,surname,57,Michele,michele-sn,F;M,5
CZ,Czechia,surname,58,Zidan,zidan-sn,F;M,5
CZ,Czechia,surname,59,Caroline,caroline-sn,,4
CZ,Czechia,surname,60,Dev,dev-sn,F;M,4
CZ,Czechia,surname,61,Franchi,franchi-sn,F;M,4
CZ,Czechia,surname,62,Омарова,omarova-sn,F;M,4
CZ,Czechia,surname,63,Parra,parra-sn,F;M,4
CZ,Czechia,surname,64,Tyler,tyler-sn,,4
CZ,Czechia,surname,65,Chevalier,chevalier-sn,F;M,3
CZ,Czechia,surname,66,Duma,duma-sn,F;M,3
CZ,Czechia,surname,67,Falk,falk-sn,F;M,3
CZ,Czechia,surname,68,Okon,okon-sn,F;M,3
CZ,Czechia,surname,69,Trevisan,trevisan-sn,F;M,3
CZ,Czechia,surname,70,Zara,zara-sn,F;M,3
CZ,Czechia,surname,71,Amen,amen-sn,F;M,2
CZ,Czechia,surname,72,Arıkan,arikan-sn,F;M,2
CZ,Czechia,surname,73,Chebbi,chebbi-sn,F;M,2
CZ,Czechia,surname,74,Crespo,crespo-sn,F;M,2
CZ,Czechia,surname,75,Dib,dib-sn,F;M,2
CZ,Czechia,surname,76,Fall,fall-sn,,2
CZ,Czechia,surname,77,Faria,faria-sn,,2
CZ,Czechia,surname,78,Kalu,kalu-sn,F;M,2
CZ,Czechia,surname,79,Leblanc,leblanc-sn,F;M,2
CZ,Czechia,surname,80,لغتي,lghty-sn,,2
CZ,Czechia,surname,81,Mariam,mariam-sn,F;M,2
CZ,Czechia,surname,82,Morton,morton-sn,F;M,2
CZ,Czechia,surname,83,Mosaad,mosaad-sn,,2
CZ,Czechia,surname,84,Osullivan,osullivan-sn,F;M,2
CZ,Czechia,surname,85,Ouni,ouni-sn,F;M,2
CZ,Czechia,surname,86,Rahma,rahma-sn,F;M,2
CZ,Czechia,surname,87,Rathore,rathore-sn,F;M,2
CZ,Czechia,surname,88,Raymond,raymond-sn,F;M,2
CZ,Czechia,surname,89,Tarek,tarek-sn,M;F,2
CZ,Czechia,surname,90,Yanık,yanik-sn,F;M,2
DE,Germany,forename,1,Michael,michael-fn,M,74836
DE,Germany,forename,2,Thomas,thomas-fn,M,67247
DE,Germany,forename,3,Andreas,andreas-fn,M,56501
DE,Germany,forename,4,Christian,christian-fn,M;F,53864
DE,Germany,forename,5,Stefan,stefan-fn,M,42155
DE,Germany,forename,6,Daniel,daniel-fn,M;F,41310
DE,Germany,forename,7,Peter,peter-fn,M,39031
DE,Germany,forename,8,Frank,frank-fn,M,38138
DE,Germany,forename,9,Markus,markus-fn,M,33863
DE,Germany,forename,10,Martin,martin-fn,M,32583
DE,Germany,forename,11,Nicole,nicole-fn,F,30241
DE,Germany,forename,12,Sandra,sandra-fn,F,29886
DE,Germany,forename,13,Sebastian,sebastian-fn,M,27338
DE,Germany,forename,14,Alexander,alexander-fn,M,27140
DE,Germany,forename,15,Sabine,sabine-fn,F,26585
DE,Germany,forename,16,Sven,sven-fn,M,25990
DE,Germany,forename,17,Petra,petra-fn,F,25612
DE,Germany,forename,18,Andrea,andrea-fn,F;M,25549
DE,Germany,forename,19,Claudia,claudia-fn,F,25168
DE,Germany,forename,20,Matthias,matthias-fn,M,24970
DE,Germany,forename,21,Marcel,marcel-fn,M,24806
DE,Germany,forename,22,Patrick,patrick-fn,M,23510
DE,Germany,forename,23,Tobias,tobias-fn,M,22951
DE,Germany,forename,24,Jens,jens-fn,M,22528
DE,Germany,forename,25,Marco,marco-fn,M;F,22041
DE,Germany,forename,26,Julia,julia-fn,F,21560
DE,Germany,forename,27,Dirk,dirk-fn,M,21118
DE,Germany,forename,28,Anja,anja-fn,F,21116
DE,Germany,forename,29,Jürgen,jurgen-fn,M,20921
DE,Germany,forename,30,Ralf,ralf-fn,M,20635
DE,Germany,forename,31,Jan,jan-fn,M;F,20602
DE,Germany,forename,32,Florian,florian-fn,M,20528
DE,Germany,forename,33,Mohamed,mohamed-fn,M,20385
DE,Germany,forename,34,Uwe,uwe-fn,M,20289
DE,Germany,forename,35,Andre,andre-fn,M;F,20231
DE,Germany,forename,36,Sara,sara-fn,F;M,19965
DE,Germany,forename,37,Melanie,melanie-fn,F,19534
DE,Germany,forename,38,Oliver,oliver-fn,M,19012
DE,Germany,forename,39,Klaus,klaus-fn,M,18935
DE,Germany,forename,40,Wolfgang,wolfgang-fn,M,18554
DE,Germany,forename,41,Jörg,jorg-fn,M,18455
DE,Germany,forename,42,Heike,heike-fn,F,18414
DE,Germany,forename,43,Rene,rene-fn,M;F,18199
DE,Germany,forename,44,Anna,anna-fn,F;M,18156
DE,Germany,forename,45,Kerstin,kerstin-fn,F,18076
DE,Germany,forename,46,Nadine,nadine-fn,F,17941
DE,Germany,forename,47,Tanja,tanja-fn,F,17815
DE,Germany,forename,48,Bernd,bernd-fn,M,17625
DE,Germany,forename,49,Dennis,dennis-fn,M;F,17600
DE,Germany,forename,50,Stefanie,stefanie-fn,F,17565
DE,Germany,forename,51,David,david-fn,M;F,17535
DE,Germany,forename,52,Daniela,daniela-fn,F,17462
DE,Germany,forename,53,Susanne,susanne-fn,F,17340
DE,Germany,forename,54,Kevin,kevin-fn,M,16993
DE,Germany,forename,55,Robert,robert-fn,M,16980
DE,Germany,forename,56,Mario,mario-fn,M,16715
DE,Germany,forename,57,Monika,monika-fn,F,16598
DE,Germany,forename,58,Sarah,sarah-fn,F,16492
DE,Germany,forename,59,Alex,alex-fn,M;F,16383
DE,Germany,forename,60,Sascha,sascha-fn,M,15907
DE,Germany,forename,61,Lisa,lisa-fn,F,15866
DE,Germany,forename,62,Sabrina,sabrina-fn,F;M,15078
DE,Germany,forename,63,Christoph,christoph-fn,M,14916
DE,Germany,forename,64,Christophe,christophe-fn,M,14916
DE,Germany,forename,65,Manuela,manuela-fn,F,14740
DE,Germany,forename,66,Martina,martina-fn,F,14641
DE,Germany,forename,67,Carina,carina-fn,F,14120
DE,Germany,forename,68,Birgit,birgit-fn,F,13748
DE,Germany,forename,69,Stephan,stephan-fn,M,13628
DE,Germany,forename,70,Steffen,steffen-fn,M,13435
DE,Germany,forename,71,Max,max-fn,M,13177
DE,Germany,forename,72,Tim,tim-fn,M,13124
DE,Germany,forename,73,Philipp,philipp-fn,M,12507
DE,Germany,forename,74,Philippe,philippe-fn,M,12507
DE,Germany,forename,75,Ali,ali-fn,M;F,12405
DE,Germany,forename,76,Karin,karin-fn,F,12362
DE,Germany,forename,77,Marc,marc-fn,M,12303
DE,Germany,forename,78,Laura,laura-fn,F,12295
DE,Germany,forename,79,Ahmed,ahmed-fn,M,12201
DE,Germany,forename,80,Nico,nico-fn,M;F,12030
DE,Germany,forename,81,Marion,marion-fn,F,11884
DE,Germany,forename,82,Chris,chris-fn,M;F,11862
DE,Germany,forename,83,Katrin,katrin-fn,F,11829
DE,Germany,forename,84,Simone,simone-fn,F;M,11804
DE,Germany,forename,85,Dieter,dieter-fn,M,11662
DE,Germany,forename,86,Manfred,manfred-fn,M,11557
DE,Germany,forename,87,Michaela,michaela-fn,F,11523
DE,Germany,forename,88,Torsten,torsten-fn,M,11470
DE,Germany,forename,89,Christina,christina-fn,F,11359
DE,Germany,forename,90,Katharina,katharina-fn,F,11348
DE,Germany,forename,91,Yvonne,yvonne-fn,F,11313
DE,Germany,forename,92,Maik,maik-fn,M,11203
DE,Germany,forename,93,Dominik,dominik-fn,M,11201
DE,Germany,forename,94,Heiko,heiko-fn,M,11191
DE,Germany,forename,95,Jessica,jessica-fn,F,11141
DE,Germany,forename,96,Katja,katja-fn,F,11053
DE,Germany,forename,97,Holger,holger-fn,M,11010
DE,Germany,forename,98,Christine,christine-fn,F,10927
DE,Germany,forename,99,Manuel,manuel-fn,M,10723
DE,Germany,forename,100,Silke,silke-fn,F,10712
DE,Germany,surname,1,Müller,muller-sn,M;F,46400
DE,Germany,surname,2,Schmidt,schmidt-sn,F;M,31905
DE,Germany,surname,3,Schneider,schneider-sn,M;F,16824
DE,Germany,surname,4,Wagner,wagner-sn,M;F,14123
DE,Germany,surname,5,Fischer,fischer-sn,M;F,13791
DE,Germany,surname,6,Bruder,bruder-sn,F;M,13508
DE,Germany,surname,7,Walter,walter-sn,F;M,13468
DE,Germany,surname,8,Meyer,meyer-sn,M;F,12694
DE,Germany,surname,9,Weber,weber-sn,M,11966
DE,Germany,surname,10,Schulz,schulz-sn,M;F,11904
DE,Germany,surname,11,Becker,becker-sn,F;M,10508
DE,Germany,surname,12,Hoffmann,hoffmann-sn,M;F,10392
DE,Germany,surname,13,Richter,richter-sn,M;F,9776
DE,Germany,surname,14,Koch,koch-sn,M;F,8669
DE,Germany,surname,15,Klein,klein-sn,M;F,8208
DE,Germany,surname,16,Bauer,bauer-sn,M;F,8189
DE,Germany,surname,17,Wolf,wolf-sn,M;F,7904
DE,Germany,surname,18,Schäfer,schafer-sn,M;F,7653
DE,Germany,surname,19,Schröder,schroder-sn,M;F,7442
DE,Germany,surname,20,Neumann,neumann-sn,M;F,7437
DE,Germany,surname,21,Meier,meier-sn,M;F,7262
DE,Germany,surname,22,Schwarz,schwarz-sn,M;F,6613
DE,Germany,surname,23,Lange,lange-sn,M;F,6388
DE,Germany,surname,24,Krüger,kruger-sn,M;F,6379
DE,Germany,surname,25,Braun,braun-sn,M;F,6062
DE,Germany,surname,26,Schmitz,schmitz-sn,M;F,6034
DE,Germany,surname,27,Zimmermann,zimmermann-sn,M;F,6005
DE,Germany,surname,28,Krause,krause-sn,,5861
DE,Germany,surname,29,Lehmann,lehmann-sn,,5843
DE,Germany,surname,30,Werner,werner-sn,,5768
DE,Germany,surname,31,Schulze,schulze-sn,,5719
DE,Germany,surname,32,Hartmann,hartmann-sn,,5680
DE,Germany,surname,33,Hofmann,hofmann-sn,,5648
DE,Germany,surname,34,Schmitt,schmitt-sn,M;F,5268
DE,Germany,surname,35,Ali,ali-sn,M;F,5016
DE,Germany,surname,36,Ay,ay-sn,,5000
DE,Germany,surname,37,Weiner,weiner-sn,F;M,5000
DE,Germany,surname,38,Maier,maier-sn,M;F,4993
DE,Germany,surname,39,Peters,peters-sn,M;F,4974
DE,Germany,surname,40,König,konig-sn,M;F,4945
DE,Germany,surname,41,Weiß,weiss-sn,M;F,4920
DE,Germany,surname,42,Kaiser,kaiser-sn,M;F,4867
DE,Germany,surname,43,Herrmann,herrmann-sn,M;F,4813
DE,Germany,surname,44,Köhler,kohler-sn,M;F,4623
DE,Germany,surname,45,Mayer,mayer-sn,,4473
DE,Germany,surname,46,Yilmaz,yilmaz-sn,M;F,4461
DE,Germany,surname,47,Fuchs,fuchs-sn,M;F,4437
DE,Germany,surname,48,Schmid,schmid-sn,F;M,4395
DE,Germany,surname,49,Nguyen,nguyen-sn,M;F,4289
DE,Germany,surname,50,Scholz,scholz-sn,M;F,4246
DE,Germany,surname,51,Berger,berger-sn,M;F,4161
DE,Germany,surname,52,Möller,moller-sn,,4157
DE,Germany,surname,53,Schubert,schubert-sn,M;F,4112
DE,Germany,surname,54,Jung,jung-sn,M;F,3999
DE,Germany,surname,55,Lang,lang-sn,M;F,3982
DE,Germany,surname,56,Frank,frank-sn,M;F,3974
DE,Germany,surname,57,Friedrich,friedrich-sn,M;F,3870
DE,Germany,surname,58,Krämer,kramer-sn,M;F,3862
DE,Germany,surname,59,Huber,huber-sn,,3831
DE,Germany,surname,60,Martin,martin-sn,M;F,3654
DE,Germany,surname,61,Winkler,winkler-sn,M;F,3634
DE,Germany,surname,62,Vogel,vogel-sn,M;F,3593
DE,Germany,surname,63,Lorenz,lorenz-sn,M;F,3567
DE,Germany,surname,64,Franke,franke-sn,M;F,3563
DE,Germany,surname,65,Kaya,kaya-sn,M;F,3548
DE,Germany,surname,66,Engel,engel-sn,F;M,3522
DE,Germany,surname,67,Günther,gunther-sn,M;F,3499
DE,Germany,surname,68,Winter,winter-sn,M;F,3493
DE,Germany,surname,69,Hahn,hahn-sn,M;F,3456
DE,Germany,surname,70,Keller,keller-sn,M;F,3409
DE,Germany,surname,71,Ha,ha-sn,,3373
DE,Germany,surname,72,Albrecht,albrecht-sn,M;F,3335
DE,Germany,surname,73,Stein,stein-sn,M;F,3335
DE,Germany,surname,74,Demir,demir-sn,M;F,3315
DE,Germany,surname,75,Beck,beck-sn,,3312
DE,Germany,surname,76,Simon,simon-sn,M;F,3283
DE,Germany,surname,77,Baumann,baumann-sn,M;F,3268
DE,Germany,surname,78,Ma,ma-sn,F;M,3263
DE,Germany,surname,79,Sommer,sommer-sn,M;F,3260
DE,Germany,surname,80,Ludwig,ludwig-sn,M;F,3209
DE,Germany,surname,81,Roth,roth-sn,,3191
DE,Germany,surname,82,Otto,otto-sn,M;F,3121
DE,Germany,surname,83,Schumacher,schumacher-sn,M;F,3034
DE,Germany,surname,84,Ahmed,ahmed-sn,M;F,3030
DE,Germany,surname,85,Schuster,schuster-sn,M;F,3021
DE,Germany,surname,86,Mueller,mueller-sn,M;F,2993
DE,Germany,surname,87,Brandt,brandt-sn,M;F,2924
DE,Germany,surname,88,Le,le-sn,F;M,2835
DE,Germany,surname,89,Na,na-sn,F;M,2828
DE,Germany,surname,90,Heinrich,heinrich-sn,M;F,2825
DE,Germany,surname,91,Paul,paul-sn,M;F,2814
DE,Germany,surname,92,Hansen,hansen-sn,M;F,2808
DE,Germany,surname,93,Seidel,seidel-sn,M;F,2804
DE,Germany,surname,94,Kraus,kraus-sn,M;F,2774
DE,Germany,surname,95,Vogt,vogt-sn,M;F,2748
DE,Germany,surname,96,Graf,graf-sn,M;F,2685
DE,Germany,surname,97,Böhm,bohm-sn,M;F,2675
DE,Germany,surname,98,Schreiber,schreiber-sn,M;F,2642
DE,Germany,surname,99,Voigt,voigt-sn,M;F,2635
DE,Germany,surname,100,Jäger,jager-sn,M;F,2624
DJ,Djibouti,forename,1,Faysal,faysal-fn,M,11
DJ,Djibouti,forename,2,Ayoub,ayoub-fn,M,7
DJ,Djibouti,forename,3,Abdoo,abdoo-fn,F;M,2
DJ,Djibouti,forename,4,Fayza,fayza-fn,F;M,2
DJ,Djibouti,forename,5,Mahfoud,mahfoud-fn,M,2
DJ,Djibouti,forename,6,Riyad,riyad-fn,F;M,2
DJ,Djibouti,surname,1,Hassan,hassan-sn,F;M,307
DJ,Djibouti,surname,2,Bachir,bachir-sn,F;M,11
DJ,Djibouti,surname,3,Rahma,rahma-sn,F;M,4
DJ,Djibouti,surname,4,Ayman,ayman-sn,F;M,2
DJ,Djibouti,surname,5,Dia,dia-sn,,2
DJ,Djibouti,surname,6,Mariam,mariam-sn,F;M,2
DK,Denmark,forename,1,Michael,michael-fn,M,4933
DK,Denmark,forename,2,Thomas,thomas-fn,M,4847
DK,Denmark,forename,3,Peter,peter-fn,M,4815
DK,Denmark,forename,4,Martin,martin-fn,M,4265
DK,Denmark,forename,5,Henrik,henrik-fn,M,4223
DK,Denmark,forename,6,Lars,lars-fn,M,4120
DK,Denmark,forename,7,Christian,christian-fn,M;F,3908
DK,Denmark,forename,8,Morten,morten-fn,M,3880
DK,Denmark,forename,9,Jesper,jesper-fn,M,3796
DK,Denmark,forename,10,Sören,soren-fn,M,3701
DK,Denmark,forename,11,Mette,mette-fn,F,3688
DK,Denmark,forename,12,Anders,anders-fn,M,3511
DK,Denmark,forename,13,Jan,jan-fn,M;F,3134
DK,Denmark,forename,14,Mads,mads-fn,M,3008
DK,Denmark,forename,15,Rasmus,rasmus-fn,M,2984
DK,Denmark,forename,16,Kim,kim-fn,F;M,2852
DK,Denmark,forename,17,Helle,helle-fn,F,2711
DK,Denmark,forename,18,Jens,jens-fn,M,2610
DK,Denmark,forename,19,Anne,anne-fn,F;M,2549
DK,Denmark,forename,20,Mikkel,mikkel-fn,M,2539
DK,Denmark,forename,21,Sara,sara-fn,F;M,2492
DK,Denmark,forename,22,Louise,louise-fn,F,2483
DK,Denmark,forename,23,Camilla,camilla-fn,F,2419
DK,Denmark,forename,24,Susanne,susanne-fn,F,2383
DK,Denmark,forename,25,Hanne,hanne-fn,F,2373
DK,Denmark,forename,26,Jacob,jacob-fn,M,2306
DK,Denmark,forename,27,Charlotte,charlotte-fn,F,2287
DK,Denmark,forename,28,Daniel,daniel-fn,M;F,2247
DK,Denmark,forename,29,Lene,lene-fn,F,2218
DK,Denmark,forename,30,Jonas,jonas-fn,M,2214
DK,Denmark,forename,31,Marianne,marianne-fn,F,2185
DK,Denmark,forename,32,Kasper,kasper-fn,M,2139
DK,Denmark,forename,33,Per,per-fn,M,2134
DK,Denmark,forename,34,Tina,tina-fn,F,2115
DK,Denmark,forename,35,Claus,claus-fn,M,2102
DK,Denmark,forename,36,Gitte,gitte-fn,F,2099
DK,Denmark,forename,37,Kirsten,kirsten-fn,F,2093
DK,Denmark,forename,38,Simon,simon-fn,M,2082
DK,Denmark,forename,39,Rikke,rikke-fn,F,2034
DK,Denmark,forename,40,Andreas,andreas-fn,M,1998
DK,Denmark,forename,41,Pia,pia-fn,F,1985
DK,Denmark,forename,42,Ole,ole-fn,M,1983
DK,Denmark,forename,43,Frederik,frederik-fn,M,1923
DK,Denmark,forename,44,Christina,christina-fn,F,1902
DK,Denmark,forename,45,Pernille,pernille-fn,F,1898
DK,Denmark,forename,46,Brian,brian-fn,M,1878
DK,Denmark,forename,47,Lone,lone-fn,F,1848
DK,Denmark,forename,48,Julie,julie-fn,F,1826
DK,Denmark,forename,49,Mathias,mathias-fn,M,1801
DK,Denmark,forename,50,Niels,niels-fn,M,1725
DK,Denmark,forename,51,John,john-fn,M,1720
DK,Denmark,forename,52,Jakob,jakob-fn,M,1714
DK,Denmark,forename,53,Anna,anna-fn,F;M,1664
DK,Denmark,forename,54,Sofie,sofie-fn,F;M,1660
DK,Denmark,forename,55,Carsten,carsten-fn,M,1647
DK,Denmark,forename,56,Lasse,lasse-fn,M,1621
DK,Denmark,forename,57,Torben,torben-fn,M,1616
DK,Denmark,forename,58,Line,line-fn,F,1602
DK,Denmark,forename,59,Emil,emil-fn,M,1592
DK,Denmark,forename,60,Allan,allan-fn,M,1584
DK,Denmark,forename,61,Kenneth,kenneth-fn,M,1580
DK,Denmark,forename,62,Jørgen,jorgen-fn,M,1528
DK,Denmark,forename,63,Jette,jette-fn,F,1525
DK,Denmark,forename,64,Steffen,steffen-fn,M,1500
DK,Denmark,forename,65,Kristian,kristian-fn,M,1495
DK,Denmark,forename,66,Heidi,heidi-fn,F,1456
DK,Denmark,forename,67,Erik,erik-fn,M,1412
DK,Denmark,forename,68,Trine,trine-fn,F,1355
DK,Denmark,forename,69,Flemming,flemming-fn,M,1349
DK,Denmark,forename,70,Annette,annette-fn,F,1335
DK,Denmark,forename,71,Anette,anette-fn,F,1285
DK,Denmark,forename,72,Bente,bente-fn,F,1266
DK,Denmark,forename,73,Cecilie,cecilie-fn,F,1259
DK,Denmark,forename,74,Marie,marie-fn,F;M,1241
DK,Denmark,forename,75,Dennis,dennis-fn,M;F,1230
DK,Denmark,forename,76,Casper,casper-fn,M,1229
DK,Denmark,forename,77,Sebastian,sebastian-fn,M,1189
DK,Denmark,forename,78,Birgitte,birgitte-fn,F,1180
DK,Denmark,forename,79,Stine,stine-fn,F,1167
DK,Denmark,forename,80,Dorthe,dorthe-fn,F,1152
DK,Denmark,forename,81,Katrine,katrine-fn,F,1144
DK,Denmark,forename,82,Alexander,alexander-fn,M,1142
DK,Denmark,forename,83,Sarah,sarah-fn,F,1133
DK,Denmark,forename,84,Hans,hans-fn,M,1130
DK,Denmark,forename,85,Malene,malene-fn,F,1118
DK,Denmark,forename,86,Oliver,oliver-fn,M,1086
DK,Denmark,forename,87,Emma,emma-fn,F,1080
DK,Denmark,forename,88,Lisbeth,lisbeth-fn,F,1079
DK,Denmark,forename,89,Ida,ida-fn,F,1074
DK,Denmark,forename,90,Tobias,tobias-fn,M,1071
DK,Denmark,forename,91,Signe,signe-fn,F,1069
DK,Denmark,forename,92,Ulla,ulla-fn,F,1069
DK,Denmark,forename,93,Karina,karina-fn,F,1060
DK,Denmark,forename,94,Steen,steen-fn,M,1057
DK,Denmark,forename,95,Bo,bo-fn,M;F,1047
DK,Denmark,forename,96,Dorte,dorte-fn,F,1039
DK,Denmark,forename,97,Nicolai,nicolai-fn,M,1026
DK,Denmark,forename,98,Karen,karen-fn,F;M,1021
DK,Denmark,forename,99,Ahmad,ahmad-fn,M;F,1009
DK,Denmark,forename,100,Ahmed,ahmed-fn,M,1009
DK,Denmark,surname,1,Nielsen,nielsen-sn,M;F,16282
DK,Denmark,surname,2,Hansen,hansen-sn,M;F,14593
DK,Denmark,surname,3,Jensen,jensen-sn,M;F,14120
DK,Denmark,surname,4,Andersen,andersen-sn,,11095
DK,Denmark,surname,5,Pedersen,pedersen-sn,M;F,10047
DK,Denmark,surname,6,Larsen,larsen-sn,M;F,7063
DK,Denmark,surname,7,Christensen,christensen-sn,M;F,6855
DK,Denmark,surname,8,Sørensen,sorensen-sn,M;F,6260
DK,Denmark,surname,9,Rasmussen,rasmussen-sn,,5634
DK,Denmark,surname,10,Jørgensen,jorgensen-sn,M;F,5073
DK,Denmark,surname,11,Petersen,petersen-sn,M;F,4592
DK,Denmark,surname,12,Madsen,madsen-sn,M;F,3874
DK,Denmark,surname,13,Kristensen,kristensen-sn,M;F,3509
DK,Denmark,surname,14,Olsen,olsen-sn,,3065
DK,Denmark,surname,15,Thomsen,thomsen-sn,M;F,2663
DK,Denmark,surname,16,Christiansen,christiansen-sn,M;F,2273
DK,Denmark,surname,17,Möller,moller-sn,,1220
DK,Denmark,surname,18,Poulsen,poulsen-sn,M,1156
DK,Denmark,surname,19,Ali,ali-sn,M;F,1064
DK,Denmark,surname,20,Knudsen,knudsen-sn,M,1043
DK,Denmark,surname,21,Mortensen,mortensen-sn,M,1036
DK,Denmark,surname,22,Johansen,johansen-sn,M;F,1027
DK,Denmark,surname,23,Hassan,hassan-sn,F;M,668
DK,Denmark,surname,24,Persson,persson-sn,,223
DK,Denmark,surname,25,Falk,falk-sn,F;M,136
DK,Denmark,surname,26,Le,le-sn,F;M,104
DK,Denmark,surname,27,Ma,ma-sn,F;M,90
DK,Denmark,surname,28,Arıkan,arikan-sn,F;M,38
DK,Denmark,surname,29,Işık,isik-sn,F;M,33
DK,Denmark,surname,30,Haidar,haidar-sn,F;M,32
DK,Denmark,surname,31,Popa,popa-sn,F;M,31
DK,Denmark,surname,32,Agha,agha-sn,F;M,28
DK,Denmark,surname,33,Peker,peker-sn,F;M,27
DK,Denmark,surname,34,Angelo,angelo-sn,,24
DK,Denmark,surname,35,Groß,gross-sn,,23
DK,Denmark,surname,36,Vasile,vasile-sn,F;M,23
DK,Denmark,surname,37,Zhao,zhao-sn,F;M,23
DK,Denmark,surname,38,Taşçı,tasci-sn,F;M,20
DK,Denmark,surname,39,Kavak,kavak-sn,F;M,18
DK,Denmark,surname,40,Zheng,zheng-sn,F;M,18
DK,Denmark,surname,41,Tarek,tarek-sn,M;F,17
DK,Denmark,surname,42,Garner,garner-sn,,14
DK,Denmark,surname,43,Raymond,raymond-sn,F;M,13
DK,Denmark,surname,44,Dia,dia-sn,,12
DK,Denmark,surname,45,Gharib,gharib-sn,,12
DK,Denmark,surname,46,Zara,zara-sn,F;M,12
DK,Denmark,surname,47,Dağlı,dagli-sn,,11
DK,Denmark,surname,48,Fall,fall-sn,,11
DK,Denmark,surname,49,Morton,morton-sn,F;M,11
DK,Denmark,surname,50,Rathore,rathore-sn,F;M,11
DK,Denmark,surname,51,Bruce,bruce-sn,F;M,10
DK,Denmark,surname,52,Mariam,mariam-sn,F;M,10
DK,Denmark,surname,53,Waqas,waqas-sn,,10
DK,Denmark,surname,54,Zidan,zidan-sn,F;M,10
DK,Denmark,surname,55,Amen,amen-sn,F;M,9
DK,Denmark,surname,56,Dib,dib-sn,F;M,9
DK,Denmark,surname,57,Ayman,ayman-sn,F;M,7
DK,Denmark,surname,58,Caroline,caroline-sn,,7
DK,Denmark,surname,59,كوباني,kwbany-sn,,7
DK,Denmark,surname,60,Moro,moro-sn,F;M,7
DK,Denmark,surname,61,Selçuk,selcuk-sn,F;M,7
DK,Denmark,surname,62,Uygun,uygun-sn,F;M,7
DK,Denmark,surname,63,Fatah,fatah-sn,M;F,6
DK,Denmark,surname,64,Parra,parra-sn,F;M,6
DK,Denmark,surname,65,Rm,rm-sn,F;M,6
DK,Denmark,surname,66,Shehab,shehab-sn,F;M,6
DK,Denmark,surname,67,Bachir,bachir-sn,F;M,5
DK,Denmark,surname,68,Jana,jana-sn,F;M,5
DK,Denmark,surname,69,Kar,kar-sn,F;M,5
DK,Denmark,surname,70,Osullivan,osullivan-sn,F;M,5
DK,Denmark,surname,71,Power,power-sn,,5
DK,Denmark,surname,72,Schmid,schmid-sn,F;M,5
DK,Denmark,surname,73,Warda,warda-sn,,5
DK,Denmark,surname,74,Bonnet,bonnet-sn,F;M,4
DK,Denmark,surname,75,Dekker,dekker-sn,F;M,4
DK,Denmark,surname,76,Hutchinson,hutchinson-sn,F;M,4
DK,Denmark,surname,77,Jurado,jurado-sn,F;M,4
DK,Denmark,surname,78,Ouni,ouni-sn,F;M,4
DK,Denmark,surname,79,Степанов,stepanov-sn,F;M,4
DK,Denmark,surname,80,Torre,torre-sn,F;M,4
DK,Denmark,surname,81,Townsend,townsend-sn,F;M,4
DK,Denmark,surname,82,Chandler,chandler-sn,F;M,3
DK,Denmark,surname,83,Crespo,crespo-sn,F;M,3
DK,Denmark,surname,84,Enrique,enrique-sn,F;M,3
DK,Denmark,surname,85,Glover,glover-sn,F;M,3
DK,Denmark,surname,86,Gori,gori-sn,,3
DK,Denmark,surname,87,Kandil,kandil-sn,,3
DK,Denmark,surname,88,Mancuso,mancuso-sn,F;M,3
DK,Denmark,surname,89,Manzano,manzano-sn,F;M,3
DK,Denmark,surname,90,Rahma,rahma-sn,F;M,3
DK,Denmark,surname,91,Terzi,terzi-sn,,3
DK,Denmark,surname,92,Tyler,tyler-sn,,3
DK,Denmark,surname,93,Ayesha,ayesha-sn,F;M,2
DK,Denmark,surname,94,Baxter,baxter-sn,F;M,2
DK,Denmark,surname,95,Castellano,castellano-sn,,2
DK,Denmark,surname,96,Covarrubias,covarrubias-sn,F;M,2
DK,Denmark,surname,97,Damato,damato-sn,F;M,2
DK,Denmark,surname,98,Fauzi,fauzi-sn,,2
DK,Denmark,surname,99,Фролова,frolova-sn,F;M,2
DK,Denmark,surname,100,Leroux,leroux-sn,,2
DO,,surname,1,Pichardo,pichardo-sn,M;F,21014
DZ,Algeria,forename,1,Mohamed,mohamed-fn,M,323909
DZ,Algeria,forename,2,Amine,amine-fn,M,129754
DZ,Algeria,forename,3,Ahmed,ahmed-fn,M,109004
DZ,Algeria,forename,4,Abdo,abdo-fn,M;F,89510
DZ,Algeria,forename,5,Karim,karim-fn,M;F,73616
DZ,Algeria,forename,6,محمد,mhmd-fn,M;F,67635
DZ,Algeria,forename,7,Ali,ali-fn,M;F,63644
DZ,Algeria,forename,8,Kamal,kamal-fn,M;F,63449
DZ,Algeria,forename,9,Samir,samir-fn,M,57797
DZ,Algeria,forename,10,Mourad,mourad-fn,M,57113
DZ,Algeria,forename,11,Hamza,hamza-fn,M,56960
DZ,Algeria,forename,12,Omar,omar-fn,M;F,49171
DZ,Algeria,forename,13,ام,am-fn,F;M,49026
DZ,Algeria,forename,14,Abdou,abdou-fn,M,47052
DZ,Algeria,forename,15,Walid,walid-fn,M;F,45879
DZ,Algeria,forename,16,Khaled,khaled-fn,M,45168
DZ,Algeria,forename,17,Hicham,hicham-fn,M,44833
DZ,Algeria,forename,18,Moh,moh-fn,M,43449
DZ,Algeria,forename,19,Ibrahim,ibrahim-fn,M;F,42909
DZ,Algeria,forename,20,Sara,sara-fn,F;M,42128
DZ,Algeria,forename,21,Kamel,kamel-fn,M,41914
DZ,Algeria,forename,22,Malak,malak-fn,F,41818
DZ,Algeria,forename,23,Youcef,youcef-fn,M,41677
DZ,Algeria,forename,24,Salah,salah-fn,M;F,40763
DZ,Algeria,forename,25,Salem,salem-fn,M,39885
DZ,Algeria,forename,26,Nour,nour-fn,F;M,37921
DZ,Algeria,forename,27,Amir,amir-fn,M;F,37228
DZ,Algeria,forename,28,Bilal,bilal-fn,M;F,36919
DZ,Algeria,forename,29,Osama,osama-fn,M,36807
DZ,Algeria,forename,30,Ayman,ayman-fn,M,36074
DZ,Algeria,forename,31,Rachid,rachid-fn,M;F,35800
DZ,Algeria,forename,32,Djamel,djamel-fn,M,35545
DZ,Algeria,forename,33,Said,said-fn,M,34590
DZ,Algeria,forename,34,Nina,nina-fn,F,34009
DZ,Algeria,forename,35,Salim,salim-fn,M,33945
DZ,Algeria,forename,36,Farid,farid-fn,M;F,33793
DZ,Algeria,forename,37,Brahim,brahim-fn,M,33709
DZ,Algeria,forename,38,Adel,adel-fn,M;F,33430
DZ,Algeria,forename,39,Hamid,hamid-fn,M;F,32889
DZ,Algeria,forename,40,Hakim,hakim-fn,M,32741
DZ,Algeria,forename,41,Oussama,oussama-fn,M,31513
DZ,Algeria,forename,42,Nabil,nabil-fn,M,31512
DZ,Algeria,forename,43,Yacine,yacine-fn,M,30136
DZ,Algeria,forename,44,Amar,amar-fn,M;F,29583
DZ,Algeria,forename,45,Mehdi,mehdi-fn,M,28711
DZ,Algeria,forename,46,Amina,amina-fn,F,28293
DZ,Algeria,forename,47,Emad,emad-fn,M,26654
DZ,Algeria,forename,48,Amin,amin-fn,M,26624
DZ,Algeria,forename,49,Sofiane,sofiane-fn,M,26590
DZ,Algeria,forename,50,Oum,oum-fn,F,25746
DZ,Algeria,forename,51,Kader,kader-fn,M,25734
DZ,Algeria,forename,52,Zaki,zaki-fn,M,25551
DZ,Algeria,forename,53,Hossam,hossam-fn,M,25326
DZ,Algeria,forename,54,Sami,sami-fn,M;F,24688
DZ,Algeria,forename,55,Fares,fares-fn,M,24051
DZ,Algeria,forename,56,Fathi,fathi-fn,M,23809
DZ,Algeria,forename,57,Rabah,rabah-fn,M,22687
DZ,Algeria,forename,58,احمد,ahmd-fn,M;F,22009
DZ,Algeria,forename,59,Mustapha,mustapha-fn,M;F,21813
DZ,Algeria,forename,60,Mohammed,mohammed-fn,M;F,21456
DZ,Algeria,forename,61,Sousou,sousou-fn,F,21138
DZ,Algeria,forename,62,Aymen,aymen-fn,M,20853
DZ,Algeria,forename,63,Med,med-fn,M,20734
DZ,Algeria,forename,64,Toufik,toufik-fn,M,20593
DZ,Algeria,forename,65,Anis,anis-fn,M;F,20541
DZ,Algeria,forename,66,Ayoub,ayoub-fn,M,20284
DZ,Algeria,forename,67,Imad,imad-fn,M,19864
DZ,Algeria,forename,68,Hichem,hichem-fn,M,18788
DZ,Algeria,forename,69,Abd,abd-fn,M;F,18422
DZ,Algeria,forename,70,Amel,amel-fn,F,18377
DZ,Algeria,forename,71,Hassan,hassan-fn,M;F,18366
DZ,Algeria,forename,72,Aziz,aziz-fn,M,18205
DZ,Algeria,forename,73,Mariam,mariam-fn,F;M,18163
DZ,Algeria,forename,74,Hocine,hocine-fn,M,18091
DZ,Algeria,forename,75,Lina,lina-fn,F,16948
DZ,Algeria,forename,76,Fouad,fouad-fn,M,16771
DZ,Algeria,forename,77,Fati,fati-fn,F,16317
DZ,Algeria,forename,78,Yassine,yassine-fn,M;F,15864
DZ,Algeria,forename,79,Asma,asma-fn,F;M,15760
DZ,Algeria,forename,80,Mouhamed,mouhamed-fn,M,15591
DZ,Algeria,forename,81,Aissa,aissa-fn,M,15580
DZ,Algeria,forename,82,Mahdi,mahdi-fn,M,15354
DZ,Algeria,forename,83,Abdelkader,abdelkader-fn,M,15146
DZ,Algeria,forename,84,Younes,younes-fn,M,14873
DZ,Algeria,forename,85,Rafik,rafik-fn,M,14833
DZ,Algeria,forename,86,Ramzi,ramzi-fn,M,14807
DZ,Algeria,forename,87,Amira,amira-fn,F;M,14794
DZ,Algeria,forename,88,Mounir,mounir-fn,M,14667
DZ,Algeria,forename,89,Moussa,moussa-fn,M,14643
DZ,Algeria,forename,90,Mimi,mimi-fn,F,14550
DZ,Algeria,forename,91,Fateh,fateh-fn,M;F,14474
DZ,Algeria,forename,92,Abdullah,abdullah-fn,M,14142
DZ,Algeria,forename,93,Manel,manel-fn,F,14068
DZ,Algeria,forename,94,Yasmin,yasmin-fn,F,13869
DZ,Algeria,forename,95,Jamal,jamal-fn,M;F,13828
DZ,Algeria,forename,96,Meriem,meriem-fn,F,13795
DZ,Algeria,forename,97,Bachir,bachir-fn,M,13764
DZ,Algeria,forename,98,Nassim,nassim-fn,M,13682
DZ,Algeria,forename,99,Sarah,sarah-fn,F,13588
DZ,Algeria,forename,100,Halim,halim-fn,M;F,13545
DZ,Algeria,surname,1,Mohamed,mohamed-sn,M;F,99609
DZ,Algeria,surname,2,Madrid,madrid-sn,M;F,67875
DZ,Algeria,surname,3,Amine,amine-sn,M;F,49172
DZ,Algeria,surname,4,Ahmed,ahmed-sn,M;F,39563
DZ,Algeria,surname,5,Ben,ben-sn,M;F,36566
DZ,Algeria,surname,6,Ali,ali-sn,M;F,31019
DZ,Algeria,surname,7,محمد,mhmd-sn,M;F,29992
DZ,Algeria,surname,8,Abdo,abdo-sn,M;F,24291
DZ,Algeria,surname,9,Mca,mca-sn,,21553
DZ,Algeria,surname,10,Nina,nina-sn,M;F,20678
DZ,Algeria,surname,11,Nour,nour-sn,F;M,20232
DZ,Algeria,surname,12,Kamal,kamal-sn,M;F,18390
DZ,Algeria,surname,13,Karim,karim-sn,M;F,18085
DZ,Algeria,surname,14,Salah,salah-sn,M;F,17968
DZ,Algeria,surname,15,Tlm,tlm-sn,,17949
DZ,Algeria,surname,16,Oran,oran-sn,,17816
DZ,Algeria,surname,17,Mahbola,mahbola-sn,,17366
DZ,Algeria,surname,18,Mosta,mosta-sn,M;F,17159
DZ,Algeria,surname,19,Med,med-sn,M,17035
DZ,Algeria,surname,20,Mourad,mourad-sn,M;F,15653
DZ,Algeria,surname,21,Omar,omar-sn,M;F,15517
DZ,Algeria,surname,22,Dz,dz-sn,,15355
DZ,Algeria,surname,23,Ibrahim,ibrahim-sn,M;F,15333
DZ,Algeria,surname,24,Hamza,hamza-sn,M;F,15000
DZ,Algeria,surname,25,Milano,milano-sn,M;F,14922
DZ,Algeria,surname,26,Abdou,abdou-sn,M;F,14719
DZ,Algeria,surname,27,Salem,salem-sn,M;F,14477
DZ,Algeria,surname,28,Samir,samir-sn,M;F,13981
DZ,Algeria,surname,29,Moh,moh-sn,F;M,13758
DZ,Algeria,surname,30,Said,said-sn,M;F,13721
DZ,Algeria,surname,31,Samy,samy-sn,M;F,12494
DZ,Algeria,surname,32,Lina,lina-sn,M;F,12431
DZ,Algeria,surname,33,Hamid,hamid-sn,M;F,12280
DZ,Algeria,surname,34,الرحمان,alrhman-sn,F,12184
DZ,Algeria,surname,35,Ch,ch-sn,M;F,12162
DZ,Algeria,surname,36,Amin,amin-sn,M;F,11794
DZ,Algeria,surname,37,Youcef,youcef-sn,,11679
DZ,Algeria,surname,38,Barca,barca-sn,M,11484
DZ,Algeria,surname,39,Ullah,ullah-sn,M;F,11336
DZ,Algeria,surname,40,Walid,walid-sn,M;F,11271
DZ,Algeria,surname,41,Lacoste,lacoste-sn,,10982
DZ,Algeria,surname,42,Usma,usma-sn,,10962
DZ,Algeria,surname,43,Mimi,mimi-sn,,10865
DZ,Algeria,surname,44,Na,na-sn,F;M,10853
DZ,Algeria,surname,45,Khaled,khaled-sn,M;F,10733
DZ,Algeria,surname,46,Mehdi,mehdi-sn,M;F,10702
DZ,Algeria,surname,47,Kamel,kamel-sn,M;F,10592
DZ,Algeria,surname,48,احمد,ahmd-sn,M;F,10543
DZ,Algeria,surname,49,Bilal,bilal-sn,M;F,10528
DZ,Algeria,surname,50,Sarah,sarah-sn,F;M,10430
DZ,Algeria,surname,51,Anoucha,anoucha-sn,,10314
DZ,Algeria,surname,52,Ess,ess-sn,M;F,10061
DZ,Algeria,surname,53,Amar,amar-sn,M;F,9785
DZ,Algeria,surname,54,Hicham,hicham-sn,,9761
DZ,Algeria,surname,55,Mina,mina-sn,M;F,9738
DZ,Algeria,surname,56,Sami,sami-sn,M;F,9708
DZ,Algeria,surname,57,Salim,salim-sn,M;F,9390
DZ,Algeria,surname,58,Brahim,brahim-sn,M,9236
DZ,Algeria,surname,59,Mimo,mimo-sn,,9206
DZ,Algeria,surname,60,Malak,malak-sn,F;M,9197
DZ,Algeria,surname,61,Amir,amir-sn,M;F,9090
DZ,Algeria,surname,62,Alger,alger-sn,,9079
DZ,Algeria,surname,63,Annaba,annaba-sn,,9013
DZ,Algeria,surname,64,Sahraoui,sahraoui-sn,,8940
DZ,Algeria,surname,65,Solo,solo-sn,,8899
DZ,Algeria,surname,66,Bou,bou-sn,F;M,8748
DZ,Algeria,surname,67,الامل,alaml-sn,F;M,8726
DZ,Algeria,surname,68,Ma,ma-sn,F;M,8719
DZ,Algeria,surname,69,Malik,malik-sn,M;F,8487
DZ,Algeria,surname,70,Minoucha,minoucha-sn,,8452
DZ,Algeria,surname,71,Fares,fares-sn,M;F,8431
DZ,Algeria,surname,72,Kader,kader-sn,M;F,8422
DZ,Algeria,surname,73,Hakim,hakim-sn,M;F,8312
DZ,Algeria,surname,74,Brahmi,brahmi-sn,,8263
DZ,Algeria,surname,75,Dadi,dadi-sn,,8245
DZ,Algeria,surname,76,Rachid,rachid-sn,M,8134
DZ,Algeria,surname,77,Zaki,zaki-sn,M;F,8103
DZ,Algeria,surname,78,امين,amyn-sn,M;F,8043
DZ,Algeria,surname,79,الله,allh-sn,F;M,8035
DZ,Algeria,surname,80,Slimani,slimani-sn,M,7971
DZ,Algeria,surname,81,Adel,adel-sn,M;F,7924
DZ,Algeria,surname,82,Djamel,djamel-sn,,7884
DZ,Algeria,surname,83,Bob,bob-sn,M;F,7781
DZ,Algeria,surname,84,Osama,osama-sn,M;F,7712
DZ,Algeria,surname,85,Yacine,yacine-sn,,7602
DZ,Algeria,surname,86,Mansour,mansour-sn,M;F,7597
DZ,Algeria,surname,87,Fifi,fifi-sn,,7532
DZ,Algeria,surname,88,Ayoub,ayoub-sn,M;F,7490
DZ,Algeria,surname,89,Chinwi,chinwi-sn,,7447
DZ,Algeria,surname,90,Saad,saad-sn,M;F,7366
DZ,Algeria,surname,91,Dali,dali-sn,,7364
DZ,Algeria,surname,92,Fati,fati-sn,,7282
DZ,Algeria,surname,93,Nabil,nabil-sn,M;F,7249
DZ,Algeria,surname,94,Mkalcha,mkalcha-sn,,7108
DZ,Algeria,surname,95,Setif,setif-sn,,7035
DZ,Algeria,surname,96,Farid,farid-sn,M;F,6935
DZ,Algeria,surname,97,الحياة,alhyah-sn,F;M,6928
DZ,Algeria,surname,98,Kh,kh-sn,M;F,6796
DZ,Algeria,surname,99,Mahdi,mahdi-sn,M;F,6795
DZ,Algeria,surname,100,Lã,la-fn,M;F,6749
EC,Ecuador,forename,1,Luis,luis-fn,M;F,4083
EC,Ecuador,forename,2,Carlos,carlos-fn,M;F,3404
EC,Ecuador,forename,3,Jose,jose-fn,M;F,2857
EC,Ecuador,forename,4,Juan,juan-fn,M,2053
EC,Ecuador,forename,5,Jorge,jorge-fn,M,2003
EC,Ecuador,forename,6,Fernando,fernando-fn,M,1554
EC,Ecuador,forename,7,Angel,angel-fn,F;M,1513
EC,Ecuador,forename,8,David,david-fn,M;F,1455
EC,Ecuador,forename,9,Javier,javier-fn,M,1317
EC,Ecuador,forename,10,Andres,andres-fn,M;F,1287
EC,Ecuador,forename,11,Diego,diego-fn,M,1265
EC,Ecuador,forename,12,Daniel,daniel-fn,M;F,1244
EC,Ecuador,forename,13,Manuel,manuel-fn,M,1199
EC,Ecuador,forename,14,Alex,alex-fn,M;F,1197
EC,Ecuador,forename,15,Miguel,miguel-fn,M,1183
EC,Ecuador,forename,16,Libardo,libardo-fn,M,1119
EC,Ecuador,forename,17,Alexandra,alexandra-fn,F,1012
EC,Ecuador,forename,18,Mary,mary-fn,F,1003
EC,Ecuador,forename,19,Carolina,carolina-fn,F;M,579
EC,Ecuador,forename,20,Elena,elena-fn,F;M,331
EC,Ecuador,forename,21,Ferney,ferney-fn,M,300
EC,Ecuador,forename,22,Andreina,andreina-fn,F,84
EC,Ecuador,forename,23,Heidy,heidy-fn,F;M,70
EC,Ecuador,forename,24,Letty,letty-fn,F;M,69
EC,Ecuador,forename,25,Loly,loly-fn,F;M,43
EC,Ecuador,forename,26,Estiven,estiven-fn,F;M,42
EC,Ecuador,forename,27,Nery,nery-fn,F;M,42
EC,Ecuador,forename,28,Valery,valery-fn,F;M,33
EC,Ecuador,forename,29,Rubén Darío,ruben-dario-fn,M,31
EC,Ecuador,forename,30,Vidal,vidal-fn,F;M,22
EC,Ecuador,forename,31,Hellen,hellen-fn,F,18
EC,Ecuador,forename,32,Rina,rina-fn,F;M,18
EC,Ecuador,forename,33,Aide,aide-fn,F;M,15
EC,Ecuador,forename,34,Yury,yury-fn,F;M,15
EC,Ecuador,forename,35,Paz,paz-fn,F;M,13
EC,Ecuador,forename,36,Hilario,hilario-fn,M,12
EC,Ecuador,forename,37,Matheo,matheo-fn,M,11
EC,Ecuador,forename,38,Faty,faty-fn,F;M,9
EC,Ecuador,forename,39,Mikel,mikel-fn,M,8
EC,Ecuador,forename,40,Carlos Arturo,carlos-arturo-fn,M,7
EC,Ecuador,forename,41,Jaider,jaider-fn,F;M,7
EC,Ecuador,forename,42,Yohana,yohana-fn,F;M,7
EC,Ecuador,forename,43,Ange,ange-fn,F;M,6
EC,Ecuador,forename,44,Sidney,sidney-fn,F;M,4
EC,Ecuador,forename,45,Stella,stella-fn,F;M,4
EC,Ecuador,forename,46,Ash,ash-fn,F;M,3
EC,Ecuador,forename,47,Edilson,edilson-fn,F;M,3
EC,Ecuador,forename,48,Elaine,elaine-fn,F;M,3
EC,Ecuador,forename,49,Emmy,emmy-fn,F;M,3
EC,Ecuador,forename,50,Jef,jef-fn,F;M,3
EC,Ecuador,forename,51,Maki,maki-fn,F;M,3
EC,Ecuador,forename,52,Marin,marin-fn,F;M,3
EC,Ecuador,forename,53,Carmenza,carmenza-fn,F;M,2
EC,Ecuador,forename,54,Clinton,clinton-fn,M,2
EC,Ecuador,forename,55,Halis,halis-fn,F;M,2
EC,Ecuador,forename,56,Jeanine,jeanine-fn,F;M,2
EC,Ecuador,forename,57,Leandra,leandra-fn,F;M,2
EC,Ecuador,forename,58,Marja,marja-fn,F;M,2
EC,Ecuador,forename,59,Pier,pier-fn,F;M,2
EC,Ecuador,forename,60,Trish,trish-fn,F;M,2
EC,Ecuador,surname,1,Zambrano,zambrano-sn,M;F,2469
EC,Ecuador,surname,2,Erazo,erazo-sn,F;M,282
EC,Ecuador,surname,3,Parra,parra-sn,F;M,268
EC,Ecuador,surname,4,Crespo,crespo-sn,F;M,140
EC,Ecuador,surname,5,Jurado,jurado-sn,F;M,112
EC,Ecuador,surname,6,Neira,neira-sn,F;M,75
EC,Ecuador,surname,7,Valero,valero-sn,F;M,58
EC,Ecuador,surname,8,Manzano,manzano-sn,F;M,52
EC,Ecuador,surname,9,Rm,rm-sn,F;M,42
EC,Ecuador,surname,10,Enrique,enrique-sn,F;M,39
EC,Ecuador,surname,11,Viera,viera-sn,,39
EC,Ecuador,surname,12,Belen,belen-sn,F;M,38
EC,Ecuador,surname,13,Ma,ma-sn,F;M,30
EC,Ecuador,surname,14,Castellano,castellano-sn,,27
EC,Ecuador,surname,15,Santo,santo-sn,F;M,26
EC,Ecuador,surname,16,Mancilla,mancilla-sn,F;M,24
EC,Ecuador,surname,17,Bowen,bowen-sn,F;M,21
EC,Ecuador,surname,18,Tirado,tirado-sn,F;M,19
EC,Ecuador,surname,19,Torre,torre-sn,F;M,18
EC,Ecuador,surname,20,Troncoso,troncoso-sn,,16
EC,Ecuador,surname,21,Angeles,angeles-sn,F;M,12
EC,Ecuador,surname,22,Piedrahita,piedrahita-sn,,10
EC,Ecuador,surname,23,Le,le-sn,F;M,8
EC,Ecuador,surname,24,Moro,moro-sn,F;M,6
EC,Ecuador,surname,25,Angelo,angelo-sn,,5
EC,Ecuador,surname,26,Faria,faria-sn,,5
EC,Ecuador,surname,27,Amen,amen-sn,F;M,4
EC,Ecuador,surname,28,Espino,espino-sn,F;M,4
EC,Ecuador,surname,29,Caroline,caroline-sn,,3
EC,Ecuador,surname,30,Duma,duma-sn,F;M,2
EC,Ecuador,surname,31,Kar,kar-sn,F;M,2
EC,Ecuador,surname,32,Power,power-sn,,2
EE,Estonia,forename,1,Elena,elena-fn,F;M,271
EE,Estonia,forename,2,Mart,mart-fn,M,124
EE,Estonia,forename,3,Krista,krista-fn,F;M,77
EE,Estonia,forename,4,Stella,stella-fn,F;M,46
EE,Estonia,forename,5,Valery,valery-fn,F;M,32
EE,Estonia,forename,6,Yury,yury-fn,F;M,30
EE,Estonia,forename,7,Глеб,gleb-fn,F;M,28
EE,Estonia,forename,8,Rudolf,rudolf-fn,M,18
EE,Estonia,forename,9,Carolina,carolina-fn,F;M,16
EE,Estonia,forename,10,Marin,marin-fn,F;M,15
EE,Estonia,forename,11,Heidy,heidy-fn,F;M,6
EE,Estonia,forename,12,Nils,nils-fn,F;M,6
EE,Estonia,forename,13,Ульяна,ulyana-fn,F,5
EE,Estonia,forename,14,Aina,aina-fn,F;M,4
EE,Estonia,forename,15,Marja,marja-fn,F;M,4
EE,Estonia,forename,16,Rina,rina-fn,F;M,3
EE,Estonia,forename,17,Sevil,sevil-fn,F,3
EE,Estonia,forename,18,Beata,beata-fn,F;M,2
EE,Estonia,forename,19,Maki,maki-fn,F;M,2
EE,Estonia,forename,20,Maximilian,maximilian-fn,F;M,2
EE,Estonia,surname,1,Степанов,stepanov-sn,F;M,30
EE,Estonia,surname,2,Ma,ma-sn,F;M,21
EE,Estonia,surname,3,Groß,gross-sn,,19
EE,Estonia,surname,4,Le,le-sn,F;M,15
EE,Estonia,surname,5,Фролова,frolova-sn,F;M,11
EE,Estonia,surname,6,Николаев,nikolaev-sn,F;M,10
EE,Estonia,surname,7,Maurer,maurer-sn,F;M,7
EE,Estonia,surname,8,Kar,kar-sn,F;M,6
EE,Estonia,surname,9,Hassan,hassan-sn,F;M,5
EE,Estonia,surname,10,Rain,rain-sn,,4
EE,Estonia,surname,11,Jana,jana-sn,F;M,3
EE,Estonia,surname,12,Dia,dia-sn,,2
EE,Estonia,surname,13,Falk,falk-sn,F;M,2
EE,Estonia,surname,14,Kavak,kavak-sn,F;M,2
EE,Estonia,surname,15,Moro,moro-sn,F;M,2
EE,Estonia,surname,16,Parra,parra-sn,F;M,2
EE,Estonia,surname,17,Popa,popa-sn,F;M,2
EG,Egypt,forename,1,Mohamed,mohamed-fn,M,3551420
EG,Egypt,forename,2,Ahmed,ahmed-fn,M,2805489
EG,Egypt,forename,3,محمد,mhmd-fn,M;F,1671069
EG,Egypt,forename,4,احمد,ahmd-fn,M;F,1155985
EG,Egypt,forename,5,Mahmoud,mahmoud-fn,M,1061341
EG,Egypt,forename,6,ابو,abw-fn,M;F,641420
EG,Egypt,forename,7,Ana,ana-fn,F;M,570691
EG,Egypt,forename,8,محمود,mhmwd-fn,M;F,521260
EG,Egypt,forename,9,Omar,omar-fn,M;F,475298
EG,Egypt,forename,10,Mustafa,mustafa-fn,M;F,358682
EG,Egypt,forename,11,Nour,nour-fn,F;M,309641
EG,Egypt,forename,12,Mostafa,mostafa-fn,M;F,294790
EG,Egypt,forename,13,عمر,amr-fn,M;F,289818
EG,Egypt,forename,14,Hassan,hassan-fn,M;F,262479
EG,Egypt,forename,15,Abdo,abdo-fn,M;F,258891
EG,Egypt,forename,16,Alaa,alaa-fn,M,224590
EG,Egypt,forename,17,Sara,sara-fn,F;M,219782
EG,Egypt,forename,18,Ayman,ayman-fn,M,205636
EG,Egypt,forename,19,ام,am-fn,F;M,204325
EG,Egypt,forename,20,Hossam,hossam-fn,M,196762
EG,Egypt,forename,21,Asma,asma-fn,F;M,194162
EG,Egypt,forename,22,Hamada,hamada-fn,M;F,187055
EG,Egypt,forename,23,اسماء,asmaa-fn,F;M,184748
EG,Egypt,forename,24,Aya,aya-fn,F;M,176513
EG,Egypt,forename,25,Ali,ali-fn,M;F,175366
EG,Egypt,forename,26,Amir,amir-fn,M;F,172742
EG,Egypt,forename,27,Eslam,eslam-fn,M,170267
EG,Egypt,forename,28,Mohammed,mohammed-fn,M;F,167456
EG,Egypt,forename,29,يوسف,ywsf-fn,M;F,163727
EG,Egypt,forename,30,ابراهيم,abrahym-fn,M;F,161512
EG,Egypt,forename,31,Eman,eman-fn,F;M,155690
EG,Egypt,forename,32,Khaled,khaled-fn,M,146549
EG,Egypt,forename,33,خالد,khald-fn,M,144430
EG,Egypt,forename,34,Osama,osama-fn,M,139449
EG,Egypt,forename,35,نور,nwr-fn,F;M,139291
EG,Egypt,forename,36,Karim,karim-fn,M;F,139259
EG,Egypt,forename,37,Mona,mona-fn,F;M,138264
EG,Egypt,forename,38,حسن,hsn-fn,M;F,137364
EG,Egypt,forename,39,علي,aly-fn,M;F,136923
EG,Egypt,forename,40,Emad,emad-fn,M,136600
EG,Egypt,forename,41,مصطفى,mstfa-fn,M,134660
EG,Egypt,forename,42,Om,om-fn,F;M,134218
EG,Egypt,forename,43,مصطفي,mstfy-fn,M,132336
EG,Egypt,forename,44,Aslam,aslam-fn,M;F,132007
EG,Egypt,forename,45,Hussein,hussein-fn,M;F,130928
EG,Egypt,forename,46,Yasser,yasser-fn,M;F,127881
EG,Egypt,forename,47,Malak,malak-fn,F,127339
EG,Egypt,forename,48,Abo,abo-fn,M;F,122055
EG,Egypt,forename,49,Nada,nada-fn,F;M,121810
EG,Egypt,forename,50,حماده,hmadh-fn,M;F,118074
EG,Egypt,forename,51,Ibrahim,ibrahim-fn,M;F,117662
EG,Egypt,forename,52,Hany,hany-fn,M,116422
EG,Egypt,forename,53,Salah,salah-fn,M;F,115240
EG,Egypt,forename,54,السيد,alsyd-fn,M;F,112901
EG,Egypt,forename,55,عبدالله,abdallh-fn,M,112271
EG,Egypt,forename,56,Esraa,esraa-fn,F;M,111138
EG,Egypt,forename,57,عمرو,amrw-fn,M;F,109338
EG,Egypt,forename,58,Mariam,mariam-fn,F;M,106569
EG,Egypt,forename,59,زهرة,zhrh-fn,F;M,104856
EG,Egypt,forename,60,سيد,syd-fn,M;F,101289
EG,Egypt,forename,61,Sameh,sameh-fn,M;F,99540
EG,Egypt,forename,62,Issam,issam-fn,M;F,97122
EG,Egypt,forename,63,اشرف,ashrf-fn,M;F,96887
EG,Egypt,forename,64,Fatma,fatma-fn,F;M,96478
EG,Egypt,forename,65,Youssef,youssef-fn,M,96024
EG,Egypt,forename,66,Heba,heba-fn,F;M,95711
EG,Egypt,forename,67,كريم,krym-fn,M;F,95423
EG,Egypt,forename,68,Menna,menna-fn,F;M,94529
EG,Egypt,forename,69,Salma,salma-fn,F,94302
EG,Egypt,forename,70,Ala,ala-fn,M;F,91834
EG,Egypt,forename,71,وليد,wlyd-fn,M,89440
EG,Egypt,forename,72,ايمن,aymn-fn,M;F,87683
EG,Egypt,forename,73,عبده,abdh-fn,M;F,87378
EG,Egypt,forename,74,Amira,amira-fn,F;M,86378
EG,Egypt,forename,75,حسام,hsam-fn,M;F,84062
EG,Egypt,forename,76,Marwa,marwa-fn,F;M,81753
EG,Egypt,forename,77,Dina,dina-fn,F,81456
EG,Egypt,forename,78,Wael,wael-fn,M,80110
EG,Egypt,forename,79,حسين,hsyn-fn,M;F,79330
EG,Egypt,forename,80,Walid,walid-fn,M;F,79046
EG,Egypt,forename,81,Hamdi,hamdi-fn,M,79038
EG,Egypt,forename,82,Tamer,tamer-fn,M,77954
EG,Egypt,forename,83,Hesham,hesham-fn,M;F,77943
EG,Egypt,forename,84,Adel,aadl-fn,M,76842
EG,Egypt,forename,85,رضا,rdha-fn,M;F,76711
EG,Egypt,forename,86,Jamal,jamal-fn,M;F,74364
EG,Egypt,forename,87,سعيد,sayd-fn,M;F,74217
EG,Egypt,forename,88,Ashraf,ashraf-fn,M,74165
EG,Egypt,forename,89,Nasser,nasser-fn,M;F,73526
EG,Egypt,forename,90,Abdelrahman,abdelrahman-fn,M,73384
EG,Egypt,forename,91,عماد,amad-fn,M;F,72251
EG,Egypt,forename,92,Fares,fares-fn,M,71897
EG,Egypt,forename,93,Abdullah,abdullah-fn,M,71802
EG,Egypt,forename,94,Sayed,sayed-fn,M;F,70330
EG,Egypt,forename,95,اميرة,amyrh-fn,F;M,69663
EG,Egypt,forename,96,Adel,adel-fn,M;F,69195
EG,Egypt,forename,97,جمال,jmal-fn,M;F,68286
EG,Egypt,forename,98,Tarek,tarek-fn,M,67261
EG,Egypt,forename,99,Hana,hana-fn,F;M,67246
EG,Egypt,forename,100,Hanan,hanan-fn,F;M,67092
EG,Egypt,surname,1,Mohamed,mohamed-sn,M;F,2109745
EG,Egypt,surname,2,Ahmed,ahmed-sn,M;F,1441114
EG,Egypt,surname,3,محمد,mhmd-sn,M;F,898373
EG,Egypt,surname,4,احمد,ahmd-sn,M;F,565243
EG,Egypt,surname,5,Ali,ali-sn,M;F,539582
EG,Egypt,surname,6,Mahmoud,mahmoud-sn,M;F,534503
EG,Egypt,surname,7,Ibrahim,ibrahim-sn,M;F,356020
EG,Egypt,surname,8,Salah,salah-sn,M;F,304429
EG,Egypt,surname,9,Sayed,sayed-sn,M;F,280767
EG,Egypt,surname,10,Jamal,jamal-sn,M;F,275802
EG,Egypt,surname,11,Said,said-sn,M;F,258094
EG,Egypt,surname,12,محمود,mhmwd-sn,M;F,241895
EG,Egypt,surname,13,Mostafa,mostafa-sn,M;F,229336
EG,Egypt,surname,14,Hassan,hassan-sn,F;M,226840
EG,Egypt,surname,15,Ana,ana-sn,F;M,209592
EG,Egypt,surname,16,Omar,omar-sn,M;F,209224
EG,Egypt,surname,17,علي,aly-sn,M;F,188709
EG,Egypt,surname,18,Kamal,kamal-sn,M;F,186704
EG,Egypt,surname,19,Abdo,abdo-sn,M;F,186510
EG,Egypt,surname,20,Saad,saad-sn,M;F,185684
EG,Egypt,surname,21,Nasser,nasser-sn,M;F,178606
EG,Egypt,surname,22,Adel,adel-sn,M;F,176111
EG,Egypt,surname,23,Gamal,gamal-sn,M;F,171211
EG,Egypt,surname,24,Hossain,hossain-sn,M;F,169057
EG,Egypt,surname,25,حسن,hsn-sn,M;F,150281
EG,Egypt,surname,26,Khaled,khaled-sn,M;F,144753
EG,Egypt,surname,27,Ullah,ullah-sn,M;F,140803
EG,Egypt,surname,28,Hamdi,hamdi-sn,M;F,140022
EG,Egypt,surname,29,السيد,alsyd-sn,M;F,134113
EG,Egypt,surname,30,Saber,saber-sn,M;F,130772
EG,Egypt,surname,31,عمر,amr-sn,M;F,123039
EG,Egypt,surname,32,ابراهيم,abrahym-sn,M;F,121857
EG,Egypt,surname,33,يوسف,ywsf-sn,M;F,121308
EG,Egypt,surname,34,Ashraf,ashraf-sn,M;F,119137
EG,Egypt,surname,35,Magdy,magdy-sn,M;F,116446
EG,Egypt,surname,36,Samir,samir-sn,M;F,112275
EG,Egypt,surname,37,المصري,almsry-sn,M;F,110866
EG,Egypt,surname,38,Mohammed,mohammed-sn,M;F,108862
EG,Egypt,surname,39,Samy,samy-sn,M;F,103599
EG,Egypt,surname,40,على,ala-sn,M;F,102307
EG,Egypt,surname,41,الحياة,alhyah-sn,F;M,101135
EG,Egypt,surname,42,Salem,salem-sn,M;F,99614
EG,Egypt,surname,43,سعيد,sayd-sn,M;F,93440
EG,Egypt,surname,44,Hamada,hamada-sn,M;F,93355
EG,Egypt,surname,45,Alaa,alaa-sn,M;F,92111
EG,Egypt,surname,46,جمال,jmal-sn,M;F,89831
EG,Egypt,surname,47,Abdullah,abdullah-sn,M;F,86601
EG,Egypt,surname,48,الرحمن,alrhmn-sn,F;M,86333
EG,Egypt,surname,49,سيد,syd-sn,M;F,84248
EG,Egypt,surname,50,عبدالله,abdallh-sn,M;F,84139
EG,Egypt,surname,51,Yasser,yasser-sn,M;F,83070
EG,Egypt,surname,52,Hamdy,hamdy-sn,M;F,82753
EG,Egypt,surname,53,شعبان,shaban-sn,M;F,82614
EG,Egypt,surname,54,الله,allh-sn,F;M,82569
EG,Egypt,surname,55,Osama,osama-sn,M;F,80309
EG,Egypt,surname,56,Elsayed,elsayed-sn,M;F,79140
EG,Egypt,surname,57,Ramadan,ramadan-sn,M;F,79079
EG,Egypt,surname,58,حسين,hsyn-sn,M;F,78985
EG,Egypt,surname,59,Nour,nour-sn,F;M,78318
EG,Egypt,surname,60,Tarek,tarek-sn,M;F,78304
EG,Egypt,surname,61,Hamed,hamed-sn,M;F,78172
EG,Egypt,surname,62,Hani,hani-sn,M;F,77734
EG,Egypt,surname,63,Fathy,fathy-sn,M;F,76964
EG,Egypt,surname,64,عبده,abdh-sn,M;F,76102
EG,Egypt,surname,65,Salama,salama-sn,M;F,76058
EG,Egypt,surname,66,Essam,essam-sn,M;F,75534
EG,Egypt,surname,67,Hesham,hesham-sn,M;F,75168
EG,Egypt,surname,68,رمضان,rmdhan-sn,M;F,72937
EG,Egypt,surname,69,خالد,khald-sn,M;F,72903
EG,Egypt,surname,70,Hany,hany-sn,M;F,72249
EG,Egypt,surname,71,سعد,sad-sn,M;F,72155
EG,Egypt,surname,72,صلاح,slah-sn,M;F,71764
EG,Egypt,surname,73,Emad,emad-sn,M;F,69706
EG,Egypt,surname,74,ناصر,nasr-sn,M;F,69188
EG,Egypt,surname,75,مصطفي,mstfy-sn,M;F,68388
EG,Egypt,surname,76,Amer,amer-sn,M;F,67563
EG,Egypt,surname,77,Adel,aadl-sn,M;F,66707
EG,Egypt,surname,78,المصرى,almsra-sn,M;F,66576
EG,Egypt,surname,79,Ayman,ayman-sn,F;M,66119
EG,Egypt,surname,80,مصطفى,mstfa-sn,M;F,65089
EG,Egypt,surname,81,Maher,maher-sn,M;F,64473
EG,Egypt,surname,82,Hossam,hossam-sn,M;F,64231
EG,Egypt,surname,83,Atef,atef-sn,M;F,62097
EG,Egypt,surname,84,Youssef,youssef-sn,M;F,59314
EG,Egypt,surname,85,Reda,reda-sn,M;F,58991
EG,Egypt,surname,86,Badr,badr-sn,M;F,58418
EG,Egypt,surname,87,لله,llh-sn,F;M,58234
EG,Egypt,surname,88,Salman,salman-sn,M;F,58065
EG,Egypt,surname,89,الجنه,aljnh-sn,F;M,57615
EG,Egypt,surname,90,Nabil,nabil-sn,M;F,56758
EG,Egypt,surname,91,Amine,amine-sn,M;F,52729
EG,Egypt,surname,92,اشرف,ashrf-sn,M;F,52608
EG,Egypt,surname,93,النجار,alnjar-sn,M;F,50962
EG,Egypt,surname,94,Saleh,saleh-sn,M;F,50776
EG,Egypt,surname,95,Rajab,rajab-sn,M;F,50142
EG,Egypt,surname,96,Jalal,jalal-sn,M;F,50028
EG,Egypt,surname,97,Saleem,saleem-sn,M;F,49959
EG,Egypt,surname,98,Ragab,ragab-sn,M;F,49572
EG,Egypt,surname,99,De Ana,de-ana-sn,F;M,49426
EG,Egypt,surname,100,Yousef,yousef-sn,M;F,49183
ES,Spain,forename,1,Jose,jose-fn,M;F,171755
ES,Spain,forename,2,Antonio,antonio-fn,M;F,145456
ES,Spain,forename,3,Nuria,nuria-fn,F,128585
ES,Spain,forename,4,Ana,ana-fn,F;M,114133
ES,Spain,forename,5,Juan,juan-fn,M,110617
ES,Spain,forename,6,Carmen,carmen-fn,F,108265
ES,Spain,forename,7,Manuel,manuel-fn,M,106995
ES,Spain,forename,8,David,david-fn,M;F,106876
ES,Spain,forename,9,Carlos,carlos-fn,M;F,92445
ES,Spain,forename,10,Javier,javier-fn,M,90389
ES,Spain,forename,11,Francisco,francisco-fn,M,84660
ES,Spain,forename,12,Miguel,miguel-fn,M,72279
ES,Spain,forename,13,Jesus,jesus-fn,M,71627
ES,Spain,forename,14,Laura,laura-fn,F,67248
ES,Spain,forename,15,Cristina,cristina-fn,F,65609
ES,Spain,forename,16,Isabel,isabel-fn,F,65494
ES,Spain,forename,17,Pedro,pedro-fn,M,62965
ES,Spain,forename,18,Luis,luis-fn,M;F,59970
ES,Spain,forename,19,Daniel,daniel-fn,M;F,56973
ES,Spain,forename,20,Sergio,sergio-fn,M,56860
ES,Spain,forename,21,Marta,marta-fn,F,56110
ES,Spain,forename,22,Pilar,pilar-fn,F,55135
ES,Spain,forename,23,Angel,angel-fn,F;M,53183
ES,Spain,forename,24,Alberto,alberto-fn,M,50345
ES,Spain,forename,25,Jorge,jorge-fn,M,50301
ES,Spain,forename,26,Fernando,fernando-fn,M,49128
ES,Spain,forename,27,Pablo,pablo-fn,M,48725
ES,Spain,forename,28,Rosa,rosa-fn,F,47359
ES,Spain,forename,29,Alejandro,alejandro-fn,M,46765
ES,Spain,forename,30,Jose Luis,jose-luis-fn,M,46581
ES,Spain,forename,31,Elena,elena-fn,F;M,46324
ES,Spain,forename,32,Jose Antonio,jose-antonio-fn,M,45284
ES,Spain,forename,33,Maria José,maria-jose-fn,F,42334
ES,Spain,forename,34,Sara,sara-fn,F;M,40172
ES,Spain,forename,35,Raul,raul-fn,M,40169
ES,Spain,forename,36,Rafael,rafael-fn,M,39830
ES,Spain,forename,37,Ivan,ivan-fn,M,38661
ES,Spain,forename,38,Raquel,raquel-fn,F,38446
ES,Spain,forename,39,Jose Manuel,jose-manuel-fn,M,37935
ES,Spain,forename,40,Oscar,oscar-fn,M,37338
ES,Spain,forename,41,Victor,victor-fn,M,37290
ES,Spain,forename,42,Diego,diego-fn,M,36865
ES,Spain,forename,43,Rocio,rocio-fn,F,35692
ES,Spain,forename,44,Ruben,ruben-fn,M,35308
ES,Spain,forename,45,Sandra,sandra-fn,F,35263
ES,Spain,forename,46,Alvaro,alvaro-fn,M,34301
ES,Spain,forename,47,Eva,eva-fn,F,34240
ES,Spain,forename,48,Adrian,adrian-fn,M,33839
ES,Spain,forename,49,Alex,alex-fn,M;F,33453
ES,Spain,forename,50,Miguel Angel,miguel-angel-fn,M,33100
ES,Spain,forename,51,Silvia,silvia-fn,F,32944
ES,Spain,forename,52,Sonia,sonia-fn,F,32944
ES,Spain,forename,53,Lucia,lucia-fn,F,32278
ES,Spain,forename,54,Paco,paco-fn,M,31349
ES,Spain,forename,55,Toni,toni-fn,M;F,31074
ES,Spain,forename,56,Paula,paula-fn,F;M,30850
ES,Spain,forename,57,Juan Carlos,juan-carlos-fn,M,30749
ES,Spain,forename,58,Teresa,teresa-fn,F,29917
ES,Spain,forename,59,Andrea,andrea-fn,F;M,29600
ES,Spain,forename,60,Jordi,jordi-fn,M,29514
ES,Spain,forename,61,Monica,monica-fn,F,29298
ES,Spain,forename,62,Andres,andres-fn,M;F,29068
ES,Spain,forename,63,Yolanda,yolanda-fn,F,28900
ES,Spain,forename,64,Patricia,patricia-fn,F,28416
ES,Spain,forename,65,Mari Carmen,mari-carmen-fn,F,28304
ES,Spain,forename,66,Javi,javi-fn,M;F,27946
ES,Spain,forename,67,Mercedes,mercedes-fn,F,27795
ES,Spain,forename,68,Susana,susana-fn,F,27277
ES,Spain,forename,69,Roberto,roberto-fn,M,27170
ES,Spain,forename,70,Mari,mari-fn,F,26701
ES,Spain,forename,71,Esther,esther-fn,F,26336
ES,Spain,forename,72,Antonia,antonia-fn,F,26161
ES,Spain,forename,73,Ramon,ramon-fn,M,25955
ES,Spain,forename,74,Beatriz,beatriz-fn,F,25282
ES,Spain,forename,75,Mario,mario-fn,M,24990
ES,Spain,forename,76,Alba,alba-fn,F,24938
ES,Spain,forename,77,Enrique,enrique-fn,M,24817
ES,Spain,forename,78,Loli,loli-fn,F,24740
ES,Spain,forename,79,Paqui,paqui-fn,F,24434
ES,Spain,forename,80,Lola,lola-fn,F,23641
ES,Spain,forename,81,Montse,montse-fn,F,23336
ES,Spain,forename,82,Vicente,vicente-fn,M,23257
ES,Spain,forename,83,Eduardo,eduardo-fn,M,23038
ES,Spain,forename,84,Alicia,alicia-fn,F,22820
ES,Spain,forename,85,Jose Maria,jose-maria-fn,M,22814
ES,Spain,forename,86,Natalia,natalia-fn,F,21701
ES,Spain,forename,87,Dani,dani-fn,M;F,21611
ES,Spain,forename,88,Irene,irene-fn,F,21531
ES,Spain,forename,89,Fran,fran-fn,M;F,21371
ES,Spain,forename,90,Marina,marina-fn,F,21267
ES,Spain,forename,91,Ana Maria,ana-maria-fn,F,20630
ES,Spain,forename,92,Joaquin,joaquin-fn,M,20388
ES,Spain,forename,93,Jaime,jaime-fn,M,20369
ES,Spain,forename,94,Cristian,cristian-fn,M,20129
ES,Spain,forename,95,Mohamed,mohamed-fn,M,20090
ES,Spain,forename,96,Pepe,pepe-fn,M,20065
ES,Spain,forename,97,Angela,angela-fn,F;M,19812
ES,Spain,forename,98,Lorena,lorena-fn,F,19697
ES,Spain,forename,99,Marcos,marcos-fn,M,19668
ES,Spain,forename,100,Alfonso,alfonso-fn,M,19649
ES,Spain,surname,1,Garcia,garcia-sn,M;F,115885
ES,Spain,surname,2,Rodriguez,rodriguez-sn,F;M,80022
ES,Spain,surname,3,Lopez,lopez-sn,F;M,77990
ES,Spain,surname,4,Fernandez,fernandez-sn,F;M,74466
ES,Spain,surname,5,Martinez,martinez-sn,F;M,71832
ES,Spain,surname,6,Perez,perez-sn,F;M,67853
ES,Spain,surname,7,Gomez,gomez-sn,F;M,42185
ES,Spain,surname,8,Martin,martin-sn,M;F,40291
ES,Spain,surname,9,Jimenez,jimenez-sn,F;M,36186
ES,Spain,surname,10,Hernandez,hernandez-sn,M;F,32597
ES,Spain,surname,11,Ruiz,ruiz-sn,M;F,29958
ES,Spain,surname,12,Moreno,moreno-sn,F;M,29856
ES,Spain,surname,13,Diaz,diaz-sn,F;M,28288
ES,Spain,surname,14,Alvarez,alvarez-sn,F;M,23081
ES,Spain,surname,15,Muñoz,munoz-sn,F;M,22761
ES,Spain,surname,16,Romero,romero-sn,F;M,20876
ES,Spain,surname,17,Alonso,alonso-sn,M;F,16519
ES,Spain,surname,18,Torres,torres-sn,F;M,16471
ES,Spain,surname,19,Gutierrez,gutierrez-sn,M;F,16219
ES,Spain,surname,20,Becerra,becerra-sn,,15000
ES,Spain,surname,21,Navarro,navarro-sn,F;M,14834
ES,Spain,surname,22,Ramirez,ramirez-sn,M;F,14491
ES,Spain,surname,23,Garrido,garrido-sn,M;F,14073
ES,Spain,surname,24,Dominguez,dominguez-sn,M;F,13075
ES,Spain,surname,25,Ramos,ramos-sn,M;F,13016
ES,Spain,surname,26,Serra,serra-sn,M;F,12112
ES,Spain,surname,27,Morales,morales-sn,M;F,11530
ES,Spain,surname,28,Vazquez,vazquez-sn,F;M,11313
ES,Spain,surname,29,Molina,molina-sn,M;F,10957
ES,Spain,surname,30,Suarez,suarez-sn,F;M,10669
ES,Spain,surname,31,Serrano,serrano-sn,F;M,10510
ES,Spain,surname,32,Castro,castro-sn,M;F,10504
ES,Spain,surname,33,González,gonzalez-sn,F;M,10000
ES,Spain,surname,34,Sánchez,sanchez-sn,F;M,10000
ES,Spain,surname,35,Ortiz,ortiz-sn,M;F,9747
ES,Spain,surname,36,Ortega,ortega-sn,M;F,9735
ES,Spain,surname,37,Blanco,blanco-sn,F;M,9729
ES,Spain,surname,38,Gil,gil-sn,M;F,9610
ES,Spain,surname,39,Delgado,delgado-sn,F;M,9556
ES,Spain,surname,40,Garcia Garcia,garcia-garcia-sn,M;F,9250
ES,Spain,surname,41,Santos,santos-sn,F;M,9013
ES,Spain,surname,42,Castillo,castillo-sn,F;M,8913
ES,Spain,surname,43,Medina,medina-sn,M;F,8646
ES,Spain,surname,44,Rubio,rubio-sn,M;F,8466
ES,Spain,surname,45,Flores,flores-sn,F;M,8147
ES,Spain,surname,46,Marin,marin-sn,M;F,7693
ES,Spain,surname,47,Reyes,reyes-sn,M;F,7449
ES,Spain,surname,48,Cruz,cruz-sn,F;M,7395
ES,Spain,surname,49,Guerrero,guerrero-sn,M;F,7323
ES,Spain,surname,50,Sanz,sanz-sn,M;F,7186
ES,Spain,surname,51,Cortes,cortes-sn,M;F,6808
ES,Spain,surname,52,Lozano,lozano-sn,M;F,6675
ES,Spain,surname,53,Herrera,herrera-sn,F;M,6673
ES,Spain,surname,54,Iglesias,iglesias-sn,,6527
ES,Spain,surname,55,Vargas,vargas-sn,M;F,6366
ES,Spain,surname,56,Cabrera,cabrera-sn,F;M,6228
ES,Spain,surname,57,Santana,santana-sn,F;M,6217
ES,Spain,surname,58,Prieto,prieto-sn,M;F,6120
ES,Spain,surname,59,Peña,pena-sn,M;F,6022
ES,Spain,surname,60,Cano,cano-sn,M;F,5979
ES,Spain,surname,61,Campos,campos-sn,M;F,5939
ES,Spain,surname,62,Vega,vega-sn,M;F,5818
ES,Spain,surname,63,Mendez,mendez-sn,F;M,5713
ES,Spain,surname,64,Gallego,gallego-sn,F;M,5685
ES,Spain,surname,65,Nuñez,nunez-sn,M;F,5639
ES,Spain,surname,66,Silva,silva-sn,M;F,5638
ES,Spain,surname,67,Aguilar,aguilar-sn,M;F,5598
ES,Spain,surname,68,Carrasco,carrasco-sn,M;F,5503
ES,Spain,surname,69,Fuentes,fuentes-sn,M;F,5500
ES,Spain,surname,70,Caballero,caballero-sn,M;F,5440
ES,Spain,surname,71,Vidal,vidal-sn,F;M,5291
ES,Spain,surname,72,Rojas,rojas-sn,M;F,5264
ES,Spain,surname,73,Santiago,santiago-sn,F;M,5257
ES,Spain,surname,74,Montero,montero-sn,M;F,5079
ES,Spain,surname,75,Pepe,pepe-sn,,5000
ES,Spain,surname,76,Mendoza,mendoza-sn,F;M,4956
ES,Spain,surname,77,Hidalgo,hidalgo-sn,M;F,4895
ES,Spain,surname,78,Carmona,carmona-sn,M;F,4892
ES,Spain,surname,79,Mora,mora-sn,M;F,4867
ES,Spain,surname,80,Leon,leon-sn,M;F,4680
ES,Spain,surname,81,Marquez,marquez-sn,M;F,4677
ES,Spain,surname,82,Nieto,nieto-sn,M;F,4672
ES,Spain,surname,83,Arias,arias-sn,M;F,4632
ES,Spain,surname,84,Ferrer,ferrer-sn,F;M,4615
ES,Spain,surname,85,Lorenzo,lorenzo-sn,,4572
ES,Spain,surname,86,Rivera,rivera-sn,M;F,4534
ES,Spain,surname,87,Soto,soto-sn,M;F,4443
ES,Spain,surname,88,Benitez,benitez-sn,M;F,4351
ES,Spain,surname,89,Calvo,calvo-sn,M;F,4351
ES,Spain,surname,90,Maria,maria-sn,F;M,4341
ES,Spain,surname,91,Pascual,pascual-sn,,4337
ES,Spain,surname,92,Heredia,heredia-sn,M;F,4321
ES,Spain,surname,93,Gimenez,gimenez-sn,,4298
ES,Spain,surname,94,Vera,vera-sn,F;M,4173
ES,Spain,surname,95,Herrero,herrero-sn,M;F,4119
ES,Spain,surname,96,Singh,singh-sn,M;F,4072
ES,Spain,surname,97,Mohamed,mohamed-sn,M;F,4057
ES,Spain,surname,98,Crespo,crespo-sn,F;M,4014
ES,Spain,surname,99,Parra,parra-sn,F;M,3999
ES,Spain,surname,100,Gallardo,gallardo-sn,F;M,3932
ET,Ethiopia,forename,1,Muna,muna-fn,F,3040
ET,Ethiopia,forename,2,Redwan,redwan-fn,F;M,6
ET,Ethiopia,forename,3,Nura,nura-fn,F;M,4
ET,Ethiopia,forename,4,Hiba,hiba-fn,F;M,2
ET,Ethiopia,forename,5,Maki,maki-fn,F;M,2
ET,Ethiopia,forename,6,Riyad,riyad-fn,F;M,2
ET,Ethiopia,surname,1,Hassan,hassan-sn,F;M,7
ET,Ethiopia,surname,2,Mariam,mariam-sn,F;M,4
ET,Ethiopia,surname,3,Hale,hale-sn,,2
FI,Finland,forename,1,Mikko,mikko-fn,M,11248
FI,Finland,forename,2,Juha,juha-fn,M,10199
FI,Finland,forename,3,Antti,antti-fn,M,9708
FI,Finland,forename,4,Ville,ville-fn,M,9395
FI,Finland,forename,5,Mika,mika-fn,M;F,9394
FI,Finland,forename,6,Janne,janne-fn,M,8998
FI,Finland,forename,7,Timo,timo-fn,M,8968
FI,Finland,forename,8,Minna,minna-fn,F,8881
FI,Finland,forename,9,Sami,sami-fn,M;F,8623
FI,Finland,forename,10,Tiina,tiina-fn,F,8437
FI,Finland,forename,11,Anne,anne-fn,F;M,8225
FI,Finland,forename,12,Sari,sari-fn,F,8095
FI,Finland,forename,13,Johanna,johanna-fn,F,7818
FI,Finland,forename,14,Jari,jari-fn,M,7698
FI,Finland,forename,15,Jani,jani-fn,M,7622
FI,Finland,forename,16,Sanna,sanna-fn,F,7505
FI,Finland,forename,17,Päivi,paivi-fn,F,7471
FI,Finland,forename,18,Laura,laura-fn,F,7004
FI,Finland,forename,19,Hanna,hanna-fn,F;M,6973
FI,Finland,forename,20,Heidi,heidi-fn,F,6773
FI,Finland,forename,21,Jukka,jukka-fn,M,6562
FI,Finland,forename,22,Matti,matti-fn,M,6443
FI,Finland,forename,23,Marko,marko-fn,M,6352
FI,Finland,forename,24,Satu,satu-fn,F,6067
FI,Finland,forename,25,Kari,kari-fn,M;F,6058
FI,Finland,forename,26,Teemu,teemu-fn,M,6026
FI,Finland,forename,27,Jenni,jenni-fn,F,5988
FI,Finland,forename,28,Pekka,pekka-fn,M,5840
FI,Finland,forename,29,Elina,elina-fn,F,5796
FI,Finland,forename,30,Petri,petri-fn,M;F,5694
FI,Finland,forename,31,Anna,anna-fn,F;M,5655
FI,Finland,forename,32,Jaana,jaana-fn,F,5301
FI,Finland,forename,33,Mari,mari-fn,F,5279
FI,Finland,forename,34,Katja,katja-fn,F,5129
FI,Finland,forename,35,Niko,niko-fn,M,5090
FI,Finland,forename,36,Toni,toni-fn,M;F,5008
FI,Finland,forename,37,Jussi,jussi-fn,M,4873
FI,Finland,forename,38,Ari,ari-fn,M;F,4798
FI,Finland,forename,39,Leena,leena-fn,F,4760
FI,Finland,forename,40,Tarja,tarja-fn,F,4748
FI,Finland,forename,41,Kirsi,kirsi-fn,F,4641
FI,Finland,forename,42,Markku,markku-fn,M,4613
FI,Finland,forename,43,Joni,joni-fn,M;F,4563
FI,Finland,forename,44,Markus,markus-fn,M,4487
FI,Finland,forename,45,Hannu,hannu-fn,M,4377
FI,Finland,forename,46,Pirjo,pirjo-fn,F,4334
FI,Finland,forename,47,Aleksi,aleksi-fn,M,4318
FI,Finland,forename,48,Tomi,tomi-fn,M,4280
FI,Finland,forename,49,Joonas,joonas-fn,M,4271
FI,Finland,forename,50,Tuula,tuula-fn,F,4271
FI,Finland,forename,51,Heikki,heikki-fn,M,4242
FI,Finland,forename,52,Riitta,riitta-fn,F,4198
FI,Finland,forename,53,Juho,juho-fn,M,4193
FI,Finland,forename,54,Tuomas,tuomas-fn,M,4190
FI,Finland,forename,55,Pasi,pasi-fn,M,4169
FI,Finland,forename,56,Marja,marja-fn,F;M,3913
FI,Finland,forename,57,Harri,harri-fn,M,3889
FI,Finland,forename,58,Tommi,tommi-fn,M,3885
FI,Finland,forename,59,Lauri,lauri-fn,M,3879
FI,Finland,forename,60,Merja,merja-fn,F,3867
FI,Finland,forename,61,Sirpa,sirpa-fn,F,3751
FI,Finland,forename,62,Eija,eija-fn,F,3649
FI,Finland,forename,63,Henri,henri-fn,M,3640
FI,Finland,forename,64,Nina,nina-fn,F,3568
FI,Finland,forename,65,Tero,tero-fn,M,3520
FI,Finland,forename,66,Susanna,susanna-fn,F,3503
FI,Finland,forename,67,Olli,olli-fn,M,3488
FI,Finland,forename,68,Jaakko,jaakko-fn,M,3482
FI,Finland,forename,69,Heli,heli-fn,F,3360
FI,Finland,forename,70,Kimmo,kimmo-fn,M,3314
FI,Finland,forename,71,Jesse,jesse-fn,M;F,3275
FI,Finland,forename,72,Anu,anu-fn,F;M,3243
FI,Finland,forename,73,Jouni,jouni-fn,M,3236
FI,Finland,forename,74,Noora,noora-fn,F;M,3195
FI,Finland,forename,75,Seppo,seppo-fn,M,3089
FI,Finland,forename,76,Niina,niina-fn,F,3077
FI,Finland,forename,77,Paula,paula-fn,F;M,3055
FI,Finland,forename,78,Jarmo,jarmo-fn,M,3036
FI,Finland,forename,79,Jere,jere-fn,M,3028
FI,Finland,forename,80,Kati,kati-fn,F,3018
FI,Finland,forename,81,Vesa,vesa-fn,M,2995
FI,Finland,forename,82,Liisa,liisa-fn,F,2985
FI,Finland,forename,83,Jenna,jenna-fn,F,2904
FI,Finland,forename,84,Henna,henna-fn,F,2900
FI,Finland,forename,85,Tanja,tanja-fn,F,2899
FI,Finland,forename,86,Eetu,eetu-fn,M,2891
FI,Finland,forename,87,Jarkko,jarkko-fn,M,2851
FI,Finland,forename,88,Helena,helena-fn,F,2847
FI,Finland,forename,89,Juuso,juuso-fn,M,2821
FI,Finland,forename,90,Kalle,kalle-fn,M,2808
FI,Finland,forename,91,Arto,arto-fn,M,2801
FI,Finland,forename,92,Arja,arja-fn,F,2775
FI,Finland,forename,93,Esa,esa-fn,M,2767
FI,Finland,forename,94,Pia,pia-fn,F,2728
FI,Finland,forename,95,Ritva,ritva-fn,F,2713
FI,Finland,forename,96,Maarit,maarit-fn,F,2662
FI,Finland,forename,97,Suvi,suvi-fn,F,2656
FI,Finland,forename,98,Tuija,tuija-fn,F,2614
FI,Finland,forename,99,Jonna,jonna-fn,F,2587
FI,Finland,forename,100,Riikka,riikka-fn,F,2560
FI,Finland,surname,1,Khan,khan-sn,M;F,5615
FI,Finland,surname,2,Kumar,kumar-sn,M;F,4456
FI,Finland,surname,3,Virtanen,virtanen-sn,M;F,4030
FI,Finland,surname,4,Korhonen,korhonen-sn,M;F,3826
FI,Finland,surname,5,Nieminen,nieminen-sn,M;F,3739
FI,Finland,surname,6,Mäkinen,makinen-sn,M;F,3563
FI,Finland,surname,7,Mäkelä,makela-sn,M;F,3304
FI,Finland,surname,8,Laine,laine-sn,M;F,3168
FI,Finland,surname,9,Koskinen,koskinen-sn,M;F,3143
FI,Finland,surname,10,Ali,ali-sn,M;F,3142
FI,Finland,surname,11,Heikkinen,heikkinen-sn,M;F,3134
FI,Finland,surname,12,Hämäläinen,hamalainen-sn,M;F,3095
FI,Finland,surname,13,Lehtonen,lehtonen-sn,M;F,2881
FI,Finland,surname,14,Järvinen,jarvinen-sn,M;F,2873
FI,Finland,surname,15,Saarinen,saarinen-sn,M;F,2790
FI,Finland,surname,16,Lehtinen,lehtinen-sn,M;F,2781
FI,Finland,surname,17,Singh,singh-sn,M;F,2684
FI,Finland,surname,18,Salminen,salminen-sn,M;F,2664
FI,Finland,surname,19,Niemi,niemi-sn,M;F,2662
FI,Finland,surname,20,Salonen,salonen-sn,M;F,2536
FI,Finland,surname,21,Heikkilä,heikkila-sn,M;F,2528
FI,Finland,surname,22,Kinnunen,kinnunen-sn,M;F,2521
FI,Finland,surname,23,Heinonen,heinonen-sn,M;F,2512
FI,Finland,surname,24,Salo,salo-sn,M;F,2463
FI,Finland,surname,25,Jokinen,jokinen-sn,M;F,2257
FI,Finland,surname,26,Tuominen,tuominen-sn,M;F,2249
FI,Finland,surname,27,Rantanen,rantanen-sn,M;F,2241
FI,Finland,surname,28,Mattila,mattila-sn,F;M,2229
FI,Finland,surname,29,Turunen,turunen-sn,M;F,2171
FI,Finland,surname,30,Karjalainen,karjalainen-sn,M;F,2167
FI,Finland,surname,31,Laitinen,laitinen-sn,M;F,2164
FI,Finland,surname,32,Yadav,yadav-sn,M;F,1186
FI,Finland,surname,33,Lahtinen,lahtinen-sn,M,1048
FI,Finland,surname,34,Ahmed,ahmed-sn,M;F,1002
FI,Finland,surname,35,Hassan,hassan-sn,F;M,396
FI,Finland,surname,36,Le,le-sn,F;M,182
FI,Finland,surname,37,Ma,ma-sn,F;M,91
FI,Finland,surname,38,Waqas,waqas-sn,,46
FI,Finland,surname,39,Bruce,bruce-sn,F;M,37
FI,Finland,surname,40,Zhao,zhao-sn,F;M,31
FI,Finland,surname,41,Jana,jana-sn,F;M,30
FI,Finland,surname,42,Falk,falk-sn,F;M,28
FI,Finland,surname,43,Haidar,haidar-sn,F;M,28
FI,Finland,surname,44,Sahoo,sahoo-sn,F;M,27
FI,Finland,surname,45,Zheng,zheng-sn,F;M,27
FI,Finland,surname,46,Dev,dev-sn,F;M,26
FI,Finland,surname,47,Ouni,ouni-sn,F;M,18
FI,Finland,surname,48,Rathore,rathore-sn,F;M,18
FI,Finland,surname,49,Deva,deva-sn,F;M,17
FI,Finland,surname,50,Persson,persson-sn,,17
FI,Finland,surname,51,Zara,zara-sn,F;M,17
FI,Finland,surname,52,Moro,moro-sn,F;M,16
FI,Finland,surname,53,Babul,babul-sn,,15
FI,Finland,surname,54,Николаев,nikolaev-sn,F;M,14
FI,Finland,surname,55,Debnath,debnath-sn,F;M,13
FI,Finland,surname,56,Mariam,mariam-sn,F;M,13
FI,Finland,surname,57,Rain,rain-sn,,13
FI,Finland,surname,58,Shukla,shukla-sn,M;F,12
FI,Finland,surname,59,Tarek,tarek-sn,M;F,12
FI,Finland,surname,60,Ayesha,ayesha-sn,F;M,11
FI,Finland,surname,61,Kar,kar-sn,F;M,11
FI,Finland,surname,62,Power,power-sn,,11
FI,Finland,surname,63,Agha,agha-sn,F;M,10
FI,Finland,surname,64,Dia,dia-sn,,10
FI,Finland,surname,65,Kalu,kalu-sn,F;M,10
FI,Finland,surname,66,Ayman,ayman-sn,F;M,9
FI,Finland,surname,67,Gori,gori-sn,,9
FI,Finland,surname,68,Popa,popa-sn,F;M,9
FI,Finland,surname,69,Rm,rm-sn,F;M,9
FI,Finland,surname,70,Степанов,stepanov-sn,F;M,9
FI,Finland,surname,71,Fatah,fatah-sn,M;F,7
FI,Finland,surname,72,Hale,hale-sn,,7
FI,Finland,surname,73,Jannat,jannat-sn,F;M,7
FI,Finland,surname,74,Zidan,zidan-sn,F;M,7
FI,Finland,surname,75,Abba,abba-sn,F;M,6
FI,Finland,surname,76,Angeles,angeles-sn,F;M,6
FI,Finland,surname,77,Gharib,gharib-sn,,6
FI,Finland,surname,78,Işık,isik-sn,F;M,6
FI,Finland,surname,79,Parra,parra-sn,F;M,6
FI,Finland,surname,80,Raymond,raymond-sn,F;M,6
FI,Finland,surname,81,Viola,viola-sn,M;F,6
FI,Finland,surname,82,Amen,amen-sn,F;M,5
FI,Finland,surname,83,Arıkan,arikan-sn,F;M,5
FI,Finland,surname,84,Bowen,bowen-sn,F;M,5
FI,Finland,surname,85,Caroline,caroline-sn,,5
FI,Finland,surname,86,Dixit,dixit-sn,F;M,5
FI,Finland,surname,87,Фролова,frolova-sn,F;M,5
FI,Finland,surname,88,Peker,peker-sn,F;M,5
FI,Finland,surname,89,Seven,seven-sn,F;M,5
FI,Finland,surname,90,Angelo,angelo-sn,,4
FI,Finland,surname,91,Fauzi,fauzi-sn,,4
FI,Finland,surname,92,Groß,gross-sn,,4
FI,Finland,surname,93,Manzano,manzano-sn,F;M,4
FI,Finland,surname,94,Rahma,rahma-sn,F;M,4
FI,Finland,surname,95,Santo,santo-sn,F;M,4
FI,Finland,surname,96,Dib,dib-sn,F;M,3
FI,Finland,surname,97,Fall,fall-sn,,3
FI,Finland,surname,98,Kandil,kandil-sn,,3
FI,Finland,surname,99,Leblanc,leblanc-sn,F;M,3
FI,Finland,surname,100,Selçuk,selcuk-sn,F;M,3
FR,France,forename,1,Marie,marie-fn,F;M,117689
FR,France,forename,2,Nicolas,nicolas-fn,M,115688
FR,France,forename,3,David,david-fn,M;F,101787
FR,France,forename,4,Julien,julien-fn,M,101100
FR,France,forename,5,Philippe,philippe-fn,M,93672
FR,France,forename,6,Christophe,christophe-fn,M,92960
FR,France,forename,7,Nathalie,nathalie-fn,F,91352
FR,France,forename,8,Thomas,thomas-fn,M,89826
FR,France,forename,9,Sylvie,sylvie-fn,F,86743
FR,France,forename,10,Sébastien,sebastien-fn,M,85004
FR,France,forename,11,Pierre,pierre-fn,M,83576
FR,France,forename,12,Isabelle,isabelle-fn,F,80140
FR,France,forename,13,Stephane,stephane-fn,M,78984
FR,France,forename,14,Laurent,laurent-fn,M,78106
FR,France,forename,15,Michel,michel-fn,M;F,77949
FR,France,forename,16,Mohamed,mohamed-fn,M,77343
FR,France,forename,17,Eric,eric-fn,M,74381
FR,France,forename,18,Kevin,kevin-fn,M,72408
FR,France,forename,19,Alexandre,alexandre-fn,M,71967
FR,France,forename,20,Alain,alain-fn,M,69707
FR,France,forename,21,Patrick,patrick-fn,M,69642
FR,France,forename,22,Guillaume,guillaume-fn,M,68933
FR,France,forename,23,Olivier,olivier-fn,M,68634
FR,France,forename,24,Sara,sara-fn,F;M,67311
FR,France,forename,25,Sandrine,sandrine-fn,F,66386
FR,France,forename,26,Sophie,sophie-fn,F,66384
FR,France,forename,27,Céline,celine-fn,F,65574
FR,France,forename,28,Romain,romain-fn,M,65501
FR,France,forename,29,Vincent,vincent-fn,M,63971
FR,France,forename,30,Dominique,dominique-fn,F;M,63901
FR,France,forename,31,Frederic,frederic-fn,M,62923
FR,France,forename,32,Maxime,maxime-fn,M;F,62813
FR,France,forename,33,Thierry,thierry-fn,M,62571
FR,France,forename,34,Stephanie,stephanie-fn,F,62544
FR,France,forename,35,Pascal,pascal-fn,M,62348
FR,France,forename,36,Valerie,valerie-fn,F,61920
FR,France,forename,37,Julie,julie-fn,F,61548
FR,France,forename,38,Anthony,anthony-fn,M,61466
FR,France,forename,39,Christine,christine-fn,F,59751
FR,France,forename,40,Antoine,antoine-fn,M,59303
FR,France,forename,41,Jerome,jerome-fn,M,58925
FR,France,forename,42,Jean,jean-fn,M;F,58545
FR,France,forename,43,Catherine,catherine-fn,F,58006
FR,France,forename,44,Martine,martine-fn,F,55737
FR,France,forename,45,Sarah,sarah-fn,F,55050
FR,France,forename,46,Laura,laura-fn,F,54394
FR,France,forename,47,Camille,camille-fn,F;M,53241
FR,France,forename,48,Christian,christian-fn,M;F,51119
FR,France,forename,49,Jeremy,jeremy-fn,M,49875
FR,France,forename,50,Franck,franck-fn,M,49459
FR,France,forename,51,Bruno,bruno-fn,M,49432
FR,France,forename,52,Cedric,cedric-fn,M,49244
FR,France,forename,53,Aurélie,aurelie-fn,F,49204
FR,France,forename,54,Daniel,daniel-fn,M;F,48614
FR,France,forename,55,Veronique,veronique-fn,F,47849
FR,France,forename,56,Alex,alex-fn,M;F,47616
FR,France,forename,57,Mathieu,mathieu-fn,M,47389
FR,France,forename,58,François,francois-fn,M,47217
FR,France,forename,59,Patricia,patricia-fn,F,47061
FR,France,forename,60,Emilie,emilie-fn,F,46588
FR,France,forename,61,Virginie,virginie-fn,F,46314
FR,France,forename,62,Quentin,quentin-fn,M,46270
FR,France,forename,63,Elodie,elodie-fn,F,46079
FR,France,forename,64,Lea,lea-fn,F,45937
FR,France,forename,65,Françoise,francoise-fn,F,45837
FR,France,forename,66,Florian,florian-fn,M,45038
FR,France,forename,67,Manon,manon-fn,F,44367
FR,France,forename,68,Benjamin,benjamin-fn,M,44299
FR,France,forename,69,Audrey,audrey-fn,F,43547
FR,France,forename,70,Clément,clement-fn,M,43493
FR,France,forename,71,Marine,marine-fn,F,43242
FR,France,forename,72,Didier,didier-fn,M,42577
FR,France,forename,73,Alexis,alexis-fn,M;F,42324
FR,France,forename,74,Marc,marc-fn,M,41741
FR,France,forename,75,Mickael,mickael-fn,M,41620
FR,France,forename,76,Lucas,lucas-fn,M,41549
FR,France,forename,77,Caroline,caroline-fn,F,41492
FR,France,forename,78,Christelle,christelle-fn,F,41091
FR,France,forename,79,Damien,damien-fn,M,40902
FR,France,forename,80,Marion,marion-fn,F,40478
FR,France,forename,81,Pauline,pauline-fn,F,40011
FR,France,forename,82,Arnaud,arnaud-fn,M,39910
FR,France,forename,83,Laetitia,laetitia-fn,F,39830
FR,France,forename,84,Paul,paul-fn,M,39772
FR,France,forename,85,Laurence,laurence-fn,F;M,39648
FR,France,forename,86,Corinne,corinne-fn,F,38980
FR,France,forename,87,Anne,anne-fn,F;M,38725
FR,France,forename,88,Bernard,bernard-fn,M,38626
FR,France,forename,89,Chantal,chantal-fn,F,38461
FR,France,forename,90,Melanie,melanie-fn,F,37852
FR,France,forename,91,Brigitte,brigitte-fn,F,37470
FR,France,forename,92,Claude,claude-fn,M;F,37262
FR,France,forename,93,Hugo,hugo-fn,M,36390
FR,France,forename,94,Sandra,sandra-fn,F,35715
FR,France,forename,95,Sylvain,sylvain-fn,M,35714
FR,France,forename,96,Anaïs,anais-fn,F,34981
FR,France,forename,97,Claire,claire-fn,F,34948
FR,France,forename,98,Jonathan,jonathan-fn,M,34457
FR,France,forename,99,Karine,karine-fn,F,34388
FR,France,forename,100,Adrien,adrien-fn,M,34146
FR,France,surname,1,Martin,martin-sn,M;F,46409
FR,France,surname,2,Charles,charles-sn,,42817
FR,France,surname,3,Bernard,bernard-sn,M;F,21646
FR,France,surname,4,Durand,durand-sn,M;F,21058
FR,France,surname,5,Manon,manon-sn,M;F,21014
FR,France,surname,6,Dubois,dubois-sn,M;F,20774
FR,France,surname,7,Thomas,thomas-sn,M;F,20544
FR,France,surname,8,Garcia,garcia-sn,M;F,20040
FR,France,surname,9,Petit,petit-sn,M;F,19723
FR,France,surname,10,Ben,ben-sn,M;F,19352
FR,France,surname,11,Dupont,dupont-sn,M,19329
FR,France,surname,12,Michel,michel-sn,M;F,18698
FR,France,surname,13,David,david-sn,M;F,18604
FR,France,surname,14,Richard,richard-sn,M;F,18311
FR,France,surname,15,Laurent,laurent-sn,M;F,18064
FR,France,surname,16,Robert,robert-sn,M;F,17357
FR,France,surname,17,Diallo,diallo-sn,M;F,17088
FR,France,surname,18,Simon,simon-sn,M;F,16493
FR,France,surname,19,Da Silva,da-silva-sn,M;F,16431
FR,France,surname,20,Leroy,leroy-sn,,15948
FR,France,surname,21,Moreau,moreau-sn,,15869
FR,France,surname,22,Lefebvre,lefebvre-sn,,15859
FR,France,surname,23,Martinez,martinez-sn,F;M,15047
FR,France,surname,24,Lopez,lopez-sn,F;M,14588
FR,France,surname,25,Marie,marie-sn,F;M,14447
FR,France,surname,26,Pereira,pereira-sn,M;F,14224
FR,France,surname,27,Mohamed,mohamed-sn,M;F,13721
FR,France,surname,28,Ferreira,ferreira-sn,F;M,13095
FR,France,surname,29,Camara,camara-sn,M;F,12661
FR,France,surname,30,Ali,ali-sn,M;F,12639
FR,France,surname,31,Traoré,traore-sn,M;F,12439
FR,France,surname,32,Ferrier,ferrier-sn,M;F,12430
FR,France,surname,33,Vincent,vincent-sn,M;F,12395
FR,France,surname,34,Bertrand,bertrand-sn,M;F,11800
FR,France,surname,35,Nicolas,nicolas-sn,,11728
FR,France,surname,36,Francois,francois-sn,,11219
FR,France,surname,37,Pierre,pierre-sn,M;F,10938
FR,France,surname,38,Rodrigues,rodrigues-sn,F;M,10865
FR,France,surname,39,Ahmed,ahmed-sn,M;F,10779
FR,France,surname,40,Andre,andre-sn,M;F,10741
FR,France,surname,41,Nguyen,nguyen-sn,M;F,10741
FR,France,surname,42,Legrand,legrand-sn,M;F,10740
FR,France,surname,43,Fernandes,fernandes-sn,M;F,10668
FR,France,surname,44,Lambert,lambert-sn,M;F,10369
FR,France,surname,45,Fournier,fournier-sn,M;F,10317
FR,France,surname,46,Morel,morel-sn,M;F,10141
FR,France,surname,47,Müller,muller-sn,M;F,9957
FR,France,surname,48,Rousseau,rousseau-sn,,9691
FR,France,surname,49,Roux,roux-sn,M;F,9614
FR,France,surname,50,Fontaine,fontaine-sn,M;F,9613
FR,France,surname,51,Perez,perez-sn,F;M,9610
FR,France,surname,52,Bonnet,bonnet-sn,F;M,9582
FR,France,surname,53,Girard,girard-sn,M;F,9547
FR,France,surname,54,Mathieu,mathieu-sn,,9508
FR,France,surname,55,Chevalier,chevalier-sn,F;M,9489
FR,France,surname,56,Gonçalves,goncalves-sn,F;M,9466
FR,France,surname,57,Mercier,mercier-sn,,9333
FR,France,surname,58,Lefevre,lefevre-sn,,9236
FR,France,surname,59,Fernandez,fernandez-sn,F;M,9160
FR,France,surname,60,Blanc,blanc-sn,M;F,9131
FR,France,surname,61,Gomes,gomes-sn,M;F,9112
FR,France,surname,62,Jean,jean-sn,M;F,9094
FR,France,surname,63,Dos Santos,dos-santos-sn,M;F,9093
FR,France,surname,64,Rodriguez,rodriguez-sn,F;M,9050
FR,France,surname,65,Alan,alan-sn,,8940
FR,France,surname,66,Martins,martins-sn,F;M,8849
FR,France,surname,67,Clement,clement-sn,M;F,8844
FR,France,surname,68,Philippe,philippe-sn,M;F,8834
FR,France,surname,69,Garnier,garnier-sn,M;F,8794
FR,France,surname,70,Guerin,guerin-sn,M;F,8789
FR,France,surname,71,Toure,toure-sn,M;F,8752
FR,France,surname,72,Olivier,olivier-sn,,8574
FR,France,surname,73,Lopes,lopes-sn,F;M,8528
FR,France,surname,74,Duval,duval-sn,,8486
FR,France,surname,75,Henry,henry-sn,M;F,8481
FR,France,surname,76,Lucas,lucas-sn,M;F,8467
FR,France,surname,77,Silva,silva-sn,M;F,8258
FR,France,surname,78,Denis,denis-sn,M;F,8126
FR,France,surname,79,Gauthier,gauthier-sn,M;F,8101
FR,France,surname,80,Perrin,perrin-sn,M;F,8074
FR,France,surname,81,Roussel,roussel-sn,M;F,7997
FR,France,surname,82,Robin,robin-sn,M;F,7908
FR,France,surname,83,Lemaire,lemaire-sn,M;F,7871
FR,France,surname,84,Adam,adam-sn,M;F,7799
FR,France,surname,85,Faure,faure-sn,M;F,7784
FR,France,surname,86,Ba,ba-sn,F;M,7681
FR,France,surname,87,Morin,morin-sn,M;F,7662
FR,France,surname,88,Dumont,dumont-sn,,7588
FR,France,surname,89,Gautier,gautier-sn,,7571
FR,France,surname,90,Masson,masson-sn,M;F,7531
FR,France,surname,91,Julien,julien-sn,M;F,7432
FR,France,surname,92,Marchand,marchand-sn,M;F,7260
FR,France,surname,93,Joly,joly-sn,M;F,7186
FR,France,surname,94,Meyer,meyer-sn,M;F,7169
FR,France,surname,95,Khan,khan-sn,M;F,7122
FR,France,surname,96,Rose,rose-sn,F;M,7088
FR,France,surname,97,Dufour,dufour-sn,M;F,7042
FR,France,surname,98,Leroux,leroux-sn,,7038
FR,France,surname,99,Ribeiro,ribeiro-sn,F;M,7004
FR,France,surname,100,Boyer,boyer-sn,,7000
GB,United Kingdom,forename,1,David,david-fn,M;F,117364
GB,United Kingdom,forename,2,Paul,paul-fn,M,116296
GB,United Kingdom,forename,3,John,john-fn,M,112693
GB,United Kingdom,forename,4,James,james-fn,M,99732
GB,United Kingdom,forename,5,Mark,mark-fn,M,94524
GB,United Kingdom,forename,6,Sara,sara-fn,F;M,92394
GB,United Kingdom,forename,7,Chris,chris-fn,M;F,90947
GB,United Kingdom,forename,8,Sarah,sarah-fn,F,79577
GB,United Kingdom,forename,9,Michael,michael-fn,M,73651
GB,United Kingdom,forename,10,Andrew,andrew-fn,M,64006
GB,United Kingdom,forename,11,Emma,emma-fn,F,63180
GB,United Kingdom,forename,12,Sam,sam-fn,M;F,58648
GB,United Kingdom,forename,13,Tom,tom-fn,M,57323
GB,United Kingdom,forename,14,Richard,richard-fn,M,56081
GB,United Kingdom,forename,15,Peter,peter-fn,M,54913
GB,United Kingdom,forename,16,Ben,ben-fn,M,53362
GB,United Kingdom,forename,17,Daniel,daniel-fn,M;F,53352
GB,United Kingdom,forename,18,Alex,alex-fn,M;F,52991
GB,United Kingdom,forename,19,Jack,jack-fn,M,52035
GB,United Kingdom,forename,20,Adam,adam-fn,M,50804
GB,United Kingdom,forename,21,Steve,steve-fn,M,50753
GB,United Kingdom,forename,22,Laura,laura-fn,F,50700
GB,United Kingdom,forename,23,Ian,ian-fn,M,49225
GB,United Kingdom,forename,24,Andy,andy-fn,M,47490
GB,United Kingdom,forename,25,Stephen,stephen-fn,M,45737
GB,United Kingdom,forename,26,Lee,lee-fn,M;F,44274
GB,United Kingdom,forename,27,Lisa,lisa-fn,F,44171
GB,United Kingdom,forename,28,Karen,karen-fn,F;M,43819
GB,United Kingdom,forename,29,Robert,robert-fn,M,43668
GB,United Kingdom,forename,30,Simon,simon-fn,M,43500
GB,United Kingdom,forename,31,Julie,julie-fn,F,43265
GB,United Kingdom,forename,32,Claire,claire-fn,F,42073
GB,United Kingdom,forename,33,Dave,dave-fn,M,41067
GB,United Kingdom,forename,34,Ryan,ryan-fn,M;F,41012
GB,United Kingdom,forename,35,Jamie,jamie-fn,M;F,40110
GB,United Kingdom,forename,36,Martin,martin-fn,M,38413
GB,United Kingdom,forename,37,Joe,joe-fn,M,37995
GB,United Kingdom,forename,38,Tracy,tracy-fn,F;M,37032
GB,United Kingdom,forename,39,Helen,helen-fn,F,36953
GB,United Kingdom,forename,40,Gary,gary-fn,M,36893
GB,United Kingdom,forename,41,Matthew,matthew-fn,M,36854
GB,United Kingdom,forename,42,Amy,amy-fn,F,36677
GB,United Kingdom,forename,43,Matt,matt-fn,M,36609
GB,United Kingdom,forename,44,Alan,alan-fn,M,36266
GB,United Kingdom,forename,45,Rachel,rachel-fn,F,35546
GB,United Kingdom,forename,46,Katie,katie-fn,F,34924
GB,United Kingdom,forename,47,Louise,louise-fn,F,34841
GB,United Kingdom,forename,48,Luke,luke-fn,M,34725
GB,United Kingdom,forename,49,Michelle,michelle-fn,F,34575
GB,United Kingdom,forename,50,Kevin,kevin-fn,M,34562
GB,United Kingdom,forename,51,Hannah,hannah-fn,F,34011
GB,United Kingdom,forename,52,Tony,tony-fn,M,34009
GB,United Kingdom,forename,53,Sue,sue-fn,F,33012
GB,United Kingdom,forename,54,Sophie,sophie-fn,F,32941
GB,United Kingdom,forename,55,Dan,dan-fn,M,32598
GB,United Kingdom,forename,56,Craig,craig-fn,M,32525
GB,United Kingdom,forename,57,Mike,mike-fn,M,32246
GB,United Kingdom,forename,58,George,george-fn,M,32097
GB,United Kingdom,forename,59,Lauren,lauren-fn,F,31578
GB,United Kingdom,forename,60,Steven,steven-fn,M,31541
GB,United Kingdom,forename,61,Lucy,lucy-fn,F,30861
GB,United Kingdom,forename,62,Charlotte,charlotte-fn,F,30587
GB,United Kingdom,forename,63,Scott,scott-fn,M,30140
GB,United Kingdom,forename,64,Emily,emily-fn,F,30030
GB,United Kingdom,forename,65,Josh,josh-fn,M,30023
GB,United Kingdom,forename,66,Susan,susan-fn,F,29721
GB,United Kingdom,forename,67,Nick,nick-fn,M,29719
GB,United Kingdom,forename,68,Jane,jane-fn,F,29682
GB,United Kingdom,forename,69,Darren,darren-fn,M,29596
GB,United Kingdom,forename,70,Sharon,sharon-fn,F;M,29449
GB,United Kingdom,forename,71,Linda,linda-fn,F;M,29224
GB,United Kingdom,forename,72,Liam,liam-fn,M,29163
GB,United Kingdom,forename,73,Jason,jason-fn,M,28958
GB,United Kingdom,forename,74,Neil,neil-fn,M,28728
GB,United Kingdom,forename,75,Chloé,chloe-fn,F,28136
GB,United Kingdom,forename,76,Stuart,stuart-fn,M,27619
GB,United Kingdom,forename,77,Nicola,nicola-fn,M;F,26776
GB,United Kingdom,forename,78,Brian,brian-fn,M,26699
GB,United Kingdom,forename,79,Rebecca,rebecca-fn,F,26604
GB,United Kingdom,forename,80,Rob,rob-fn,M,26281
GB,United Kingdom,forename,81,Charlie,charlie-fn,M;F,26211
GB,United Kingdom,forename,82,Mohamed,mohamed-fn,M,25723
GB,United Kingdom,forename,83,Jordan,jordan-fn,M;F,25206
GB,United Kingdom,forename,84,Kelly,kelly-fn,F;M,24804
GB,United Kingdom,forename,85,Anna,anna-fn,F;M,24635
GB,United Kingdom,forename,86,Christine,christine-fn,F,24206
GB,United Kingdom,forename,87,Colin,colin-fn,M,24153
GB,United Kingdom,forename,88,Harry,harry-fn,M,24048
GB,United Kingdom,forename,89,Thomas,thomas-fn,M,23777
GB,United Kingdom,forename,90,Anthony,anthony-fn,M,23633
GB,United Kingdom,forename,91,Sean,sean-fn,M,23617
GB,United Kingdom,forename,92,Joanne,joanne-fn,F,23514
GB,United Kingdom,forename,93,Danny,danny-fn,M;F,23492
GB,United Kingdom,forename,94,Debbie,debbie-fn,F,23403
GB,United Kingdom,forename,95,Carol,carol-fn,F,23382
GB,United Kingdom,forename,96,Gemma,gemma-fn,F,23126
GB,United Kingdom,forename,97,Kate,kate-fn,F,23044
GB,United Kingdom,forename,98,Lewis,lewis-fn,M,23006
GB,United Kingdom,forename,99,Angela,angela-fn,F;M,22702
GB,United Kingdom,forename,100,Natalie,natalie-fn,F,22216
GB,United Kingdom,surname,1,Smith,smith-sn,M;F,126252
GB,United Kingdom,surname,2,Jones,jones-sn,M;F,90468
GB,United Kingdom,surname,3,Williams,williams-sn,M;F,59743
GB,United Kingdom,surname,4,Brown,brown-sn,M;F,55937
GB,United Kingdom,surname,5,Taylor,taylor-sn,F;M,52055
GB,United Kingdom,surname,6,Cox,cox-sn,,45000
GB,United Kingdom,surname,7,Clark,clark-sn,M;F,44160
GB,United Kingdom,surname,8,Davies,davies-sn,M;F,42329
GB,United Kingdom,surname,9,Wilson,wilson-sn,M;F,39726
GB,United Kingdom,surname,10,Khan,khan-sn,M;F,35145
GB,United Kingdom,surname,11,Evans,evans-sn,M;F,34297
GB,United Kingdom,surname,12,Thomas,thomas-sn,M;F,33177
GB,United Kingdom,surname,13,Johnson,johnson-sn,M;F,32395
GB,United Kingdom,surname,14,Roberts,roberts-sn,M;F,29157
GB,United Kingdom,surname,15,Walker,walker-sn,M;F,27797
GB,United Kingdom,surname,16,Thompson,thompson-sn,M;F,27170
GB,United Kingdom,surname,17,Ali,ali-sn,M;F,26695
GB,United Kingdom,surname,18,Patel,patel-sn,M;F,26655
GB,United Kingdom,surname,19,Robinson,robinson-sn,M;F,26573
GB,United Kingdom,surname,20,Ahmed,ahmed-sn,M;F,26391
GB,United Kingdom,surname,21,Wright,wright-sn,M;F,26371
GB,United Kingdom,surname,22,White,white-sn,M;F,25883
GB,United Kingdom,surname,23,Hughes,hughes-sn,M;F,25676
GB,United Kingdom,surname,24,Green,green-sn,M;F,24479
GB,United Kingdom,surname,25,Martin,martin-sn,M;F,24096
GB,United Kingdom,surname,26,Lee,lee-sn,M;F,23789
GB,United Kingdom,surname,27,Edwards,edwards-sn,M;F,23720
GB,United Kingdom,surname,28,James,james-sn,M;F,23405
GB,United Kingdom,surname,29,Lewis,lewis-sn,M;F,23345
GB,United Kingdom,surname,30,Jackson,jackson-sn,M;F,23316
GB,United Kingdom,surname,31,Singh,singh-sn,M;F,23287
GB,United Kingdom,surname,32,Clarke,clarke-sn,M;F,22893
GB,United Kingdom,surname,33,Hall,hall-sn,M;F,22815
GB,United Kingdom,surname,34,Harris,harris-sn,M;F,22222
GB,United Kingdom,surname,35,Scott,scott-sn,M;F,21463
GB,United Kingdom,surname,36,Wood,wood-sn,M;F,21436
GB,United Kingdom,surname,37,King,king-sn,M;F,20929
GB,United Kingdom,surname,38,Moore,moore-sn,M;F,20908
GB,United Kingdom,surname,39,Turner,turner-sn,M;F,20554
GB,United Kingdom,surname,40,Hill,hill-sn,M;F,19823
GB,United Kingdom,surname,41,Ward,ward-sn,M;F,19675
GB,United Kingdom,surname,42,Cooper,cooper-sn,M;F,19665
GB,United Kingdom,surname,43,Hossain,hossain-sn,M;F,19363
GB,United Kingdom,surname,44,Hussain,hussain-sn,M;F,19363
GB,United Kingdom,surname,45,Morgan,morgan-sn,M;F,18912
GB,United Kingdom,surname,46,Morris,morris-sn,M;F,18896
GB,United Kingdom,surname,47,Kelly,kelly-sn,F;M,18753
GB,United Kingdom,surname,48,Watson,watson-sn,M;F,18607
GB,United Kingdom,surname,49,Anderson,anderson-sn,M;F,18405
GB,United Kingdom,surname,50,Campbell,campbell-sn,M;F,18384
GB,United Kingdom,surname,51,Young,young-sn,M;F,18229
GB,United Kingdom,surname,52,Harrison,harrison-sn,M;F,17615
GB,United Kingdom,surname,53,Baker,baker-sn,M;F,17306
GB,United Kingdom,surname,54,Allen,allen-sn,M;F,17145
GB,United Kingdom,surname,55,Mitchell,mitchell-sn,M;F,17002
GB,United Kingdom,surname,56,Bell,bell-sn,M;F,16463
GB,United Kingdom,surname,57,Phillips,phillips-sn,M;F,16377
GB,United Kingdom,surname,58,Davis,davis-sn,M;F,16004
GB,United Kingdom,surname,59,Miller,miller-sn,M;F,15798
GB,United Kingdom,surname,60,Murphy,murphy-sn,M;F,15755
GB,United Kingdom,surname,61,Stewart,stewart-sn,M;F,15731
GB,United Kingdom,surname,62,Parker,parker-sn,M;F,15474
GB,United Kingdom,surname,63,Price,price-sn,M;F,15180
GB,United Kingdom,surname,64,Bennett,bennett-sn,M;F,15044
GB,United Kingdom,surname,65,Shaw,shaw-sn,M;F,14870
GB,United Kingdom,surname,66,Simpson,simpson-sn,M;F,14535
GB,United Kingdom,surname,67,Collins,collins-sn,M;F,14505
GB,United Kingdom,surname,68,Murray,murray-sn,M;F,14155
GB,United Kingdom,surname,69,Richardson,richardson-sn,M;F,13894
GB,United Kingdom,surname,70,Cook,cook-sn,M;F,13786
GB,United Kingdom,surname,71,Bailey,bailey-sn,M;F,13552
GB,United Kingdom,surname,72,Gray,gray-sn,M;F,13527
GB,United Kingdom,surname,73,Day,day-sn,,13525
GB,United Kingdom,surname,74,Fletcher,fletcher-sn,F;M,13506
GB,United Kingdom,surname,75,Pearson,pearson-sn,,13498
GB,United Kingdom,surname,76,Griffiths,griffiths-sn,,13488
GB,United Kingdom,surname,77,Pope,pope-sn,F;M,13486
GB,United Kingdom,surname,78,Adams,adams-sn,M;F,13385
GB,United Kingdom,surname,79,Graham,graham-sn,M;F,12935
GB,United Kingdom,surname,80,Richards,richards-sn,M;F,12771
GB,United Kingdom,surname,81,Farrow,farrow-sn,M;F,12430
GB,United Kingdom,surname,82,Louise,louise-sn,,12089
GB,United Kingdom,surname,83,Ellis,ellis-sn,M;F,11714
GB,United Kingdom,surname,84,Foster,foster-sn,M;F,11612
GB,United Kingdom,surname,85,Rose,rose-sn,F;M,11325
GB,United Kingdom,surname,86,Robertson,robertson-sn,M;F,11240
GB,United Kingdom,surname,87,Wilkinson,wilkinson-sn,,11163
GB,United Kingdom,surname,88,Russell,russell-sn,M;F,11151
GB,United Kingdom,surname,89,Mason,mason-sn,M;F,11123
GB,United Kingdom,surname,90,Chapman,chapman-sn,M;F,10798
GB,United Kingdom,surname,91,Matthews,matthews-sn,M;F,10605
GB,United Kingdom,surname,92,Powell,powell-sn,M;F,10545
GB,United Kingdom,surname,93,Rogers,rogers-sn,M;F,10516
GB,United Kingdom,surname,94,Gibson,gibson-sn,M;F,10479
GB,United Kingdom,surname,95,Mills,mills-sn,M;F,10462
GB,United Kingdom,surname,96,Webb,webb-sn,M;F,10195
GB,United Kingdom,surname,97,Owen,owen-sn,,10158
GB,United Kingdom,surname,98,Palmer,palmer-sn,M;F,10156
GB,United Kingdom,surname,99,Thomson,thomson-sn,M;F,10051
GB,United Kingdom,surname,100,Holmes,holmes-sn,M;F,10050
GE,Georgia,forename,1,Giorgi,giorgi-fn,M,2221
GE,Georgia,forename,2,Nino,nino-fn,M;F,1155
GE,Georgia,forename,3,Elena,elena-fn,F;M,70
GE,Georgia,forename,4,Günay,gunay-fn,F,17
GE,Georgia,forename,5,Sevil,sevil-fn,F,17
GE,Georgia,forename,6,Stella,stella-fn,F;M,12
GE,Georgia,forename,7,Vanda,vanda-fn,F;M,10
GE,Georgia,forename,8,Nahid,nahid-fn,F;M,8
GE,Georgia,forename,9,Rudolf,rudolf-fn,M,8
GE,Georgia,forename,10,Ash,ash-fn,F;M,7
GE,Georgia,forename,11,Hakan,hakan-fn,F;M,6
GE,Georgia,forename,12,Polat,polat-fn,F;M,6
GE,Georgia,forename,13,Zahir,zahir-fn,F;M,5
GE,Georgia,forename,14,Maki,maki-fn,F;M,3
GE,Georgia,forename,15,Nura,nura-fn,F;M,3
GE,Georgia,forename,16,Yury,yury-fn,F;M,3
GE,Georgia,forename,17,Biba,biba-fn,F;M,2
GE,Georgia,forename,18,Halis,halis-fn,F;M,2
GE,Georgia,forename,19,Sofie,sofie-fn,F;M,2
GE,Georgia,surname,1,Ma,ma-sn,F;M,18
GE,Georgia,surname,2,Mariam,mariam-sn,F;M,14
GE,Georgia,surname,3,Hassan,hassan-sn,F;M,6
GE,Georgia,surname,4,Омарова,omarova-sn,F;M,5
GE,Georgia,surname,5,Dia,dia-sn,,4
GE,Georgia,surname,6,Jana,jana-sn,F;M,3
GE,Georgia,surname,7,Kar,kar-sn,F;M,3
GE,Georgia,surname,8,Степанов,stepanov-sn,F;M,3
GE,Georgia,surname,9,Zara,zara-sn,F;M,3
GH,Ghana,forename,1,Nana,nana-fn,F;M,16291
GH,Ghana,forename,2,Emmanuel,emmanuel-fn,M,11778
GH,Ghana,forename,3,Samuel,samuel-fn,M;F,8685
GH,Ghana,forename,4,Isaac,isaac-fn,M,7710
GH,Ghana,forename,5,Kofi,kofi-fn,M,5586
GH,Ghana,forename,6,Daniel,daniel-fn,M;F,4958
GH,Ghana,forename,7,Francis,francis-fn,M;F,4726
GH,Ghana,forename,8,Joseph,joseph-fn,M;F,4468
GH,Ghana,forename,9,Richard,richard-fn,M,4425
GH,Ghana,forename,10,Eric,eric-fn,M,4319
GH,Ghana,forename,11,Mary,mary-fn,F,4265
GH,Ghana,forename,12,John,john-fn,M,4220
GH,Ghana,forename,13,Michael,michael-fn,M,4031
GH,Ghana,forename,14,Prince,prince-fn,M,3764
GH,Ghana,forename,15,Esther,esther-fn,F,3705
GH,Ghana,forename,16,Kwame,kwame-fn,M,3660
GH,Ghana,forename,17,Stephen,stephen-fn,M,3614
GH,Ghana,forename,18,David,david-fn,M;F,3178
GH,Ghana,forename,19,Abigail,abigail-fn,F,3131
GH,Ghana,forename,20,Mohamed,mohamed-fn,M,3075
GH,Ghana,forename,21,Mohammed,mohammed-fn,M;F,3075
GH,Ghana,forename,22,Gifty,gifty-fn,F,3060
GH,Ghana,forename,23,Grace,grace-fn,F,2826
GH,Ghana,forename,24,Ebenezer,ebenezer-fn,M,2727
GH,Ghana,forename,25,Maame,maame-fn,F,2727
GH,Ghana,forename,26,Frank,frank-fn,M,2707
GH,Ghana,forename,27,George,george-fn,M,2706
GH,Ghana,forename,28,James,james-fn,M,2696
GH,Ghana,forename,29,Elizabeth,elizabeth-fn,F,2584
GH,Ghana,forename,30,Yaw,yaw-fn,M,2527
GH,Ghana,forename,31,Charles,charles-fn,M,2392
GH,Ghana,forename,32,Benjamin,benjamin-fn,M,2350
GH,Ghana,forename,33,Kwaku,kwaku-fn,M,2326
GH,Ghana,forename,34,امى,ama-fn,F,2325
GH,Ghana,forename,35,Joyce,joyce-fn,F,2307
GH,Ghana,forename,36,Kwabena,kwabena-fn,M,2245
GH,Ghana,forename,37,Linda,linda-fn,F;M,2204
GH,Ghana,forename,38,Ibrahim,ibrahim-fn,M;F,2172
GH,Ghana,forename,39,Sara,sara-fn,F;M,2152
GH,Ghana,forename,40,Sarah,sarah-fn,F,2152
GH,Ghana,forename,41,Comfort,comfort-fn,F;M,2149
GH,Ghana,forename,42,Rita,rita-fn,F,2141
GH,Ghana,forename,43,Abena,abena-fn,F,2030
GH,Ghana,forename,44,Peter,peter-fn,M,2001
GH,Ghana,forename,45,Mavis,mavis-fn,F,1986
GH,Ghana,forename,46,Ernest,ernest-fn,M,1974
GH,Ghana,forename,47,Patience,patience-fn,F,1948
GH,Ghana,forename,48,Owusu,owusu-fn,M,1936
GH,Ghana,forename,49,Janet,janet-fn,F,1927
GH,Ghana,forename,50,Paul,paul-fn,M,1887
GH,Ghana,forename,51,Evans,evans-fn,M,1860
GH,Ghana,forename,52,Alex,alex-fn,M;F,1850
GH,Ghana,forename,53,Mercy,mercy-fn,F,1824
GH,Ghana,forename,54,Alhassan,alhassan-fn,M,1821
GH,Ghana,forename,55,Victoria,victoria-fn,F,1801
GH,Ghana,forename,56,Solomon,solomon-fn,M,1799
GH,Ghana,forename,57,Osei,osei-fn,M,1797
GH,Ghana,forename,58,Patrick,patrick-fn,M,1768
GH,Ghana,forename,59,Lydia,lydia-fn,F,1754
GH,Ghana,forename,60,Abdul,abdul-fn,M,1753
GH,Ghana,forename,61,Bright,bright-fn,M;F,1726
GH,Ghana,forename,62,Priscilla,priscilla-fn,F,1708
GH,Ghana,forename,63,Evelyn,evelyn-fn,F,1685
GH,Ghana,forename,64,Vida,vida-fn,F,1663
GH,Ghana,forename,65,Felix,felix-fn,M,1662
GH,Ghana,forename,66,Akosua,akosua-fn,F,1652
GH,Ghana,forename,67,Kojo,kojo-fn,M,1630
GH,Ghana,forename,68,Rebecca,rebecca-fn,F,1630
GH,Ghana,forename,69,Faustina,faustina-fn,F,1595
GH,Ghana,forename,70,Philip,philip-fn,M,1570
GH,Ghana,forename,71,Eunice,eunice-fn,F,1562
GH,Ghana,forename,72,Sandra,sandra-fn,F,1553
GH,Ghana,forename,73,Beatrice,beatrice-fn,F,1544
GH,Ghana,forename,74,Akua,akua-fn,F,1536
GH,Ghana,forename,75,Gloria,gloria-fn,F,1534
GH,Ghana,forename,76,Robert,robert-fn,M,1515
GH,Ghana,forename,77,Doris,doris-fn,F,1512
GH,Ghana,forename,78,Agnes,agnes-fn,F,1504
GH,Ghana,forename,79,Seth,seth-fn,M,1501
GH,Ghana,forename,80,Obaapa,obaapa-fn,F,1468
GH,Ghana,forename,81,Thomas,thomas-fn,M,1458
GH,Ghana,forename,82,Diana,diana-fn,F,1455
GH,Ghana,forename,83,Florence,florence-fn,F,1441
GH,Ghana,forename,84,Anthony,anthony-fn,M,1427
GH,Ghana,forename,85,Edward,edward-fn,M,1420
GH,Ghana,forename,86,Rose,rose-fn,F,1418
GH,Ghana,forename,87,Gladys,gladys-fn,F,1397
GH,Ghana,forename,88,Hannah,hannah-fn,F,1378
GH,Ghana,forename,89,Felicia,felicia-fn,F,1349
GH,Ghana,forename,90,Ruth,ruth-fn,F,1330
GH,Ghana,forename,91,Bismark,bismark-fn,M,1325
GH,Ghana,forename,92,Vivian,vivian-fn,F,1322
GH,Ghana,forename,93,Regina,regina-fn,F,1320
GH,Ghana,forename,94,Albert,albert-fn,M,1317
GH,Ghana,forename,95,Adwoa,adwoa-fn,F,1303
GH,Ghana,forename,96,Bernice,bernice-fn,F,1287
GH,Ghana,forename,97,Cynthia,cynthia-fn,F,1271
GH,Ghana,forename,98,Bernard,bernard-fn,M,1260
GH,Ghana,forename,99,Jennifer,jennifer-fn,F,1246
GH,Ghana,forename,100,Yaa,yaa-fn,F,1244
GH,Ghana,surname,1,Mensah,mensah-sn,M;F,12092
GH,Ghana,surname,2,Owusu,owusu-sn,M;F,7663
GH,Ghana,surname,3,Gh,gh-sn,M;F,5351
GH,Ghana,surname,4,Boateng,boateng-sn,M;F,5040
GH,Ghana,surname,5,Mohamed,mohamed-sn,M;F,4556
GH,Ghana,surname,6,Mohammed,mohammed-sn,M;F,4556
GH,Ghana,surname,7,Yeboah,yeboah-sn,M;F,4461
GH,Ghana,surname,8,Appiah,appiah-sn,M;F,4203
GH,Ghana,surname,9,Emmanuel,emmanuel-sn,M;F,4131
GH,Ghana,surname,10,Osei,osei-sn,M;F,3821
GH,Ghana,surname,11,Tetteh,tetteh-sn,M;F,3802
GH,Ghana,surname,12,Asare,asare-sn,M;F,3594
GH,Ghana,surname,13,Arthur,arthur-sn,M;F,3348
GH,Ghana,surname,14,Adjei,adjei-sn,M;F,2944
GH,Ghana,surname,15,Asante,asante-sn,M;F,2820
GH,Ghana,surname,16,Opoku,opoku-sn,M;F,2731
GH,Ghana,surname,17,Samuel,samuel-sn,M;F,2652
GH,Ghana,surname,18,Amoah,amoah-sn,M;F,2591
GH,Ghana,surname,19,Ofori,ofori-sn,M;F,2459
GH,Ghana,surname,20,Isaac,isaac-sn,,2329
GH,Ghana,surname,21,Ibrahim,ibrahim-sn,M;F,1907
GH,Ghana,surname,22,Daniel,daniel-sn,M;F,1870
GH,Ghana,surname,23,Kwame,kwame-sn,M,1691
GH,Ghana,surname,24,Francis,francis-sn,M;F,1689
GH,Ghana,surname,25,Joseph,joseph-sn,M;F,1627
GH,Ghana,surname,26,Kofi,kofi-sn,M,1625
GH,Ghana,surname,27,Richard,richard-sn,M;F,1602
GH,Ghana,surname,28,Stephen,stephen-sn,M;F,1583
GH,Ghana,surname,29,Frimpong,frimpong-sn,M,1568
GH,Ghana,surname,30,Yaw,yaw-sn,M,1529
GH,Ghana,surname,31,Prince,prince-sn,M;F,1482
GH,Ghana,surname,32,Boakye,boakye-sn,M,1458
GH,Ghana,surname,33,Alhassan,alhassan-sn,M,1447
GH,Ghana,surname,34,Michael,michael-sn,M;F,1412
GH,Ghana,surname,35,Antwi,antwi-sn,M,1400
GH,Ghana,surname,36,Addo,addo-sn,M,1353
GH,Ghana,surname,37,Junior,junior-sn,M,1256
GH,Ghana,surname,38,David,david-sn,M;F,1241
GH,Ghana,surname,39,Obeng,obeng-sn,M,1204
GH,Ghana,surname,40,Eric,eric-sn,,1199
GH,Ghana,surname,41,John,john-sn,M;F,1190
GH,Ghana,surname,42,Asamoah,asamoah-sn,M,1164
GH,Ghana,surname,43,Serwaa,serwaa-sn,F,1149
GH,Ghana,surname,44,Jnr,jnr-sn,M,1130
GH,Ghana,surname,45,Ansah,ansah-sn,M,1121
GH,Ghana,surname,46,Yakubu,yakubu-sn,M;F,1100
GH,Ghana,surname,47,Oppong,oppong-sn,M,1091
GH,Ghana,surname,48,Acquah,acquah-sn,M,1090
GH,Ghana,surname,49,Mary,mary-sn,F;M,1088
GH,Ghana,surname,50,Nyarko,nyarko-sn,F,1085
GH,Ghana,surname,51,Adu,adu-sn,M,1048
GH,Ghana,surname,52,Ebenezer,ebenezer-sn,M,1031
GH,Ghana,surname,53,Acheampong,acheampong-sn,M,1024
GH,Ghana,surname,54,Love,love-sn,F;M,1024
GH,Ghana,surname,55,Haruna,haruna-sn,,1000
GH,Ghana,surname,56,Moro,moro-sn,F;M,521
GH,Ghana,surname,57,Mariam,mariam-sn,F;M,410
GH,Ghana,surname,58,Bruce,bruce-sn,F;M,369
GH,Ghana,surname,59,Hassan,hassan-sn,F;M,314
GH,Ghana,surname,60,Raymond,raymond-sn,F;M,297
GH,Ghana,surname,61,Glover,glover-sn,F;M,135
GH,Ghana,surname,62,Power,power-sn,,129
GH,Ghana,surname,63,Alabi,alabi-sn,F;M,53
GH,Ghana,surname,64,Ma,ma-sn,F;M,48
GH,Ghana,surname,65,Amen,amen-sn,F;M,43
GH,Ghana,surname,66,Caroline,caroline-sn,,39
GH,Ghana,surname,67,Rahma,rahma-sn,F;M,36
GH,Ghana,surname,68,Seven,seven-sn,F;M,32
GH,Ghana,surname,69,Kalu,kalu-sn,F;M,27
GH,Ghana,surname,70,Morton,morton-sn,F;M,27
GH,Ghana,surname,71,Stephenson,stephenson-sn,F;M,25
GH,Ghana,surname,72,Zara,zara-sn,F;M,22
GH,Ghana,surname,73,Greene,greene-sn,F;M,21
GH,Ghana,surname,74,Tyler,tyler-sn,,21
GH,Ghana,surname,75,Rain,rain-sn,,20
GH,Ghana,surname,76,Abba,abba-sn,F;M,17
GH,Ghana,surname,77,Angelo,angelo-sn,,15
GH,Ghana,surname,78,Crespo,crespo-sn,F;M,11
GH,Ghana,surname,79,Ugwu,ugwu-sn,F;M,11
GH,Ghana,surname,80,Fatah,fatah-sn,M;F,9
GH,Ghana,surname,81,Kar,kar-sn,F;M,9
GH,Ghana,surname,82,Dia,dia-sn,,7
GH,Ghana,surname,83,Matta,matta-sn,F;M,7
GH,Ghana,surname,84,Santo,santo-sn,F;M,7
GH,Ghana,surname,85,Agha,agha-sn,F;M,6
GH,Ghana,surname,86,Chandler,chandler-sn,F;M,6
GH,Ghana,surname,87,Duma,duma-sn,F;M,6
GH,Ghana,surname,88,Jana,jana-sn,F;M,6
GH,Ghana,surname,89,Horton,horton-sn,F;M,5
GH,Ghana,surname,90,Rm,rm-sn,F;M,5
GH,Ghana,surname,91,Zidan,zidan-sn,F;M,5
GH,Ghana,surname,92,Angeles,angeles-sn,F;M,4
GH,Ghana,surname,93,Didi,didi-sn,F;M,4
GH,Ghana,surname,94,Fauzi,fauzi-sn,,4
GH,Ghana,surname,95,Hale,hale-sn,,4
GH,Ghana,surname,96,Hutchinson,hutchinson-sn,F;M,4
GH,Ghana,surname,97,Jannat,jannat-sn,F;M,4
GH,Ghana,surname,98,Ayesha,ayesha-sn,F;M,3
GH,Ghana,surname,99,Bowen,bowen-sn,F;M,3
GH,Ghana,surname,100,Fall,fall-sn,,3
GN,,surname,1,Keita,keita-sn,,3364
GR,Greece,forename,1,Elias,elias-fn,M,12430
GR,Greece,forename,2,Nikos,nikos-fn,M,9325
GR,Greece,forename,3,Dimitris,dimitris-fn,M,8591
GR,Greece,forename,4,George,george-fn,M,7566
GR,Greece,forename,5,Kostas,kostas-fn,M,4860
GR,Greece,forename,6,Giannis,giannis-fn,M,4724
GR,Greece,forename,7,Giorgos,giorgos-fn,M,4470
GR,Greece,forename,8,Γιώργος,giwrgos-fn,M,3841
GR,Greece,forename,9,Kateřina,katerina-fn,F,3704
GR,Greece,forename,10,Eleni,eleni-fn,F,3324
GR,Greece,forename,11,Anna,anna-fn,F;M,2840
GR,Greece,forename,12,Konstantinos,konstantinos-fn,M,2807
GR,Greece,forename,13,Γιάννης,giannhs-fn,M,2758
GR,Greece,forename,14,Panagiotis,panagiotis-fn,M,2658
GR,Greece,forename,15,Vasilis,vasilis-fn,M,2639
GR,Greece,forename,16,Δημήτρης,dhmhtrhs-fn,M,2630
GR,Greece,forename,17,Christos,christos-fn,M,2544
GR,Greece,forename,18,Elena,elena-fn,F;M,2285
GR,Greece,forename,19,Sofia,sofia-fn,F,2149
GR,Greece,forename,20,Alexandros,alexandros-fn,M,2085
GR,Greece,forename,21,Panos,panos-fn,M,1983
GR,Greece,forename,22,Antonis,antonis-fn,M,1921
GR,Greece,forename,23,Andreas,andreas-fn,M,1916
GR,Greece,forename,24,John,john-fn,M,1907
GR,Greece,forename,25,Dimitra,dimitra-fn,F,1597
GR,Greece,forename,26,Anastasia,anastasia-fn,F,1593
GR,Greece,forename,27,Ioannis,ioannis-fn,M,1542
GR,Greece,forename,28,Mohamed,mohamed-fn,M,1527
GR,Greece,forename,29,Muhammad,muhammad-fn,M;F,1527
GR,Greece,forename,30,Georgia,georgia-fn,F,1381
GR,Greece,forename,31,Petros,petros-fn,M,1373
GR,Greece,forename,32,Stelios,stelios-fn,M,1353
GR,Greece,forename,33,Christina,christina-fn,F,1351
GR,Greece,forename,34,Ioanna,ioanna-fn,F,1337
GR,Greece,forename,35,Spiros,spiros-fn,M,1335
GR,Greece,forename,36,Xristos,xristos-fn,M,1315
GR,Greece,forename,37,Ilias,ilias-fn,M,1298
GR,Greece,forename,38,Tasos,tasos-fn,M,1295
GR,Greece,forename,39,Marina,marina-fn,F,1284
GR,Greece,forename,40,Stella,stella-fn,F;M,1189
GR,Greece,forename,41,Stavros,stavros-fn,M,1177
GR,Greece,forename,42,Chris,chris-fn,M;F,1166
GR,Greece,forename,43,Georgios,georgios-fn,M,1133
GR,Greece,forename,44,Olga,olga-fn,F,1115
GR,Greece,forename,45,Manos,manos-fn,M,1110
GR,Greece,forename,46,Manolis,manolis-fn,M,1101
GR,Greece,forename,47,Thanasis,thanasis-fn,M,1092
GR,Greece,forename,48,Marios,marios-fn,M,1072
GR,Greece,forename,49,Alexandra,alexandra-fn,F,1066
GR,Greece,forename,50,Χρήστος,xrhstos-fn,M,1052
GR,Greece,forename,51,Stefanos,stefanos-fn,M,1004
GR,Greece,forename,52,Adeel,adeel-fn,F;M,96
GR,Greece,forename,53,Mikel,mikel-fn,M,90
GR,Greece,forename,54,Nazmi,nazmi-fn,M,65
GR,Greece,forename,55,Hakan,hakan-fn,F;M,63
GR,Greece,forename,56,Marilia,marilia-fn,F;M,48
GR,Greece,forename,57,Hilmi,hilmi-fn,F;M,42
GR,Greece,forename,58,Dil,dil-fn,F;M,39
GR,Greece,forename,59,Marin,marin-fn,F;M,38
GR,Greece,forename,60,Cihat,cihat-fn,F;M,28
GR,Greece,forename,61,Rina,rina-fn,F;M,26
GR,Greece,forename,62,Beata,beata-fn,F;M,24
GR,Greece,forename,63,Sissi,sissi-fn,F;M,24
GR,Greece,forename,64,Sofie,sofie-fn,F;M,24
GR,Greece,forename,65,Carolina,carolina-fn,F;M,23
GR,Greece,forename,66,Shan,shan-fn,F;M,22
GR,Greece,forename,67,Günay,gunay-fn,F,19
GR,Greece,forename,68,Sevil,sevil-fn,F,19
GR,Greece,forename,69,Cahit,cahit-fn,F;M,17
GR,Greece,forename,70,Krista,krista-fn,F;M,17
GR,Greece,forename,71,Manzoor,manzoor-fn,F;M,17
GR,Greece,forename,72,Vanda,vanda-fn,F;M,17
GR,Greece,forename,73,Gökhan,gokhan-fn,F;M,16
GR,Greece,forename,74,Maki,maki-fn,F;M,15
GR,Greece,forename,75,Wahab,wahab-fn,F;M,14
GR,Greece,forename,76,Sina,sina-fn,F;M,13
GR,Greece,forename,77,Emmy,emmy-fn,F;M,12
GR,Greece,forename,78,Lukman,lukman-fn,M,12
GR,Greece,forename,79,Krzysztof,krzysztof-fn,F;M,11
GR,Greece,forename,80,Pelin,pelin-fn,F;M,11
GR,Greece,forename,81,Elaine,elaine-fn,F;M,10
GR,Greece,forename,82,Ilkay,ilkay-fn,F;M,10
GR,Greece,forename,83,Saniye,saniye-fn,F;M,10
GR,Greece,forename,84,Zahir,zahir-fn,F;M,10
GR,Greece,forename,85,Ghassan,ghassan-fn,F;M,9
GR,Greece,forename,86,Hiba,hiba-fn,F;M,9
GR,Greece,forename,87,Rudolf,rudolf-fn,M,9
GR,Greece,forename,88,Hellen,hellen-fn,F,8
GR,Greece,forename,89,Polat,polat-fn,F;M,8
GR,Greece,forename,90,Zainab,zainab-fn,F;M,8
GR,Greece,forename,91,Fadia,fadia-fn,F;M,7
GR,Greece,forename,92,Leandra,leandra-fn,F;M,7
GR,Greece,forename,93,Rahmi,rahmi-fn,F;M,7
GR,Greece,forename,94,Valery,valery-fn,F;M,7
GR,Greece,forename,95,Ange,ange-fn,F;M,6
GR,Greece,forename,96,Manou,manou-fn,F;M,6
GR,Greece,forename,97,Ute,ute-fn,F;M,6
GR,Greece,forename,98,Debby,debby-fn,F;M,5
GR,Greece,forename,99,Faysal,faysal-fn,M,5
GR,Greece,forename,100,Gülşah,gulsah-fn,F,5
GR,Greece,surname,1,Lydia,lydia-sn,M;F,12430
GR,Greece,surname,2,Ali,ali-sn,M;F,3897
GR,Greece,surname,3,Singh,singh-sn,M;F,1662
GR,Greece,surname,4,Ahmed,ahmed-sn,M;F,1375
GR,Greece,surname,5,Papadopoulos,papadopoulos-sn,M,1249
GR,Greece,surname,6,Gujjar,gujjar-sn,M;F,1190
GR,Greece,surname,7,Hassan,hassan-sn,F;M,75
GR,Greece,surname,8,Terzi,terzi-sn,,61
GR,Greece,surname,9,Kar,kar-sn,F;M,60
GR,Greece,surname,10,Popa,popa-sn,F;M,49
GR,Greece,surname,11,Waqas,waqas-sn,,48
GR,Greece,surname,12,Vasile,vasile-sn,F;M,26
GR,Greece,surname,13,Ma,ma-sn,F;M,22
GR,Greece,surname,14,Zara,zara-sn,F;M,20
GR,Greece,surname,15,Angelo,angelo-sn,,19
GR,Greece,surname,16,Deva,deva-sn,F;M,18
GR,Greece,surname,17,Santo,santo-sn,F;M,15
GR,Greece,surname,18,Haidar,haidar-sn,F;M,14
GR,Greece,surname,19,Jana,jana-sn,F;M,12
GR,Greece,surname,20,Agha,agha-sn,F;M,10
GR,Greece,surname,21,Dağlı,dagli-sn,,10
GR,Greece,surname,22,Tarek,tarek-sn,M;F,10
GR,Greece,surname,23,Babul,babul-sn,,9
GR,Greece,surname,24,Mariam,mariam-sn,F;M,9
GR,Greece,surname,25,Didi,didi-sn,F;M,8
GR,Greece,surname,26,Fall,fall-sn,,8
GR,Greece,surname,27,Memiş,memis-sn,F;M,8
GR,Greece,surname,28,Ayman,ayman-sn,F;M,7
GR,Greece,surname,29,Фролова,frolova-sn,F;M,7
GR,Greece,surname,30,كوباني,kwbany-sn,,7
GR,Greece,surname,31,Loi,loi-sn,F;M,7
GR,Greece,surname,32,Николаев,nikolaev-sn,F;M,7
GR,Greece,surname,33,Zhao,zhao-sn,F;M,7
GR,Greece,surname,34,Gori,gori-sn,,6
GR,Greece,surname,35,Matta,matta-sn,F;M,6
GR,Greece,surname,36,Moro,moro-sn,F;M,6
GR,Greece,surname,37,Amen,amen-sn,F;M,5
GR,Greece,surname,38,Ayesha,ayesha-sn,F;M,5
GR,Greece,surname,39,Duma,duma-sn,F;M,5
GR,Greece,surname,40,Rm,rm-sn,F;M,5
GR,Greece,surname,41,Степанов,stepanov-sn,F;M,5
GR,Greece,surname,42,Filippi,filippi-sn,F;M,4
GR,Greece,surname,43,Le,le-sn,F;M,4
GR,Greece,surname,44,Warda,warda-sn,,4
GR,Greece,surname,45,Zidan,zidan-sn,F;M,4
GR,Greece,surname,46,Almasry,almasry-sn,,3
GR,Greece,surname,47,Damato,damato-sn,F;M,3
GR,Greece,surname,48,Dib,dib-sn,F;M,3
GR,Greece,surname,49,Groß,gross-sn,,3
GR,Greece,surname,50,Kandil,kandil-sn,,3
GR,Greece,surname,51,Power,power-sn,,3
GR,Greece,surname,52,Rain,rain-sn,,3
GR,Greece,surname,53,Seven,seven-sn,F;M,3
GR,Greece,surname,54,Ugwu,ugwu-sn,F;M,3
GR,Greece,surname,55,Viola,viola-sn,M;F,3
GR,Greece,surname,56,Zheng,zheng-sn,F;M,3
GR,Greece,surname,57,Angeles,angeles-sn,F;M,2
GR,Greece,surname,58,Bachir,bachir-sn,F;M,2
GR,Greece,surname,59,Baxter,baxter-sn,F;M,2
GR,Greece,surname,60,Crespo,crespo-sn,F;M,2
GR,Greece,surname,61,Dev,dev-sn,F;M,2
GR,Greece,surname,62,Dia,dia-sn,,2
GR,Greece,surname,63,Enrique,enrique-sn,F;M,2
GR,Greece,surname,64,Faria,faria-sn,,2
GR,Greece,surname,65,Jannat,jannat-sn,F;M,2
GR,Greece,surname,66,Manzano,manzano-sn,F;M,2
GR,Greece,surname,67,Mendonça,mendonca-sn,F;M,2
GR,Greece,surname,68,Michele,michele-sn,F;M,2
GR,Greece,surname,69,Mosaad,mosaad-sn,,2
GR,Greece,surname,70,Mosad,mosad-sn,F;M,2
GR,Greece,surname,71,Najwa,najwa-sn,F;M,2
GR,Greece,surname,72,Pagani,pagani-sn,F;M,2
GR,Greece,surname,73,Perri,perri-sn,F;M,2
GR,Greece,surname,74,Rathore,rathore-sn,F;M,2
GR,Greece,surname,75,Raymond,raymond-sn,F;M,2
GR,Greece,surname,76,Tyler,tyler-sn,,2
GT,Guatemala,forename,1,Jose,jose-fn,M;F,21967
GT,Guatemala,forename,2,Carlos,carlos-fn,M;F,20344
GT,Guatemala,forename,3,Luis,luis-fn,M;F,16672
GT,Guatemala,forename,4,Juan,juan-fn,M,12934
GT,Guatemala,forename,5,Mario,mario-fn,M,9203
GT,Guatemala,forename,6,Alex,alex-fn,M;F,8637
GT,Guatemala,forename,7,Jorge,jorge-fn,M,8264
GT,Guatemala,forename,8,Daniel,daniel-fn,M;F,7294
GT,Guatemala,forename,9,Ana,ana-fn,F;M,7066
GT,Guatemala,forename,10,Manuel,manuel-fn,M,6729
GT,Guatemala,forename,11,David,david-fn,M;F,6333
GT,Guatemala,forename,12,Edgar,edgar-fn,M,6152
GT,Guatemala,forename,13,Oscar,oscar-fn,M,5983
GT,Guatemala,forename,14,Mary,mary-fn,F,5865
GT,Guatemala,forename,15,Josue,josue-fn,M,5840
GT,Guatemala,forename,16,Fernando,fernando-fn,M,5774
GT,Guatemala,forename,17,Eduardo,eduardo-fn,M,5680
GT,Guatemala,forename,18,Julio,julio-fn,M,5544
GT,Guatemala,forename,19,Angel,angel-fn,F;M,5124
GT,Guatemala,forename,20,Alexander,alexander-fn,M,4939
GT,Guatemala,forename,21,Miguel,miguel-fn,M,4849
GT,Guatemala,forename,22,Antonio,antonio-fn,M;F,4834
GT,Guatemala,forename,23,Marvin,marvin-fn,M,4786
GT,Guatemala,forename,24,Estuardo,estuardo-fn,M,4770
GT,Guatemala,forename,25,Francisco,francisco-fn,M,4749
GT,Guatemala,forename,26,Pedro,pedro-fn,M,4627
GT,Guatemala,forename,27,Victor,victor-fn,M,4551
GT,Guatemala,forename,28,Kevin,kevin-fn,M,4499
GT,Guatemala,forename,29,Elizabeth,elizabeth-fn,F,4450
GT,Guatemala,forename,30,Cesar,cesar-fn,M,4435
GT,Guatemala,forename,31,Bryan,bryan-fn,M,4242
GT,Guatemala,forename,32,Cristian,cristian-fn,M,4218
GT,Guatemala,forename,33,Alejandro,alejandro-fn,M,4184
GT,Guatemala,forename,34,Sergio,sergio-fn,M,3964
GT,Guatemala,forename,35,Erick,erick-fn,M,3928
GT,Guatemala,forename,36,Edwin,edwin-fn,M,3838
GT,Guatemala,forename,37,Diego,diego-fn,M,3824
GT,Guatemala,forename,38,Sandra,sandra-fn,F,3610
GT,Guatemala,forename,39,Claudia,claudia-fn,F,3558
GT,Guatemala,forename,40,Roberto,roberto-fn,M,3409
GT,Guatemala,forename,41,Pablo,pablo-fn,M,3393
GT,Guatemala,forename,42,Hector,hector-fn,M,3380
GT,Guatemala,forename,43,Walter,walter-fn,M,3377
GT,Guatemala,forename,44,Alejandra,alejandra-fn,F,3351
GT,Guatemala,forename,45,Andrea,andrea-fn,F;M,3341
GT,Guatemala,forename,46,Byron,byron-fn,M,3246
GT,Guatemala,forename,47,Hugo,hugo-fn,M,3241
GT,Guatemala,forename,48,Fredy,fredy-fn,M,2922
GT,Guatemala,forename,49,Silvia,silvia-fn,F,2866
GT,Guatemala,forename,50,Brenda,brenda-fn,F,2857
GT,Guatemala,forename,51,Rosa,rosa-fn,F,2738
GT,Guatemala,forename,52,Mari,mari-fn,F,2727
GT,Guatemala,forename,53,Enrique,enrique-fn,M,2679
GT,Guatemala,forename,54,Carmen,carmen-fn,F,2633
GT,Guatemala,forename,55,Gustavo,gustavo-fn,M,2623
GT,Guatemala,forename,56,Wendy,wendy-fn,F,2598
GT,Guatemala,forename,57,Karla,karla-fn,F,2521
GT,Guatemala,forename,58,Paola,paola-fn,F,2507
GT,Guatemala,forename,59,Ricardo,ricardo-fn,M,2507
GT,Guatemala,forename,60,Henry,henry-fn,M,2478
GT,Guatemala,forename,61,Rolando,rolando-fn,M,2450
GT,Guatemala,forename,62,Carolina,carolina-fn,F;M,2441
GT,Guatemala,forename,63,Alfredo,alfredo-fn,M,2431
GT,Guatemala,forename,64,Marta,marta-fn,F,2413
GT,Guatemala,forename,65,Armando,armando-fn,M,2397
GT,Guatemala,forename,66,Mynor,mynor-fn,M,2384
GT,Guatemala,forename,67,Brayan,brayan-fn,M,2326
GT,Guatemala,forename,68,Jonathan,jonathan-fn,M,2299
GT,Guatemala,forename,69,Javier,javier-fn,M,2288
GT,Guatemala,forename,70,Marcos,marcos-fn,M,2284
GT,Guatemala,forename,71,Leonel,leonel-fn,M,2274
GT,Guatemala,forename,72,Elmer,elmer-fn,M,2251
GT,Guatemala,forename,73,Alberto,alberto-fn,M,2250
GT,Guatemala,forename,74,Juan Carlos,juan-carlos-fn,M,2229
GT,Guatemala,forename,75,Wilson,wilson-fn,M,2130
GT,Guatemala,forename,76,Gerson,gerson-fn,M,2128
GT,Guatemala,forename,77,Ingrid,ingrid-fn,F,2128
GT,Guatemala,forename,78,Marisol,marisol-fn,F,2093
GT,Guatemala,forename,79,Aracely,aracely-fn,F,2092
GT,Guatemala,forename,80,Samuel,samuel-fn,M;F,2089
GT,Guatemala,forename,81,Rudy,rudy-fn,M,2064
GT,Guatemala,forename,82,Karen,karen-fn,F;M,2063
GT,Guatemala,forename,83,Irma,irma-fn,F,2047
GT,Guatemala,forename,84,Marlon,marlon-fn,M,2025
GT,Guatemala,forename,85,Mayra,mayra-fn,F,2011
GT,Guatemala,forename,86,Isabel,isabel-fn,F,1954
GT,Guatemala,forename,87,William,william-fn,M,1927
GT,Guatemala,forename,88,Gabriela,gabriela-fn,F,1923
GT,Guatemala,forename,89,Maribel,maribel-fn,F,1904
GT,Guatemala,forename,90,Gloria,gloria-fn,F,1890
GT,Guatemala,forename,91,Joel,joel-fn,M,1881
GT,Guatemala,forename,92,Evelyn,evelyn-fn,F,1874
GT,Guatemala,forename,93,Gabriel,gabriel-fn,M,1863
GT,Guatemala,forename,94,Selvin,selvin-fn,M,1842
GT,Guatemala,forename,95,Andres,andres-fn,M;F,1830
GT,Guatemala,forename,96,Fernanda,fernanda-fn,F,1819
GT,Guatemala,forename,97,Blanca,blanca-fn,F,1817
GT,Guatemala,forename,98,Sonia,sonia-fn,F,1817
GT,Guatemala,forename,99,Vilma,vilma-fn,F,1809
GT,Guatemala,forename,100,Nelson,nelson-fn,M,1804
GT,Guatemala,surname,1,Lopez,lopez-sn,F;M,64197
GT,Guatemala,surname,2,Perez,perez-sn,F;M,38664
GT,Guatemala,surname,3,Garcia,garcia-sn,M;F,37732
GT,Guatemala,surname,4,Hernandez,hernandez-sn,M;F,33797
GT,Guatemala,surname,5,Morales,morales-sn,M;F,22487
GT,Guatemala,surname,6,Ramirez,ramirez-sn,M;F,19723
GT,Guatemala,surname,7,Gomez,gomez-sn,F;M,18136
GT,Guatemala,surname,8,Rodriguez,rodriguez-sn,F;M,11949
GT,Guatemala,surname,9,Vasquez,vasquez-sn,M;F,11834
GT,Guatemala,surname,10,Martinez,martinez-sn,F;M,11785
GT,Guatemala,surname,11,Mendez,mendez-sn,F;M,10036
GT,Guatemala,surname,12,De Leon,de-leon-sn,M;F,9696
GT,Guatemala,surname,13,Ramos,ramos-sn,M;F,9659
GT,Guatemala,surname,14,Reyes,reyes-sn,M;F,9184
GT,Guatemala,surname,15,Aguilar,aguilar-sn,M;F,8671
GT,Guatemala,surname,16,Castillo,castillo-sn,F;M,8669
GT,Guatemala,surname,17,Velasquez,velasquez-sn,M;F,7687
GT,Guatemala,surname,18,Gonzales,gonzales-sn,F;M,6377
GT,Guatemala,surname,19,Diaz,diaz-sn,F;M,6365
GT,Guatemala,surname,20,Estrada,estrada-sn,M;F,6083
GT,Guatemala,surname,21,Alvarez,alvarez-sn,F;M,6054
GT,Guatemala,surname,22,Alvarado,alvarado-sn,M;F,5956
GT,Guatemala,surname,23,Marroquin,marroquin-sn,,5871
GT,Guatemala,surname,24,Cruz,cruz-sn,F;M,5742
GT,Guatemala,surname,25,Mejia,mejia-sn,M;F,5636
GT,Guatemala,surname,26,Escobar,escobar-sn,M;F,5490
GT,Guatemala,surname,27,Caal,caal-sn,M;F,5450
GT,Guatemala,surname,28,Ortiz,ortiz-sn,M;F,5416
GT,Guatemala,surname,29,Mendoza,mendoza-sn,F;M,5385
GT,Guatemala,surname,30,Juarez,juarez-sn,F;M,5248
GT,Guatemala,surname,31,Barrios,barrios-sn,M;F,5213
GT,Guatemala,surname,32,Flores,flores-sn,F;M,5171
GT,Guatemala,surname,33,Castro,castro-sn,M;F,5097
GT,Guatemala,surname,34,Herrera,herrera-sn,F;M,4922
GT,Guatemala,surname,35,Santos,santos-sn,F;M,4426
GT,Guatemala,surname,36,Rivera,rivera-sn,M;F,4422
GT,Guatemala,surname,37,Rodas,rodas-sn,F;M,3937
GT,Guatemala,surname,38,Chavez,chavez-sn,M;F,3926
GT,Guatemala,surname,39,Pineda,pineda-sn,M;F,3924
GT,Guatemala,surname,40,Fuentes,fuentes-sn,M;F,3865
GT,Guatemala,surname,41,Ruiz,ruiz-sn,M;F,3723
GT,Guatemala,surname,42,Lemus,lemus-sn,M;F,3385
GT,Guatemala,surname,43,Contreras,contreras-sn,F;M,3366
GT,Guatemala,surname,44,Jimenez,jimenez-sn,F;M,3359
GT,Guatemala,surname,45,Salazar,salazar-sn,M;F,3347
GT,Guatemala,surname,46,Orellana,orellana-sn,M;F,3325
GT,Guatemala,surname,47,Mazariegos,mazariegos-sn,M;F,3322
GT,Guatemala,surname,48,Orozco,orozco-sn,F;M,3294
GT,Guatemala,surname,49,Gutierrez,gutierrez-sn,M;F,3286
GT,Guatemala,surname,50,Rosales,rosales-sn,F;M,3261
GT,Guatemala,surname,51,Sandoval,sandoval-sn,F;M,3247
GT,Guatemala,surname,52,Guzman,guzman-sn,F;M,3158
GT,Guatemala,surname,53,Maldonado,maldonado-sn,M;F,3110
GT,Guatemala,surname,54,Ordonez,ordonez-sn,M;F,3084
GT,Guatemala,surname,55,Cabrera,cabrera-sn,F;M,3059
GT,Guatemala,surname,56,Cardona,cardona-sn,M;F,3010
GT,Guatemala,surname,57,Cifuentes,cifuentes-sn,M;F,2912
GT,Guatemala,surname,58,Miranda,miranda-sn,F;M,2906
GT,Guatemala,surname,59,Vicente,vicente-sn,M;F,2891
GT,Guatemala,surname,60,Carrillo,carrillo-sn,M;F,2843
GT,Guatemala,surname,61,Guerra,guerra-sn,M;F,2733
GT,Guatemala,surname,62,Torres,torres-sn,F;M,2662
GT,Guatemala,surname,63,Osorio,osorio-sn,M;F,2651
GT,Guatemala,surname,64,Alonzo,alonzo-sn,M;F,2377
GT,Guatemala,surname,65,Monterroso,monterroso-sn,M;F,2336
GT,Guatemala,surname,66,Soto,soto-sn,M;F,2313
GT,Guatemala,surname,67,Figueroa,figueroa-sn,M;F,2276
GT,Guatemala,surname,68,Samayoa,samayoa-sn,M;F,2146
GT,Guatemala,surname,69,Franco,franco-sn,M;F,2134
GT,Guatemala,surname,70,Choc,choc-sn,M,1695
GT,Guatemala,surname,71,Rivas,rivas-sn,M;F,1215
GT,Guatemala,surname,72,Barrera,barrera-sn,M;F,1192
GT,Guatemala,surname,73,Solis,solis-sn,M;F,1184
GT,Guatemala,surname,74,Giron,giron-sn,M;F,1168
GT,Guatemala,surname,75,Argueta,argueta-sn,,1163
GT,Guatemala,surname,76,Muñoz,munoz-sn,F;M,1155
GT,Guatemala,surname,77,Molina,molina-sn,M;F,1149
GT,Guatemala,surname,78,Pop,pop-sn,M;F,1147
GT,Guatemala,surname,79,Lima,lima-sn,M;F,1099
GT,Guatemala,surname,80,Paz,paz-sn,F;M,1091
GT,Guatemala,surname,81,Romero,romero-sn,F;M,1065
GT,Guatemala,surname,82,De La Cruz,de-la-cruz-sn,M;F,1056
GT,Guatemala,surname,83,Vargas,vargas-sn,M;F,1049
GT,Guatemala,surname,84,Monroy,monroy-sn,M;F,1047
GT,Guatemala,surname,85,Lux,lux-sn,M,1037
GT,Guatemala,surname,86,Avila,avila-sn,F;M,1021
GT,Guatemala,surname,87,Enrique,enrique-sn,F;M,449
GT,Guatemala,surname,88,Mancilla,mancilla-sn,F;M,445
GT,Guatemala,surname,89,Espino,espino-sn,F;M,268
GT,Guatemala,surname,90,Erazo,erazo-sn,F;M,184
GT,Guatemala,surname,91,Castellano,castellano-sn,,157
GT,Guatemala,surname,92,Tejeda,tejeda-sn,F;M,146
GT,Guatemala,surname,93,Matta,matta-sn,F;M,143
GT,Guatemala,surname,94,Rm,rm-sn,F;M,129
GT,Guatemala,surname,95,Ma,ma-sn,F;M,81
GT,Guatemala,surname,96,Tirado,tirado-sn,F;M,52
GT,Guatemala,surname,97,Jurado,jurado-sn,F;M,46
GT,Guatemala,surname,98,Santo,santo-sn,F;M,40
GT,Guatemala,surname,99,Parra,parra-sn,F;M,35
GT,Guatemala,surname,100,Torre,torre-sn,F;M,35
HK,Hong Kong,forename,1,Chan,chan-fn,M;F,17581
HK,Hong Kong,forename,2,Wong,wong-fn,M;F,14703
HK,Hong Kong,forename,3,May,may-fn,F,9700
HK,Hong Kong,forename,4,Eric,eric-fn,M,8481
HK,Hong Kong,forename,5,Lam,lam-fn,M;F,8197
HK,Hong Kong,forename,6,Ken,ken-fn,M,7862
HK,Hong Kong,forename,7,Amy,amy-fn,F,7759
HK,Hong Kong,forename,8,Ming,ming-fn,M;F,7725
HK,Hong Kong,forename,9,Andy,andy-fn,M,7644
HK,Hong Kong,forename,10,Wing,wing-fn,M;F,7559
HK,Hong Kong,forename,11,Leung,leung-fn,F;M,7552
HK,Hong Kong,forename,12,Lee,lee-fn,M;F,7026
HK,Hong Kong,forename,13,Ho,ho-fn,M;F,6957
HK,Hong Kong,forename,14,Sam,sam-fn,M;F,6909
HK,Hong Kong,forename,15,Tony,tony-fn,M,6775
HK,Hong Kong,forename,16,Winnie,winnie-fn,F,6766
HK,Hong Kong,forename,17,Alex,alex-fn,M;F,6671
HK,Hong Kong,forename,18,Wai,wai-fn,M;F,6274
HK,Hong Kong,forename,19,Cheung,cheung-fn,M;F,6183
HK,Hong Kong,forename,20,Candy,candy-fn,F,6033
HK,Hong Kong,forename,21,Michael,michael-fn,M,5951
HK,Hong Kong,forename,22,Jason,jason-fn,M,5830
HK,Hong Kong,forename,23,Peter,peter-fn,M,5814
HK,Hong Kong,forename,24,Ling,ling-fn,F;M,5805
HK,Hong Kong,forename,25,Mandy,mandy-fn,F,5797
HK,Hong Kong,forename,26,Raymond,raymond-fn,M,5650
HK,Hong Kong,forename,27,Jenny,jenny-fn,F,5540
HK,Hong Kong,forename,28,Li,li-fn,F;M,5382
HK,Hong Kong,forename,29,David,david-fn,M;F,5360
HK,Hong Kong,forename,30,Simon,simon-fn,M,5340
HK,Hong Kong,forename,31,Jacky,jacky-fn,F;M,5183
HK,Hong Kong,forename,32,Yan,yan-fn,M;F,5059
HK,Hong Kong,forename,33,Alan,alan-fn,M,5056
HK,Hong Kong,forename,34,Kelvin,kelvin-fn,M,4825
HK,Hong Kong,forename,35,Joe,joe-fn,M,4816
HK,Hong Kong,forename,36,Maggie,maggie-fn,F,4750
HK,Hong Kong,forename,37,Fung,fung-fn,M;F,4647
HK,Hong Kong,forename,38,Kit,kit-fn,M;F,4634
HK,Hong Kong,forename,39,Ricky,ricky-fn,M,4607
HK,Hong Kong,forename,40,Angel,angel-fn,F;M,4540
HK,Hong Kong,forename,41,Lau,lau-fn,F;M,4520
HK,Hong Kong,forename,42,Connie,connie-fn,F,4511
HK,Hong Kong,forename,43,Eva,eva-fn,F,4504
HK,Hong Kong,forename,44,Gary,gary-fn,M,4418
HK,Hong Kong,forename,45,Sandy,sandy-fn,F;M,4367
HK,Hong Kong,forename,46,Ben,ben-fn,M,4313
HK,Hong Kong,forename,47,Ada,ada-fn,F,4251
HK,Hong Kong,forename,48,Wendy,wendy-fn,F,4238
HK,Hong Kong,forename,49,Shirley,shirley-fn,F,4188
HK,Hong Kong,forename,50,Ivy,ivy-fn,F,4164
HK,Hong Kong,forename,51,Ivan,ivan-fn,M,4133
HK,Hong Kong,forename,52,Alice,alice-fn,F,4114
HK,Hong Kong,forename,53,John,john-fn,M,4110
HK,Hong Kong,forename,54,Fanny,fanny-fn,F,4022
HK,Hong Kong,forename,55,Chris,chris-fn,M;F,4010
HK,Hong Kong,forename,56,Cindy,cindy-fn,F,3953
HK,Hong Kong,forename,57,Kenny,kenny-fn,M;F,3949
HK,Hong Kong,forename,58,Henry,henry-fn,M,3948
HK,Hong Kong,forename,59,Hung,hung-fn,M;F,3947
HK,Hong Kong,forename,60,Grace,grace-fn,F,3916
HK,Hong Kong,forename,61,Leo,leo-fn,M;F,3867
HK,Hong Kong,forename,62,Annie,annie-fn,F,3811
HK,Hong Kong,forename,63,Cherry,cherry-fn,F,3805
HK,Hong Kong,forename,64,Elaine,elaine-fn,F;M,3799
HK,Hong Kong,forename,65,Yu,yu-fn,F;M,3791
HK,Hong Kong,forename,66,Karen,karen-fn,F;M,3766
HK,Hong Kong,forename,67,Paul,paul-fn,M,3754
HK,Hong Kong,forename,68,Vincent,vincent-fn,M,3754
HK,Hong Kong,forename,69,Thomas,thomas-fn,M,3724
HK,Hong Kong,forename,70,Anna,anna-fn,F;M,3714
HK,Hong Kong,forename,71,William,william-fn,M,3714
HK,Hong Kong,forename,72,Ching,ching-fn,F;M,3710
HK,Hong Kong,forename,73,Michelle,michelle-fn,F,3666
HK,Hong Kong,forename,74,Emily,emily-fn,F,3648
HK,Hong Kong,forename,75,Kevin,kevin-fn,M,3644
HK,Hong Kong,forename,76,Patrick,patrick-fn,M,3644
HK,Hong Kong,forename,77,Lai,lai-fn,F;M,3637
HK,Hong Kong,forename,78,Tommy,tommy-fn,M,3592
HK,Hong Kong,forename,79,Helen,helen-fn,F,3491
HK,Hong Kong,forename,80,Ray,ray-fn,M,3479
HK,Hong Kong,forename,81,Joyce,joyce-fn,F,3461
HK,Hong Kong,forename,82,Ying,ying-fn,F,3441
HK,Hong Kong,forename,83,Jack,jack-fn,M,3387
HK,Hong Kong,forename,84,Lily,lily-fn,F,3380
HK,Hong Kong,forename,85,James,james-fn,M,3328
HK,Hong Kong,forename,86,Daniel,daniel-fn,M;F,3312
HK,Hong Kong,forename,87,Kenneth,kenneth-fn,M,3310
HK,Hong Kong,forename,88,Irene,irene-fn,F,3309
HK,Hong Kong,forename,89,Chun,chun-fn,M;F,3275
HK,Hong Kong,forename,90,Fai,fai-fn,M,3261
HK,Hong Kong,forename,91,Stephen,stephen-fn,M,3133
HK,Hong Kong,forename,92,Yeung,yeung-fn,M;F,3127
HK,Hong Kong,forename,93,Jimmy,jimmy-fn,M;F,3063
HK,Hong Kong,forename,94,Billy,billy-fn,M,3038
HK,Hong Kong,forename,95,Danny,danny-fn,M;F,3031
HK,Hong Kong,forename,96,Cheng,cheng-fn,M;F,3002
HK,Hong Kong,forename,97,Lo,lo-fn,F;M,2952
HK,Hong Kong,forename,98,Kwan,kwan-fn,M;F,2947
HK,Hong Kong,forename,99,Carmen,carmen-fn,F,2934
HK,Hong Kong,forename,100,Matthew,matthew-fn,M,2934
HK,Hong Kong,surname,1,Chan,chan-sn,M;F,172164
HK,Hong Kong,surname,2,Wong,wong-sn,M;F,150458
HK,Hong Kong,surname,3,Yeung,yeung-sn,,145911
HK,Hong Kong,surname,4,Lee,lee-sn,M;F,71307
HK,Hong Kong,surname,5,Leung,leung-sn,M;F,69440
HK,Hong Kong,surname,6,Lam,lam-sn,M;F,66893
HK,Hong Kong,surname,7,Cheung,cheung-sn,M;F,63629
HK,Hong Kong,surname,8,Ng,ng-sn,M;F,60774
HK,Hong Kong,surname,9,Lau,lau-sn,M;F,52233
HK,Hong Kong,surname,10,Ho,ho-sn,M;F,49139
HK,Hong Kong,surname,11,Li,li-sn,F;M,48694
HK,Hong Kong,surname,12,Cheng,cheng-sn,F;M,33569
HK,Hong Kong,surname,13,Lai,lai-sn,M;F,30635
HK,Hong Kong,surname,14,Lo,lo-sn,M;F,28678
HK,Hong Kong,surname,15,Tang,tang-sn,F;M,26574
HK,Hong Kong,surname,16,Tsang,tsang-sn,M;F,23815
HK,Hong Kong,surname,17,Chow,chow-sn,M;F,23100
HK,Hong Kong,surname,18,Kwok,kwok-sn,M;F,22995
HK,Hong Kong,surname,19,Fung,fung-sn,M;F,22470
HK,Hong Kong,surname,20,Chung,chung-sn,M;F,21960
HK,Hong Kong,surname,21,Yu,yu-sn,M;F,20944
HK,Hong Kong,surname,22,Tam,tam-sn,M;F,20697
HK,Hong Kong,surname,23,Law,law-sn,M;F,18768
HK,Hong Kong,surname,24,Yip,yip-sn,M;F,18386
HK,Hong Kong,surname,25,Tse,tse-sn,M;F,17853
HK,Hong Kong,surname,26,So,so-sn,F;M,17223
HK,Hong Kong,surname,27,Chu,chu-sn,M;F,17022
HK,Hong Kong,surname,28,Liu,liu-sn,F;M,16457
HK,Hong Kong,surname,29,Wu,wu-sn,F;M,15407
HK,Hong Kong,surname,30,Mak,mak-sn,,15224
HK,Hong Kong,surname,31,Choi,choi-sn,M;F,15137
HK,Hong Kong,surname,32,Hui,hui-sn,M;F,14746
HK,Hong Kong,surname,33,Ma,ma-sn,F;M,14568
HK,Hong Kong,surname,34,Yuen,yuen-sn,M;F,13805
HK,Hong Kong,surname,35,Yau,yau-sn,,13492
HK,Hong Kong,surname,36,Chiu,chiu-sn,,12811
HK,Hong Kong,surname,37,Kwan,kwan-sn,M;F,11676
HK,Hong Kong,surname,38,Chau,chau-sn,M;F,11528
HK,Hong Kong,surname,39,Au,au-sn,M;F,11373
HK,Hong Kong,surname,40,Poon,poon-sn,M;F,11220
HK,Hong Kong,surname,41,Wan,wan-sn,M;F,11075
HK,Hong Kong,surname,42,Hung,hung-sn,M;F,11010
HK,Hong Kong,surname,43,Lui,lui-sn,M;F,10797
HK,Hong Kong,surname,44,Siu,siu-sn,,9654
HK,Hong Kong,surname,45,Man,man-sn,M;F,9393
HK,Hong Kong,surname,46,Chen,chen-sn,F;M,9358
HK,Hong Kong,surname,47,Tong,tong-sn,M;F,8796
HK,Hong Kong,surname,48,Tsui,tsui-sn,M;F,8758
HK,Hong Kong,surname,49,Pang,pang-sn,M;F,8566
HK,Hong Kong,surname,50,Ip,ip-sn,,8482
HK,Hong Kong,surname,51,Fong,fong-sn,F;M,8343
HK,Hong Kong,surname,52,Kwong,kwong-sn,F;M,7492
HK,Hong Kong,surname,53,Kong,kong-sn,M;F,7250
HK,Hong Kong,surname,54,Mok,mok-sn,M;F,7228
HK,Hong Kong,surname,55,Ko,ko-sn,,6938
HK,Hong Kong,surname,56,Lin,lin-sn,F;M,6466
HK,Hong Kong,surname,57,Wang,wang-sn,F;M,6267
HK,Hong Kong,surname,58,Yan,yan-sn,,6206
HK,Hong Kong,surname,59,To,to-sn,M;F,6175
HK,Hong Kong,surname,60,Chong,chong-sn,M;F,6162
HK,Hong Kong,surname,61,Ling,ling-sn,M;F,6120
HK,Hong Kong,surname,62,Yiu,yiu-sn,M;F,6059
HK,Hong Kong,surname,63,Luk,luk-sn,,5760
HK,Hong Kong,surname,64,Fan,fan-sn,F;M,5524
HK,Hong Kong,surname,65,Ng,ng-fn,M;F,5323
HK,Hong Kong,surname,66,Chui,chui-sn,,5250
HK,Hong Kong,surname,67,Yung,yung-sn,M;F,5150
HK,Hong Kong,surname,68,Sin,sin-sn,M;F,5141
HK,Hong Kong,surname,69,Zhang,zhang-sn,F;M,4798
HK,Hong Kong,surname,70,Wai,wai-sn,,4689
HK,Hong Kong,surname,71,Tsoi,tsoi-sn,M;F,4458
HK,Hong Kong,surname,72,Ching,ching-sn,F;M,4300
HK,Hong Kong,surname,73,Sze,sze-sn,F;M,4260
HK,Hong Kong,surname,74,Tai,tai-sn,,4256
HK,Hong Kong,surname,75,Fu,fu-sn,F;M,4246
HK,Hong Kong,surname,76,Huang,huang-sn,F;M,3977
HK,Hong Kong,surname,77,Yim,yim-sn,M;F,3855
HK,Hong Kong,surname,78,Ngai,ngai-sn,M;F,3772
HK,Hong Kong,surname,79,Shum,shum-sn,M;F,3759
HK,Hong Kong,surname,80,Kam,kam-sn,M;F,3678
HK,Hong Kong,surname,81,Yang,yang-sn,F;M,3674
HK,Hong Kong,surname,82,Kan,kan-sn,,3627
HK,Hong Kong,surname,83,Chang,chang-sn,F;M,3507
HK,Hong Kong,surname,84,Choy,choy-sn,M;F,3463
HK,Hong Kong,surname,85,Suen,suen-sn,M;F,3115
HK,Hong Kong,surname,86,Lok,lok-sn,M;F,3078
HK,Hong Kong,surname,87,Shek,shek-sn,M;F,2996
HK,Hong Kong,surname,88,Woo,woo-sn,,2933
HK,Hong Kong,surname,89,Sun,sun-sn,,2918
HK,Hong Kong,surname,90,Tung,tung-sn,F;M,2828
HK,Hong Kong,surname,91,Fok,fok-sn,M;F,2802
HK,Hong Kong,surname,92,Pun,pun-sn,,2797
HK,Hong Kong,surname,93,Mo,mo-sn,M;F,2792
HK,Hong Kong,surname,94,Ngan,ngan-sn,M;F,2739
HK,Hong Kong,surname,95,Ting,ting-sn,F;M,2683
HK,Hong Kong,surname,96,Gurung,gurung-sn,M;F,2612
HK,Hong Kong,surname,97,Wing,wing-sn,M;F,2472
HK,Hong Kong,surname,98,Hon,hon-sn,M;F,2407
HK,Hong Kong,surname,99,Ming,ming-sn,M,1919
HK,Hong Kong,surname,100,Ying,ying-sn,F,1662
HN,Honduras,forename,1,Carolina,carolina-fn,F;M,36
HN,Honduras,forename,2,Nery,nery-fn,F;M,10
HN,Honduras,forename,3,Elena,elena-fn,F;M,8
HN,Honduras,forename,4,Yohana,yohana-fn,F;M,4
HN,Honduras,forename,5,Marin,marin-fn,F;M,3
HN,Honduras,forename,6,Heidy,heidy-fn,F;M,2
HN,Honduras,forename,7,Marcio,marcio-fn,F;M,2
HN,Honduras,forename,8,Paz,paz-fn,F;M,2
HN,Honduras,forename,9,Vidal,vidal-fn,F;M,2
HN,Honduras,surname,1,Erazo,erazo-sn,F;M,27
HN,Honduras,surname,2,Castellano,castellano-sn,,8
HN,Honduras,surname,3,Espino,espino-sn,F;M,5
HN,Honduras,surname,4,Enrique,enrique-sn,F;M,3
HN,Honduras,surname,5,Viera,viera-sn,,2
HR,Croatia,forename,1,Ivan,ivan-fn,M,18598
HR,Croatia,forename,2,Ivana,ivana-fn,F,12185
HR,Croatia,forename,3,Marko,marko-fn,M,11169
HR,Croatia,forename,4,Ana,ana-fn,F;M,10626
HR,Croatia,forename,5,Josip,josip-fn,F;M,9468
HR,Croatia,forename,6,Marija,marija-fn,F,8014
HR,Croatia,forename,7,Tomislav,tomislav-fn,M,7474
HR,Croatia,forename,8,Luka,luka-fn,M,6959
HR,Croatia,forename,9,Mario,mario-fn,M,6852
HR,Croatia,forename,10,Ante,ante-fn,M,5709
HR,Croatia,forename,11,Ivica,ivica-fn,M,4613
HR,Croatia,forename,12,Marina,marina-fn,F,4397
HR,Croatia,forename,13,Nikola,nikola-fn,F;M,4381
HR,Croatia,forename,14,Martina,martina-fn,F,4317
HR,Croatia,forename,15,Filip,filip-fn,M,4082
HR,Croatia,forename,16,Antonio,antonio-fn,M;F,4048
HR,Croatia,forename,17,Maja,maja-fn,F,3970
HR,Croatia,forename,18,Željko,zeljko-fn,M,3953
HR,Croatia,forename,19,Petra,petra-fn,F,3839
HR,Croatia,forename,20,Goran,goran-fn,M,3771
HR,Croatia,forename,21,Kristina,kristina-fn,F,3744
HR,Croatia,forename,22,Damir,damir-fn,M,3713
HR,Croatia,forename,23,Katarina,katarina-fn,F,3554
HR,Croatia,forename,24,Matija,matija-fn,M,3342
HR,Croatia,forename,25,Marin,marin-fn,F;M,3322
HR,Croatia,forename,26,Petar,petar-fn,M,3274
HR,Croatia,forename,27,Sanja,sanja-fn,F,3246
HR,Croatia,forename,28,Iva,iva-fn,F,3120
HR,Croatia,forename,29,Mirjana,mirjana-fn,F,3106
HR,Croatia,forename,30,Lucija,lucija-fn,F,3084
HR,Croatia,forename,31,Karlo,karlo-fn,M,3048
HR,Croatia,forename,32,Nikolina,nikolina-fn,F,3047
HR,Croatia,forename,33,Dragana,dragana-fn,F,3000
HR,Croatia,forename,34,Igor,igor-fn,M,2946
HR,Croatia,forename,35,Jelena,jelena-fn,F,2863
HR,Croatia,forename,36,Vesna,vesna-fn,F,2755
HR,Croatia,forename,37,Robert,robert-fn,M,2738
HR,Croatia,forename,38,Marijana,marijana-fn,F,2705
HR,Croatia,forename,39,Danijel,danijel-fn,M,2689
HR,Croatia,forename,40,Stjepan,stjepan-fn,M,2672
HR,Croatia,forename,41,Hrvoje,hrvoje-fn,M,2671
HR,Croatia,forename,42,Anita,anita-fn,F,2553
HR,Croatia,forename,43,Zoran,zoran-fn,M,2547
HR,Croatia,forename,44,Davor,davor-fn,M,2520
HR,Croatia,forename,45,Darko,darko-fn,M,2501
HR,Croatia,forename,46,Dario,dario-fn,M,2403
HR,Croatia,forename,47,Matea,matea-fn,F,2402
HR,Croatia,forename,48,Josipa,josipa-fn,F,2398
HR,Croatia,forename,49,Matěj,matej-fn,M,2369
HR,Croatia,forename,50,Valentina,valentina-fn,F,2320
HR,Croatia,forename,51,Danijela,danijela-fn,F,2306
HR,Croatia,forename,52,Kristijan,kristijan-fn,M,2272
HR,Croatia,forename,53,Toni,toni-fn,M;F,2233
HR,Croatia,forename,54,Domagoj,domagoj-fn,M,2160
HR,Croatia,forename,55,Dominik,dominik-fn,M,2115
HR,Croatia,forename,56,Gordana,gordana-fn,F,2100
HR,Croatia,forename,57,Mladen,mladen-fn,M,2092
HR,Croatia,forename,58,Sandra,sandra-fn,F,2078
HR,Croatia,forename,59,Sara,sara-fn,F;M,2063
HR,Croatia,forename,60,Alen,alen-fn,M,2035
HR,Croatia,forename,61,Mateo,mateo-fn,M,1925
HR,Croatia,forename,62,Marijan,marijan-fn,M,1798
HR,Croatia,forename,63,Dino,dino-fn,M,1791
HR,Croatia,forename,64,Andrea,andrea-fn,F;M,1779
HR,Croatia,forename,65,David,david-fn,M;F,1773
HR,Croatia,forename,66,Antonija,antonija-fn,F,1755
HR,Croatia,forename,67,Tea,tea-fn,F,1749
HR,Croatia,forename,68,Bruno,bruno-fn,M,1746
HR,Croatia,forename,69,Denis,denis-fn,M;F,1743
HR,Croatia,forename,70,Boris,boris-fn,M,1680
HR,Croatia,forename,71,Nada,nada-fn,F;M,1658
HR,Croatia,forename,72,Vedran,vedran-fn,M,1641
HR,Croatia,forename,73,Lana,lana-fn,F,1631
HR,Croatia,forename,74,Snježana,snjezana-fn,F,1631
HR,Croatia,forename,75,Nina,nina-fn,F,1619
HR,Croatia,forename,76,Zlatko,zlatko-fn,M,1547
HR,Croatia,forename,77,Željka,zeljka-fn,F,1542
HR,Croatia,forename,78,Ljiljana,ljiljana-fn,F,1536
HR,Croatia,forename,79,Suzana,suzana-fn,F,1514
HR,Croatia,forename,80,Mihael,mihael-fn,M,1505
HR,Croatia,forename,81,Branko,branko-fn,M,1497
HR,Croatia,forename,82,Jasna,jasna-fn,F,1493
HR,Croatia,forename,83,Miroslav,miroslav-fn,M,1482
HR,Croatia,forename,84,Ivona,ivona-fn,F,1459
HR,Croatia,forename,85,Branka,branka-fn,F,1445
HR,Croatia,forename,86,Mate,mate-fn,M,1439
HR,Croatia,forename,87,Milan,milan-fn,M,1438
HR,Croatia,forename,88,Renata,renata-fn,F,1437
HR,Croatia,forename,89,Jadranka,jadranka-fn,F,1403
HR,Croatia,forename,90,Lidija,lidija-fn,F,1398
HR,Croatia,forename,91,Martin,martin-fn,M,1398
HR,Croatia,forename,92,Monika,monika-fn,F,1379
HR,Croatia,forename,93,Mia,mia-fn,F,1368
HR,Croatia,forename,94,Ivanka,ivanka-fn,F,1342
HR,Croatia,forename,95,Dora,dora-fn,F,1336
HR,Croatia,forename,96,Barbara,barbara-fn,F,1333
HR,Croatia,forename,97,Dragan,dragan-fn,M,1329
HR,Croatia,forename,98,Ines,ines-fn,F,1323
HR,Croatia,forename,99,Ivo,ivo-fn,M,1323
HR,Croatia,forename,100,Mirko,mirko-fn,M,1322
HR,Croatia,surname,1,Sever,sever-sn,,4364
HR,Croatia,surname,2,Horvat,horvat-sn,M;F,2903
HR,Croatia,surname,3,Ma,ma-sn,F;M,61
HR,Croatia,surname,4,Moro,moro-sn,F;M,38
HR,Croatia,surname,5,Jana,jana-sn,F;M,33
HR,Croatia,surname,6,Le,le-sn,F;M,25
HR,Croatia,surname,7,Santo,santo-sn,F;M,25
HR,Croatia,surname,8,Zara,zara-sn,F;M,25
HR,Croatia,surname,9,Seven,seven-sn,F;M,6
HR,Croatia,surname,10,Viola,viola-sn,M;F,6
HR,Croatia,surname,11,Angelo,angelo-sn,,5
HR,Croatia,surname,12,Hale,hale-sn,,5
HR,Croatia,surname,13,Kar,kar-sn,F;M,5
HR,Croatia,surname,14,Deva,deva-sn,F;M,4
HR,Croatia,surname,15,Didi,didi-sn,F;M,4
HR,Croatia,surname,16,Duma,duma-sn,F;M,4
HR,Croatia,surname,17,Torre,torre-sn,F;M,4
HR,Croatia,surname,18,Colucci,colucci-sn,F;M,3
HR,Croatia,surname,19,Dev,dev-sn,F;M,3
HR,Croatia,surname,20,Groß,gross-sn,,3
HR,Croatia,surname,21,Rm,rm-sn,F;M,3
HR,Croatia,surname,22,Степанов,stepanov-sn,F;M,3
HR,Croatia,surname,23,Vasile,vasile-sn,F;M,3
HR,Croatia,surname,24,Zheng,zheng-sn,F;M,3
HR,Croatia,surname,25,Dia,dia-sn,,2
HR,Croatia,surname,26,Dib,dib-sn,F;M,2
HR,Croatia,surname,27,Maurer,maurer-sn,F;M,2
HR,Croatia,surname,28,Memiş,memis-sn,F;M,2
HR,Croatia,surname,29,Popa,popa-sn,F;M,2
HR,Croatia,surname,30,Power,power-sn,,2
HR,Croatia,surname,31,Rain,rain-sn,,2
HR,Croatia,surname,32,Schmid,schmid-sn,F;M,2
HR,Croatia,surname,33,Tyler,tyler-sn,,2
HT,Haiti,forename,1,Manou,manou-fn,F;M,14
HT,Haiti,forename,2,Magalie,magalie-fn,F,10
HT,Haiti,forename,3,Emmanuella,emmanuella-fn,F;M,4
HT,Haiti,forename,4,Ange,ange-fn,F;M,3
HT,Haiti,forename,5,Valery,valery-fn,F;M,2
HT,Haiti,surname,1,Charles,charles-sn,,15000
HT,Haiti,surname,2,Raymond,raymond-sn,F;M,16
HT,Haiti,surname,3,Chevalier,chevalier-sn,F;M,4
HT,Haiti,surname,4,Bonnet,bonnet-sn,F;M,3
HU,Hungary,forename,1,Peter,peter-fn,M,5424
HU,Hungary,forename,2,László,laszlo-fn,M,5300
HU,Hungary,forename,3,Gábor,gabor-fn,M,5036
HU,Hungary,forename,4,Zoltán,zoltan-fn,M,4930
HU,Hungary,forename,5,Attila,attila-fn,M,4914
HU,Hungary,forename,6,Tamás,tamas-fn,M,4591
HU,Hungary,forename,7,István,istvan-fn,M,4174
HU,Hungary,forename,8,Zsolt,zsolt-fn,M,3914
HU,Hungary,forename,9,Andrea,andrea-fn,F;M,3093
HU,Hungary,forename,10,Katalin,katalin-fn,F,3033
HU,Hungary,forename,11,Eva,eva-fn,F,3002
HU,Hungary,forename,12,János,janos-fn,M,2985
HU,Hungary,forename,13,Csaba,csaba-fn,M,2957
HU,Hungary,forename,14,Ferenc,ferenc-fn,M,2901
HU,Hungary,forename,15,József,jozsef-fn,M,2891
HU,Hungary,forename,16,Judit,judit-fn,F,2795
HU,Hungary,forename,17,Balázs,balazs-fn,M,2745
HU,Hungary,forename,18,Tibor,tibor-fn,M,2519
HU,Hungary,forename,19,Sándor,sandor-fn,M,2487
HU,Hungary,forename,20,Krisztina,krisztina-fn,F,2478
HU,Hungary,forename,21,András,andras-fn,M,2459
HU,Hungary,forename,22,Erika,erika-fn,F,2289
HU,Hungary,forename,23,Zsuzsanna,zsuzsanna-fn,F,2220
HU,Hungary,forename,24,Anna,anna-fn,F;M,2141
HU,Hungary,forename,25,Ildikó,ildiko-fn,F,2117
HU,Hungary,forename,26,Eszter,eszter-fn,F,2042
HU,Hungary,forename,27,Adam,adam-fn,M,2003
HU,Hungary,forename,28,David,david-fn,M;F,1983
HU,Hungary,forename,29,Agnes,agnes-fn,F,1929
HU,Hungary,forename,30,Anita,anita-fn,F,1859
HU,Hungary,forename,31,Bence,bence-fn,M,1834
HU,Hungary,forename,32,Norbert,norbert-fn,M,1786
HU,Hungary,forename,33,Szilvia,szilvia-fn,F,1781
HU,Hungary,forename,34,Gabriella,gabriella-fn,F,1741
HU,Hungary,forename,35,Krisztián,krisztian-fn,M,1676
HU,Hungary,forename,36,Daniel,daniel-fn,M;F,1610
HU,Hungary,forename,37,Monika,monika-fn,F,1583
HU,Hungary,forename,38,György,gyorgy-fn,M,1503
HU,Hungary,forename,39,Erzsébet,erzsebet-fn,F,1457
HU,Hungary,forename,40,Robert,robert-fn,M,1454
HU,Hungary,forename,41,Mate,mate-fn,M,1432
HU,Hungary,forename,42,Imre,imre-fn,M,1404
HU,Hungary,forename,43,Viktoria,viktoria-fn,F,1367
HU,Hungary,forename,44,Edit,edit-fn,F,1364
HU,Hungary,forename,45,Anikó,aniko-fn,F,1317
HU,Hungary,forename,46,Gergő,gergo-fn,M,1311
HU,Hungary,forename,47,Roland,roland-fn,M,1262
HU,Hungary,forename,48,Gergely,gergely-fn,M,1240
HU,Hungary,forename,49,Szabolcs,szabolcs-fn,M,1231
HU,Hungary,forename,50,Dora,dora-fn,F,1206
HU,Hungary,forename,51,Tímea,timea-fn,F,1197
HU,Hungary,forename,52,Lajos,lajos-fn,M,1193
HU,Hungary,forename,53,Zsuzsa,zsuzsa-fn,F,1189
HU,Hungary,forename,54,Réka,reka-fn,F,1171
HU,Hungary,forename,55,Alexandra,alexandra-fn,F,1149
HU,Hungary,forename,56,Csilla,csilla-fn,F,1129
HU,Hungary,forename,57,Adrienn,adrienn-fn,F,1122
HU,Hungary,forename,58,Kata,kata-fn,F,1118
HU,Hungary,forename,59,Gyula,gyula-fn,M,1096
HU,Hungary,forename,60,Ákos,akos-fn,M,1089
HU,Hungary,forename,61,Ilona,ilona-fn,F,1088
HU,Hungary,forename,62,Viktor,viktor-fn,M,1082
HU,Hungary,forename,63,Mark,mark-fn,M,1037
HU,Hungary,forename,64,Rita,rita-fn,F,1036
HU,Hungary,forename,65,Barbara,barbara-fn,F,1034
HU,Hungary,forename,66,Bálint,balint-fn,M,1030
HU,Hungary,forename,67,Nikolett,nikolett-fn,F,1023
HU,Hungary,forename,68,Melinda,melinda-fn,F,1013
HU,Hungary,forename,69,Vanda,vanda-fn,F;M,219
HU,Hungary,forename,70,Rudolf,rudolf-fn,M,134
HU,Hungary,forename,71,Beata,beata-fn,F;M,125
HU,Hungary,forename,72,Elena,elena-fn,F;M,73
HU,Hungary,forename,73,Stella,stella-fn,F;M,51
HU,Hungary,forename,74,Inez,inez-fn,F;M,41
HU,Hungary,forename,75,Sina,sina-fn,F;M,19
HU,Hungary,forename,76,Marin,marin-fn,F;M,11
HU,Hungary,forename,77,Maximilian,maximilian-fn,F;M,8
HU,Hungary,forename,78,Carolina,carolina-fn,F;M,6
HU,Hungary,forename,79,Hakan,hakan-fn,F;M,5
HU,Hungary,forename,80,Boy,boy-fn,M,4
HU,Hungary,forename,81,Rina,rina-fn,F;M,4
HU,Hungary,forename,82,Beate,beate-fn,F;M,3
HU,Hungary,forename,83,Josip,josip-fn,F;M,3
HU,Hungary,forename,84,Maki,maki-fn,F;M,3
HU,Hungary,forename,85,Mariska,mariska-fn,F;M,3
HU,Hungary,forename,86,Patti,patti-fn,F;M,3
HU,Hungary,forename,87,Sissi,sissi-fn,F;M,3
HU,Hungary,forename,88,Wail,wail-fn,F;M,3
HU,Hungary,forename,89,Xuan,xuan-fn,F;M,3
HU,Hungary,forename,90,Yury,yury-fn,F;M,3
HU,Hungary,forename,91,Anneke,anneke-fn,F;M,2
HU,Hungary,forename,92,Ash,ash-fn,F;M,2
HU,Hungary,forename,93,Ayoub,ayoub-fn,M,2
HU,Hungary,forename,94,Emmy,emmy-fn,F;M,2
HU,Hungary,forename,95,Ghada,ghada-fn,F;M,2
HU,Hungary,forename,96,Ghassan,ghassan-fn,F;M,2
HU,Hungary,forename,97,Hiba,hiba-fn,F;M,2
HU,Hungary,forename,98,Noora,noora-fn,F;M,2
HU,Hungary,forename,99,Pier,pier-fn,F;M,2
HU,Hungary,forename,100,Rahmi,rahmi-fn,F;M,2
HU,Hungary,surname,1,Balogh,balogh-sn,F;M,13462
HU,Hungary,surname,2,Nagy,nagy-sn,F;M,6109
HU,Hungary,surname,3,Kovács,kovacs-sn,M;F,4738
HU,Hungary,surname,4,Tóth,toth-sn,M;F,4473
HU,Hungary,surname,5,Szabó,szabo-sn,M;F,4368
HU,Hungary,surname,6,Horváth,horvath-sn,M;F,4090
HU,Hungary,surname,7,Kiss,kiss-sn,M;F,3658
HU,Hungary,surname,8,Varga,varga-sn,M;F,3359
HU,Hungary,surname,9,Molnár,molnar-sn,M;F,2256
HU,Hungary,surname,10,László,laszlo-sn,M,1379
HU,Hungary,surname,11,Gábor,gabor-sn,M,1159
HU,Hungary,surname,12,Németh,nemeth-sn,M,1149
HU,Hungary,surname,13,Tamás,tamas-sn,M,1145
HU,Hungary,surname,14,Zoltán,zoltan-sn,M,1088
HU,Hungary,surname,15,Peter,peter-sn,M;F,1056
HU,Hungary,surname,16,Farkas,farkas-sn,M,1032
HU,Hungary,surname,17,Viola,viola-sn,M;F,52
HU,Hungary,surname,18,Hassan,hassan-sn,F;M,27
HU,Hungary,surname,19,Ma,ma-sn,F;M,22
HU,Hungary,surname,20,Zhao,zhao-sn,F;M,20
HU,Hungary,surname,21,Maurer,maurer-sn,F;M,19
HU,Hungary,surname,22,Popa,popa-sn,F;M,15
HU,Hungary,surname,23,Dia,dia-sn,,14
HU,Hungary,surname,24,Le,le-sn,F;M,14
HU,Hungary,surname,25,Schmid,schmid-sn,F;M,12
HU,Hungary,surname,26,Zheng,zheng-sn,F;M,10
HU,Hungary,surname,27,Duma,duma-sn,F;M,8
HU,Hungary,surname,28,Agha,agha-sn,F;M,7
HU,Hungary,surname,29,Vasile,vasile-sn,F;M,6
HU,Hungary,surname,30,Bruce,bruce-sn,F;M,5
HU,Hungary,surname,31,Groß,gross-sn,,5
HU,Hungary,surname,32,Zara,zara-sn,F;M,5
HU,Hungary,surname,33,Moro,moro-sn,F;M,4
HU,Hungary,surname,34,Ayman,ayman-sn,F;M,3
HU,Hungary,surname,35,Caroline,caroline-sn,,3
HU,Hungary,surname,36,Jana,jana-sn,F;M,3
HU,Hungary,surname,37,Angelo,angelo-sn,,2
HU,Hungary,surname,38,Kalu,kalu-sn,F;M,2
HU,Hungary,surname,39,Mariam,mariam-sn,F;M,2
HU,Hungary,surname,40,Matta,matta-sn,F;M,2
HU,Hungary,surname,41,Osullivan,osullivan-sn,F;M,2
HU,Hungary,surname,42,Santo,santo-sn,F;M,2
HU,Hungary,surname,43,Taşçı,tasci-sn,F;M,2
HU,Hungary,surname,44,Tejeda,tejeda-sn,F;M,2
ID,Indonesia,forename,1,Ishaq,ishaq-fn,M,4561
ID,Indonesia,forename,2,Ade,ade-fn,M,4554
ID,Indonesia,forename,3,Adhan,adhan-fn,M,4554
ID,Indonesia,forename,4,Sule,sule-fn,M,2364
ID,Indonesia,forename,5,Rina,rina-fn,F;M,146
ID,Indonesia,forename,6,Lukman,lukman-fn,M,87
ID,Indonesia,forename,7,Boy,boy-fn,M,39
ID,Indonesia,forename,8,Debby,debby-fn,F;M,29
ID,Indonesia,forename,9,Aisyah,aisyah-fn,F;M,28
ID,Indonesia,forename,10,Emmy,emmy-fn,F;M,28
ID,Indonesia,forename,11,Yohana,yohana-fn,F;M,28
ID,Indonesia,forename,12,Stella,stella-fn,F;M,22
ID,Indonesia,forename,13,Carolina,carolina-fn,F;M,12
ID,Indonesia,forename,14,Chika,chika-fn,F;M,12
ID,Indonesia,forename,15,Anneke,anneke-fn,F;M,10
ID,Indonesia,forename,16,Heidy,heidy-fn,F;M,9
ID,Indonesia,forename,17,Faridah,faridah-fn,F;M,7
ID,Indonesia,forename,18,Ineke,ineke-fn,F;M,7
ID,Indonesia,forename,19,Rahmi,rahmi-fn,F;M,7
ID,Indonesia,forename,20,Aina,aina-fn,F;M,5
ID,Indonesia,forename,21,Ham,ham-fn,F;M,5
ID,Indonesia,forename,22,Hellen,hellen-fn,F,5
ID,Indonesia,forename,23,Mariska,mariska-fn,F;M,5
ID,Indonesia,forename,24,Rudolf,rudolf-fn,M,5
ID,Indonesia,forename,25,Sofie,sofie-fn,F;M,5
ID,Indonesia,forename,26,Vanda,vanda-fn,F;M,5
ID,Indonesia,forename,27,Elena,elena-fn,F;M,4
ID,Indonesia,forename,28,Loly,loly-fn,F;M,4
ID,Indonesia,forename,29,Elaine,elaine-fn,F;M,3
ID,Indonesia,forename,30,Hilmi,hilmi-fn,F;M,3
ID,Indonesia,forename,31,Jef,jef-fn,F;M,3
ID,Indonesia,forename,32,Neva,neva-fn,F;M,3
ID,Indonesia,forename,33,Nura,nura-fn,F;M,3
ID,Indonesia,forename,34,Shan,shan-fn,F;M,3
ID,Indonesia,forename,35,Wahab,wahab-fn,F;M,3
ID,Indonesia,forename,36,Fadia,fadia-fn,F;M,2
ID,Indonesia,forename,37,Harvey,harvey-fn,F;M,2
ID,Indonesia,forename,38,Inez,inez-fn,F;M,2
ID,Indonesia,forename,39,Letty,letty-fn,F;M,2
ID,Indonesia,forename,40,Maximilian,maximilian-fn,F;M,2
ID,Indonesia,forename,41,Remon,remon-fn,F;M,2
ID,Indonesia,forename,42,Seema,seema-fn,F;M,2
ID,Indonesia,forename,43,Yossi,yossi-fn,F;M,2
ID,Indonesia,surname,1,Fauzi,fauzi-sn,,77
ID,Indonesia,surname,2,Rahma,rahma-sn,F;M,24
ID,Indonesia,surname,3,Santo,santo-sn,F;M,18
ID,Indonesia,surname,4,Caroline,caroline-sn,,16
ID,Indonesia,surname,5,Ma,ma-sn,F;M,15
ID,Indonesia,surname,6,Hassan,hassan-sn,F;M,14
ID,Indonesia,surname,7,Didi,didi-sn,F;M,12
ID,Indonesia,surname,8,Zheng,zheng-sn,F;M,11
ID,Indonesia,surname,9,Haidar,haidar-sn,F;M,9
ID,Indonesia,surname,10,Dev,dev-sn,F;M,8
ID,Indonesia,surname,11,Najwa,najwa-sn,F;M,8
ID,Indonesia,surname,12,Fatah,fatah-sn,M;F,7
ID,Indonesia,surname,13,Zidan,zidan-sn,F;M,7
ID,Indonesia,surname,14,Dia,dia-sn,,6
ID,Indonesia,surname,15,Rm,rm-sn,F;M,4
ID,Indonesia,surname,16,Zhao,zhao-sn,F;M,4
ID,Indonesia,surname,17,Mariam,mariam-sn,F;M,3
ID,Indonesia,surname,18,Moro,moro-sn,F;M,3
ID,Indonesia,surname,19,Agha,agha-sn,F;M,2
ID,Indonesia,surname,20,Angelo,angelo-sn,,2
ID,Indonesia,surname,21,Jana,jana-sn,F;M,2
ID,Indonesia,surname,22,Le,le-sn,F;M,2
ID,Indonesia,surname,23,Leroux,leroux-sn,,2
ID,Indonesia,surname,24,Rain,rain-sn,,2
ID,Indonesia,surname,25,Raymond,raymond-sn,F;M,2
ID,Indonesia,surname,26,Seven,seven-sn,F;M,2
ID,Indonesia,surname,27,Zara,zara-sn,F;M,2
IE,Ireland,forename,1,John,john-fn,M,25257
IE,Ireland,forename,2,Mary,mary-fn,F,19649
IE,Ireland,forename,3,David,david-fn,M;F,15147
IE,Ireland,forename,4,Paul,paul-fn,M,14569
IE,Ireland,forename,5,Michael,michael-fn,M,14560
IE,Ireland,forename,6,Regan,regan-fn,M;F,12430
IE,Ireland,forename,7,Sean,sean-fn,M,11291
IE,Ireland,forename,8,Mark,mark-fn,M,10166
IE,Ireland,forename,9,James,james-fn,M,10108
IE,Ireland,forename,10,Sara,sara-fn,F;M,9181
IE,Ireland,forename,11,Sarah,sarah-fn,F,9181
IE,Ireland,forename,12,Brian,brian-fn,M,8379
IE,Ireland,forename,13,Stephen,stephen-fn,M,7950
IE,Ireland,forename,14,Kevin,kevin-fn,M,7482
IE,Ireland,forename,15,Conor,conor-fn,M,7161
IE,Ireland,forename,16,Shane,shane-fn,M,7143
IE,Ireland,forename,17,Patrick,patrick-fn,M,6762
IE,Ireland,forename,18,Martin,martin-fn,M,6453
IE,Ireland,forename,19,Alan,alan-fn,M,6377
IE,Ireland,forename,20,Ann,ann-fn,F,6321
IE,Ireland,forename,21,Margaret,margaret-fn,F,6314
IE,Ireland,forename,22,Laura,laura-fn,F,6279
IE,Ireland,forename,23,Anne,anne-fn,F;M,6186
IE,Ireland,forename,24,Emma,emma-fn,F,6105
IE,Ireland,forename,25,Peter,peter-fn,M,5969
IE,Ireland,forename,26,Michelle,michelle-fn,F,5834
IE,Ireland,forename,27,Catherine,catherine-fn,F,5815
IE,Ireland,forename,28,Niamh,niamh-fn,F,5727
IE,Ireland,forename,29,Sinead,sinead-fn,F,5672
IE,Ireland,forename,30,Ciara,ciara-fn,F,5579
IE,Ireland,forename,31,Marie,marie-fn,F;M,5516
IE,Ireland,forename,32,Joe,joe-fn,M,5391
IE,Ireland,forename,33,Caroline,caroline-fn,F,5319
IE,Ireland,forename,34,Tom,tom-fn,M,5291
IE,Ireland,forename,35,Liam,liam-fn,M,5212
IE,Ireland,forename,36,Lisa,lisa-fn,F,5189
IE,Ireland,forename,37,Aoife,aoife-fn,F,5038
IE,Ireland,forename,38,Jack,jack-fn,M,4979
IE,Ireland,forename,39,Daniel,daniel-fn,M;F,4856
IE,Ireland,forename,40,Fiona,fiona-fn,F,4764
IE,Ireland,forename,41,Pat,pat-fn,M;F,4689
IE,Ireland,forename,42,Claire,claire-fn,F,4642
IE,Ireland,forename,43,Thomas,thomas-fn,M,4539
IE,Ireland,forename,44,Elaine,elaine-fn,F;M,4480
IE,Ireland,forename,45,Karen,karen-fn,F;M,4466
IE,Ireland,forename,46,Niall,niall-fn,M,4461
IE,Ireland,forename,47,Louise,louise-fn,F,4354
IE,Ireland,forename,48,Helen,helen-fn,F,4316
IE,Ireland,forename,49,Brendan,brendan-fn,M,4286
IE,Ireland,forename,50,Deirdre,deirdre-fn,F,4205
IE,Ireland,forename,51,Rachel,rachel-fn,F,4103
IE,Ireland,forename,52,Robert,robert-fn,M,4004
IE,Ireland,forename,53,Adam,adam-fn,M,3988
IE,Ireland,forename,54,Tony,tony-fn,M,3987
IE,Ireland,forename,55,Sharon,sharon-fn,F;M,3981
IE,Ireland,forename,56,Patricia,patricia-fn,F,3935
IE,Ireland,forename,57,Eoin,eoin-fn,M,3906
IE,Ireland,forename,58,Paddy,paddy-fn,M,3791
IE,Ireland,forename,59,Darren,darren-fn,M,3734
IE,Ireland,forename,60,Noel,noel-fn,M,3689
IE,Ireland,forename,61,Linda,linda-fn,F;M,3663
IE,Ireland,forename,62,Anna,anna-fn,F;M,3655
IE,Ireland,forename,63,Declan,declan-fn,M,3640
IE,Ireland,forename,64,Andrew,andrew-fn,M,3595
IE,Ireland,forename,65,Geraldine,geraldine-fn,F,3593
IE,Ireland,forename,66,Anthony,anthony-fn,M,3588
IE,Ireland,forename,67,Aisling,aisling-fn,F,3574
IE,Ireland,forename,68,Amy,amy-fn,F,3561
IE,Ireland,forename,69,Nora,nora-fn,F,3548
IE,Ireland,forename,70,Eileen,eileen-fn,F,3541
IE,Ireland,forename,71,Siobhan,siobhan-fn,F,3499
IE,Ireland,forename,72,Lorraine,lorraine-fn,F,3463
IE,Ireland,forename,73,Gary,gary-fn,M,3457
IE,Ireland,forename,74,Sandra,sandra-fn,F,3423
IE,Ireland,forename,75,Katie,katie-fn,F,3367
IE,Ireland,forename,76,Kayleigh,kayleigh-fn,F,3364
IE,Ireland,forename,77,Barry,barry-fn,M,3357
IE,Ireland,forename,78,Jason,jason-fn,M,3296
IE,Ireland,forename,79,Keith,keith-fn,M,3267
IE,Ireland,forename,80,Aaron,aaron-fn,M,3244
IE,Ireland,forename,81,Susan,susan-fn,F,3193
IE,Ireland,forename,82,Ciaran,ciaran-fn,M,3192
IE,Ireland,forename,83,Chris,chris-fn,M;F,3139
IE,Ireland,forename,84,Kieran,kieran-fn,M,3131
IE,Ireland,forename,85,Kathleen,kathleen-fn,F,3105
IE,Ireland,forename,86,Colm,colm-fn,M,2904
IE,Ireland,forename,87,Ian,ian-fn,M,2902
IE,Ireland,forename,88,Kate,kate-fn,F,2871
IE,Ireland,forename,89,Richard,richard-fn,M,2847
IE,Ireland,forename,90,Gerard,gerard-fn,M,2844
IE,Ireland,forename,91,Bernie,bernie-fn,M;F,2837
IE,Ireland,forename,92,Jamie,jamie-fn,M;F,2830
IE,Ireland,forename,93,Derek,derek-fn,M,2820
IE,Ireland,forename,94,Martina,martina-fn,F,2802
IE,Ireland,forename,95,Cian,cian-fn,M,2786
IE,Ireland,forename,96,Orla,orla-fn,F,2779
IE,Ireland,forename,97,Luke,luke-fn,M,2773
IE,Ireland,forename,98,Dave,dave-fn,M,2733
IE,Ireland,forename,99,Jennifer,jennifer-fn,F,2720
IE,Ireland,forename,100,Ryan,ryan-fn,M;F,2713
IE,Ireland,surname,1,Murphy,murphy-sn,M;F,19423
IE,Ireland,surname,2,Kelly,kelly-sn,F;M,15363
IE,Ireland,surname,3,Byrne,byrne-sn,F;M,13031
IE,Ireland,surname,4,Regan,regan-sn,M;F,12430
IE,Ireland,surname,5,Reilly,reilly-sn,,12430
IE,Ireland,surname,6,Rayan,rayan-sn,M;F,11697
IE,Ireland,surname,7,ريان,ryan-sn,M;F,11697
IE,Ireland,surname,8,Walsh,walsh-sn,M;F,11571
IE,Ireland,surname,9,Kennedy,kennedy-sn,M;F,7942
IE,Ireland,surname,10,Doyle,doyle-sn,,7687
IE,Ireland,surname,11,Obrien,obrien-sn,M;F,6228
IE,Ireland,surname,12,Smith,smith-sn,M;F,5530
IE,Ireland,surname,13,Lynch,lynch-sn,,5499
IE,Ireland,surname,14,Dunne,dunne-sn,M;F,5220
IE,Ireland,surname,15,Oconnor,oconnor-sn,,5198
IE,Ireland,surname,16,Murray,murray-sn,M;F,5029
IE,Ireland,surname,17,McCarthy,mccarthy-sn,M;F,4818
IE,Ireland,surname,18,Osullivan,osullivan-sn,F;M,4775
IE,Ireland,surname,19,Brennan,brennan-sn,M;F,4754
IE,Ireland,surname,20,Daly,daly-sn,M;F,4616
IE,Ireland,surname,21,Burke,burke-sn,,4485
IE,Ireland,surname,22,Nolan,nolan-sn,,4479
IE,Ireland,surname,23,Power,power-sn,,4414
IE,Ireland,surname,24,Farrell,farrell-sn,M;F,4211
IE,Ireland,surname,25,O'Neill,oneill-sn,,4095
IE,Ireland,surname,26,Kavanagh,kavanagh-sn,M;F,3904
IE,Ireland,surname,27,Connolly,connolly-sn,F;M,3855
IE,Ireland,surname,28,Quinn,quinn-sn,M;F,3824
IE,Ireland,surname,29,Carroll,carroll-sn,,3788
IE,Ireland,surname,30,Gallagher,gallagher-sn,M;F,3752
IE,Ireland,surname,31,O Connor,o-connor-sn,M;F,3710
IE,Ireland,surname,32,Flynn,flynn-sn,M;F,3660
IE,Ireland,surname,33,O Brien,o-brien-sn,M;F,3624
IE,Ireland,surname,34,Collins,collins-sn,M;F,3607
IE,Ireland,surname,35,Fitzgerald,fitzgerald-sn,F;M,3587
IE,Ireland,surname,36,Nora,nora-sn,M;F,3548
IE,Ireland,surname,37,Whelan,whelan-sn,F;M,3506
IE,Ireland,surname,38,Doherty,doherty-sn,M;F,3368
IE,Ireland,surname,39,O Sullivan,o-sullivan-sn,M;F,3351
IE,Ireland,surname,40,Clark,clark-sn,M;F,3330
IE,Ireland,surname,41,Clarke,clarke-sn,M;F,3330
IE,Ireland,surname,42,Duffy,duffy-sn,,3321
IE,Ireland,surname,43,Kenny,kenny-sn,,3230
IE,Ireland,surname,44,Brady,brady-sn,M;F,3206
IE,Ireland,surname,45,Moore,moore-sn,M;F,3197
IE,Ireland,surname,46,Butler,butler-sn,M;F,3112
IE,Ireland,surname,47,Healy,healy-sn,M;F,3105
IE,Ireland,surname,48,Keane,keane-sn,F;M,2921
IE,Ireland,surname,49,Moran,moran-sn,M;F,2858
IE,Ireland,surname,50,Oreilly,oreilly-sn,F;M,2845
IE,Ireland,surname,51,Fitzpatrick,fitzpatrick-sn,M;F,2824
IE,Ireland,surname,52,Martin,martin-sn,M;F,2800
IE,Ireland,surname,53,Maher,maher-sn,M;F,2768
IE,Ireland,surname,54,Hayes,hayes-sn,M;F,2744
IE,Ireland,surname,55,Ward,ward-sn,M;F,2731
IE,Ireland,surname,56,Barry,barry-sn,M;F,2702
IE,Ireland,surname,57,Roche,roche-sn,M;F,2675
IE,Ireland,surname,58,Browne,browne-sn,,2672
IE,Ireland,surname,59,Foley,foley-sn,M;F,2610
IE,Ireland,surname,60,Buckley,buckley-sn,M;F,2538
IE,Ireland,surname,61,Mcgrath,mcgrath-sn,M;F,2529
IE,Ireland,surname,62,Casey,casey-sn,,2510
IE,Ireland,surname,63,Hughes,hughes-sn,M;F,2467
IE,Ireland,surname,64,Hogan,hogan-sn,,2423
IE,Ireland,surname,65,Sweeney,sweeney-sn,M;F,2397
IE,Ireland,surname,66,Cullen,cullen-sn,M;F,2344
IE,Ireland,surname,67,Maguire,maguire-sn,,2340
IE,Ireland,surname,68,Delaney,delaney-sn,F;M,2334
IE,Ireland,surname,69,Griffin,griffin-sn,M;F,2326
IE,Ireland,surname,70,Smyth,smyth-sn,,2268
IE,Ireland,surname,71,White,white-sn,M;F,2233
IE,Ireland,surname,72,Keogh,keogh-sn,M;F,2084
IE,Ireland,surname,73,Conley,conley-sn,M;F,1682
IE,Ireland,surname,74,McCormick,mc-cormick-sn,M;F,1682
IE,Ireland,surname,75,McDaniel,mc-daniel-sn,M;F,1682
IE,Ireland,surname,76,Reynolds,reynolds-sn,M;F,1682
IE,Ireland,surname,77,Wall,wall-sn,,1682
IE,Ireland,surname,78,Greene,greene-sn,F;M,1464
IE,Ireland,surname,79,O Neill,o-neill-sn,M,1113
IE,Ireland,surname,80,Oconnell,oconnell-sn,F,1097
IE,Ireland,surname,81,Egan,egan-sn,F,1053
IE,Ireland,surname,82,Cunningham,cunningham-sn,M;F,1017
IE,Ireland,surname,83,Lyons,lyons-sn,M;F,1012
IE,Ireland,surname,84,Hickey,hickey-sn,M,1005
IE,Ireland,surname,85,Hutchinson,hutchinson-sn,F;M,313
IE,Ireland,surname,86,Baxter,baxter-sn,F;M,167
IE,Ireland,surname,87,Hassan,hassan-sn,F;M,167
IE,Ireland,surname,88,Morton,morton-sn,F;M,151
IE,Ireland,surname,89,Bowen,bowen-sn,F;M,136
IE,Ireland,surname,90,Stephenson,stephenson-sn,F;M,131
IE,Ireland,surname,91,Zhao,zhao-sn,F;M,127
IE,Ireland,surname,92,Ma,ma-sn,F;M,124
IE,Ireland,surname,93,Raymond,raymond-sn,F;M,112
IE,Ireland,surname,94,Popa,popa-sn,F;M,108
IE,Ireland,surname,95,Zheng,zheng-sn,F;M,104
IE,Ireland,surname,96,Townsend,townsend-sn,F;M,99
IE,Ireland,surname,97,Hale,hale-sn,,92
IE,Ireland,surname,98,Chandler,chandler-sn,F;M,75
IE,Ireland,surname,99,Bruce,bruce-sn,F;M,69
IE,Ireland,surname,100,Vasile,vasile-sn,F;M,65
IL,Israel,forename,1,Mohamed,mohamed-fn,M,61980
IL,Israel,forename,2,Ahmed,ahmed-fn,M,34158
IL,Israel,forename,3,محمد,mhmd-fn,M;F,31104
IL,Israel,forename,4,ام,am-fn,F;M,18971
IL,Israel,forename,5,Ahmad,ahmad-fn,M;F,17575
IL,Israel,forename,6,Mahmoud,mahmoud-fn,M,14384
IL,Israel,forename,7,ابو,abw-fn,M;F,13914
IL,Israel,forename,8,Daniel,daniel-fn,M;F,13051
IL,Israel,forename,9,احمد,ahmd-fn,M;F,12727
IL,Israel,forename,10,Omar,omar-fn,M;F,12587
IL,Israel,forename,11,David,david-fn,M;F,11509
IL,Israel,forename,12,Tal,tal-fn,M;F,11350
IL,Israel,forename,13,Amir,amir-fn,M;F,11088
IL,Israel,forename,14,משה,-D7-9E-D7-A9-D7-94-fn,M,10807
IL,Israel,forename,15,Adi,adi-fn,M,10507
IL,Israel,forename,16,Mohammad,mohammad-fn,M;F,10401
IL,Israel,forename,17,Yossi,-D7-99-D7-95-D7-A1-D7-99-fn,M,9274
IL,Israel,forename,18,אבי,-D7-90-D7-91-D7-99-fn,M,9092
IL,Israel,forename,19,דוד,-D7-93-D7-95-D7-93-fn,M,8658
IL,Israel,forename,20,Michal,michal-fn,M;F,8391
IL,Israel,forename,21,Lior,lior-fn,M;F,8103
IL,Israel,forename,22,Alaa,alaa-fn,M,7991
IL,Israel,forename,23,Avi,avi-fn,M,7975
IL,Israel,forename,24,Amit,amit-fn,M;F,7802
IL,Israel,forename,25,Yael,yael-fn,F;M,7658
IL,Israel,forename,26,Yuval,yuval-fn,M;F,7313
IL,Israel,forename,27,רחל,-D7-A8-D7-97-D7-9C-fn,F,7032
IL,Israel,forename,28,אלי,-D7-90-D7-9C-D7-99-fn,M,6977
IL,Israel,forename,29,Michael,michael-fn,M,6968
IL,Israel,forename,30,Moshe,moshe-fn,M,6758
IL,Israel,forename,31,محمود,mhmwd-fn,M;F,6736
IL,Israel,forename,32,Sara,sara-fn,F;M,6615
IL,Israel,forename,33,Or,or-fn,M;F,6608
IL,Israel,forename,34,Ali,ali-fn,M;F,6569
IL,Israel,forename,35,Gal,gal-fn,M;F,6511
IL,Israel,forename,36,Noa,noa-fn,F;M,6461
IL,Israel,forename,37,Guy,guy-fn,M,6313
IL,Israel,forename,38,Maya,maya-fn,F;M,6291
IL,Israel,forename,39,חיים,-D7-97-D7-99-D7-99-D7-9D-fn,M,6255
IL,Israel,forename,40,Mohammed,mohammed-fn,M;F,6237
IL,Israel,forename,41,יעקב,-D7-99-D7-A2-D7-A7-D7-91-fn,M,6185
IL,Israel,forename,42,Alex,alex-fn,M;F,6047
IL,Israel,forename,43,Nour,nour-fn,F;M,5996
IL,Israel,forename,44,Mohamad,mohamad-fn,M,5991
IL,Israel,forename,45,Eden,eden-fn,F;M,5905
IL,Israel,forename,46,Anna,anna-fn,F;M,5828
IL,Israel,forename,47,Noam,noam-fn,M;F,5798
IL,Israel,forename,48,Eli,eli-fn,F;M,5621
IL,Israel,forename,49,דניאל,-D7-93-D7-A0-D7-99-D7-90-D7-9C-fn,M,5439
IL,Israel,forename,50,Eyal,eyal-fn,F;M,5407
IL,Israel,forename,51,Dana,dana-fn,F;M,5354
IL,Israel,forename,52,Ella,ella-fn,F,5324
IL,Israel,forename,53,Tomer,tomer-fn,M,5312
IL,Israel,forename,54,אתי,-D7-90-D7-AA-D7-99-fn,F,5296
IL,Israel,forename,55,Hassan,hassan-fn,M;F,5237
IL,Israel,forename,56,Yossi,yossi-fn,F;M,5214
IL,Israel,forename,57,Sharon,sharon-fn,F;M,5177
IL,Israel,forename,58,Marina,marina-fn,F,5152
IL,Israel,forename,59,Omer,omer-fn,M,5042
IL,Israel,forename,60,Olga,olga-fn,F,5041
IL,Israel,forename,61,שרה,-D7-A9-D7-A8-D7-94-fn,F,5023
IL,Israel,forename,62,יוסף,-D7-99-D7-95-D7-A1-D7-A3-fn,M,4959
IL,Israel,forename,63,שמעון,-D7-A9-D7-9E-D7-A2-D7-95-D7-9F-fn,M,4949
IL,Israel,forename,64,Bar,bar-fn,M;F,4942
IL,Israel,forename,65,יצחק,-D7-99-D7-A6-D7-97-D7-A7-fn,M,4913
IL,Israel,forename,66,Irina,irina-fn,F;M,4898
IL,Israel,forename,67,מיכל,-D7-9E-D7-99-D7-9B-D7-9C-fn,F,4855
IL,Israel,forename,68,מאיר,-D7-9E-D7-90-D7-99-D7-A8-fn,M,4775
IL,Israel,forename,69,Alon,alon-fn,M,4750
IL,Israel,forename,70,אורי,-D7-90-D7-95-D7-A8-D7-99-fn,M,4665
IL,Israel,forename,71,Idan,idan-fn,M,4587
IL,Israel,forename,72,איציק,-D7-90-D7-99-D7-A6-D7-99-D7-A7-fn,M,4579
IL,Israel,forename,73,Rami,rami-fn,M,4377
IL,Israel,forename,74,Nir,nir-fn,M,4367
IL,Israel,forename,75,Shay,shay-fn,M;F,4366
IL,Israel,forename,76,מחמד,-D7-9E-D7-97-D7-9E-D7-93-fn,M,4352
IL,Israel,forename,77,Roni,roni-fn,F;M,4336
IL,Israel,forename,78,Ben,ben-fn,M,4308
IL,Israel,forename,79,ליאור,-D7-9C-D7-99-D7-90-D7-95-D7-A8-fn,M;F,4275
IL,Israel,forename,80,Adam,adam-fn,M,4264
IL,Israel,forename,81,חנה,-D7-97-D7-A0-D7-94-fn,F,4252
IL,Israel,forename,82,Elena,elena-fn,F;M,4241
IL,Israel,forename,83,Svetlana,svetlana-fn,F,4201
IL,Israel,forename,84,Mor,mor-fn,F;M,4171
IL,Israel,forename,85,יעל,-D7-99-D7-A2-D7-9C-fn,F,4164
IL,Israel,forename,86,Ron,ron-fn,M,4135
IL,Israel,forename,87,Rotem,rotem-fn,M;F,4127
IL,Israel,forename,88,Igor,igor-fn,M,4101
IL,Israel,forename,89,אסתר,-D7-90-D7-A1-D7-AA-D7-A8-fn,F,4082
IL,Israel,forename,90,Chen,chen-fn,F;M,4052
IL,Israel,forename,91,Shani,shani-fn,M;F,4051
IL,Israel,forename,92,שי,-D7-A9-D7-99-fn,M;F,4031
IL,Israel,forename,93,Ayman,ayman-fn,M,4000
IL,Israel,forename,94,Ido,ido-fn,M,3963
IL,Israel,forename,95,Anat,anat-fn,F,3958
IL,Israel,forename,96,Shahar,shahar-fn,M;F,3953
IL,Israel,forename,97,Keren,keren-fn,F,3918
IL,Israel,forename,98,Shir,shir-fn,F,3908
IL,Israel,forename,99,Noor,noor-fn,M;F,3905
IL,Israel,forename,100,Hila,hila-fn,F,3882
IL,Israel,surname,1,כהן,-D7-9B-D7-94-D7-9F-sn,M;F,30541
IL,Israel,surname,2,Cohen,cohen-sn,M;F,29414
IL,Israel,surname,3,לוי,-D7-9C-D7-95-D7-99-sn,M;F,18769
IL,Israel,surname,4,Mohamed,mohamed-sn,M;F,15513
IL,Israel,surname,5,Ahmed,ahmed-sn,M;F,14196
IL,Israel,surname,6,محمد,mhmd-sn,M;F,12842
IL,Israel,surname,7,Levi,levi-sn,M;F,10464
IL,Israel,surname,8,Ali,ali-sn,M;F,7505
IL,Israel,surname,9,احمد,ahmd-sn,M;F,6794
IL,Israel,surname,10,Levy,levy-sn,M;F,6741
IL,Israel,surname,11,Ahmad,ahmad-sn,M;F,6347
IL,Israel,surname,12,פרץ,-D7-A4-D7-A8-D7-A5-sn,,5971
IL,Israel,surname,13,ביטון,-D7-91-D7-99-D7-98-D7-95-D7-9F-sn,M;F,5736
IL,Israel,surname,14,מזרחי,-D7-9E-D7-96-D7-A8-D7-97-D7-99-sn,M;F,5094
IL,Israel,surname,15,דהן,-D7-93-D7-94-D7-9F-sn,M;F,4084
IL,Israel,surname,16,אברהם,-D7-90-D7-91-D7-A8-D7-94-D7-9D-sn,M;F,3611
IL,Israel,surname,17,Dahan,dahan-sn,M;F,3567
IL,Israel,surname,18,Ana,ana-sn,F;M,3509
IL,Israel,surname,19,מלכה,-D7-9E-D7-9C-D7-9B-D7-94-sn,M;F,3411
IL,Israel,surname,20,David,david-sn,M;F,3363
IL,Israel,surname,21,אזולאי,-D7-90-D7-96-D7-95-D7-9C-D7-90-D7-99-sn,M;F,3362
IL,Israel,surname,22,Mizrahi,mizrahi-sn,M;F,3315
IL,Israel,surname,23,Taha,taha-sn,M;F,3116
IL,Israel,surname,24,Biton,biton-sn,M;F,3061
IL,Israel,surname,25,אוחיון,-D7-90-D7-95-D7-97-D7-99-D7-95-D7-9F-sn,M;F,3030
IL,Israel,surname,26,עמר,-D7-A2-D7-9E-D7-A8-sn,M;F,2995
IL,Israel,surname,27,Amar,amar-sn,M;F,2972
IL,Israel,surname,28,Peretz,peretz-sn,M;F,2957
IL,Israel,surname,29,יוסף,-D7-99-D7-95-D7-A1-D7-A3-sn,M;F,2951
IL,Israel,surname,30,علي,aly-sn,M;F,2851
IL,Israel,surname,31,חדד,-D7-97-D7-93-D7-93-sn,M;F,2818
IL,Israel,surname,32,אדרי,-D7-90-D7-93-D7-A8-D7-99-sn,M;F,2742
IL,Israel,surname,33,Bar,bar-sn,M;F,2731
IL,Israel,surname,34,Tal,tal-sn,M;F,2701
IL,Israel,surname,35,Mahmoud,mahmoud-sn,M;F,2689
IL,Israel,surname,36,محمود,mhmwd-sn,M;F,2689
IL,Israel,surname,37,Omar,omar-sn,M;F,2678
IL,Israel,surname,38,Malka,malka-sn,M;F,2663
IL,Israel,surname,39,דוד,-D7-93-D7-95-D7-93-sn,M;F,2613
IL,Israel,surname,40,Katz,katz-sn,M;F,2579
IL,Israel,surname,41,משה,-D7-9E-D7-A9-D7-94-sn,M;F,2539
IL,Israel,surname,42,Awad,awad-sn,M;F,2519
IL,Israel,surname,43,אוחנה,-D7-90-D7-95-D7-97-D7-A0-D7-94-sn,M;F,2478
IL,Israel,surname,44,Yosef,yosef-sn,M;F,2468
IL,Israel,surname,45,Yousef,yousef-sn,M;F,2468
IL,Israel,surname,46,וקנין,-D7-95-D7-A7-D7-A0-D7-99-D7-9F-sn,M;F,2457
IL,Israel,surname,47,Avraham,avraham-sn,M;F,2406
IL,Israel,surname,48,Mor,mor-sn,M;F,2365
IL,Israel,surname,49,Sh,sh-sn,M;F,2357
IL,Israel,surname,50,גבאי,-D7-92-D7-91-D7-90-D7-99-sn,M;F,2352
IL,Israel,surname,51,Vaknin,vaknin-sn,M;F,2345
IL,Israel,surname,52,חן,-D7-97-D7-9F-sn,M;F,2330
IL,Israel,surname,53,Hadad,hadad-sn,M;F,2327
IL,Israel,surname,54,Golan,golan-sn,M;F,2282
IL,Israel,surname,55,Salah,salah-sn,M;F,2248
IL,Israel,surname,56,בן דוד,-D7-91-D7-9F-20-D7-93-D7-95-D7-93-sn,M;F,2240
IL,Israel,surname,57,Hassan,hassan-sn,F;M,2097
IL,Israel,surname,58,Jaber,jaber-sn,,1523
IL,Israel,surname,59,Amer,amer-sn,M;F,1377
IL,Israel,surname,60,Mohammad,mohammad-sn,M;F,1372
IL,Israel,surname,61,الحياة,alhyah-sn,F;M,1299
IL,Israel,surname,62,Mohammed,mohammed-sn,M;F,1299
IL,Israel,surname,63,Odeh,odeh-sn,,1294
IL,Israel,surname,64,Moshe,moshe-sn,M,1258
IL,Israel,surname,65,فلسطين,flstyn-sn,F;M,1232
IL,Israel,surname,66,Abed,abed-sn,M;F,1226
IL,Israel,surname,67,יצחק,-D7-99-D7-A6-D7-97-D7-A7-sn,M,1225
IL,Israel,surname,68,Saleh,saleh-sn,M;F,1187
IL,Israel,surname,69,Mansour,mansour-sn,M;F,1126
IL,Israel,surname,70,Ohayon,ohayon-sn,M,1122
IL,Israel,surname,71,Nassar,nassar-sn,M;F,1114
IL,Israel,surname,72,Nasser,nasser-sn,M;F,1114
IL,Israel,surname,73,סויסה,-D7-A1-D7-95-D7-99-D7-A1-D7-94-sn,M,1102
IL,Israel,surname,74,جبارين,jbaryn-sn,M,1099
IL,Israel,surname,75,Khoury,khoury-sn,,1098
IL,Israel,surname,76,يوسف,ywsf-sn,M;F,1094
IL,Israel,surname,77,Hamdan,hamdan-sn,M;F,1081
IL,Israel,surname,78,אליהו,-D7-90-D7-9C-D7-99-D7-94-D7-95-sn,M,1057
IL,Israel,surname,79,שלום,-D7-A9-D7-9C-D7-95-D7-9D-sn,M,1048
IL,Israel,surname,80,البيضاء,albydhaa-sn,F;M,1018
IL,Israel,surname,81,Zoabi,zoabi-sn,M,1011
IL,Israel,surname,82,Adam,adam-sn,M;F,1007
IL,Israel,surname,83,Groß,gross-sn,,764
IL,Israel,surname,84,Zidan,zidan-sn,F;M,627
IL,Israel,surname,85,Ayman,ayman-sn,F;M,454
IL,Israel,surname,86,Ma,ma-sn,F;M,370
IL,Israel,surname,87,Agha,agha-sn,F;M,182
IL,Israel,surname,88,Shehab,shehab-sn,F;M,161
IL,Israel,surname,89,خضير,khdhyr-sn,F;M,141
IL,Israel,surname,90,لغتي,lghty-sn,,130
IL,Israel,surname,91,Matta,matta-sn,F;M,123
IL,Israel,surname,92,Jana,jana-sn,F;M,122
IL,Israel,surname,93,Didi,didi-sn,F;M,119
IL,Israel,surname,94,Amen,amen-sn,F;M,114
IL,Israel,surname,95,Tarek,tarek-sn,M;F,109
IL,Israel,surname,96,Raymond,raymond-sn,F;M,103
IL,Israel,surname,97,Almasry,almasry-sn,,82
IL,Israel,surname,98,Le,le-sn,F;M,78
IL,Israel,surname,99,Peker,peker-sn,F;M,77
IL,Israel,surname,100,Степанов,stepanov-sn,F;M,66
IN,India,forename,1,Rahul,rahul-fn,M;F,43298
IN,India,forename,2,Md,md-fn,M;F,39794
IN,India,forename,3,Ajay,ajay-fn,M,26399
IN,India,forename,4,Raj,raj-fn,M;F,26068
IN,India,forename,5,Sanjay,sanjay-fn,M,25972
IN,India,forename,6,Sunil,sunil-fn,M,25873
IN,India,forename,7,Rajesh,rajesh-fn,M,24421
IN,India,forename,8,Mohamed,mohamed-fn,M,24393
IN,India,forename,9,Raju,raju-fn,M;F,24307
IN,India,forename,10,Deepak,deepak-fn,M,23811
IN,India,forename,11,Ravi,ravi-fn,M,23554
IN,India,forename,12,Amit,amit-fn,M;F,23290
IN,India,forename,13,Sonu,sonu-fn,M;F,22571
IN,India,forename,14,Vijay,vijay-fn,M,22356
IN,India,forename,15,Anil,anil-fn,M,21388
IN,India,forename,16,Manoj,manoj-fn,M,21055
IN,India,forename,17,Rakesh,rakesh-fn,M,20645
IN,India,forename,18,Santosh,santosh-fn,M;F,20315
IN,India,forename,19,Rohit,rohit-fn,M,20181
IN,India,forename,20,Mukesh,mukesh-fn,M,19302
IN,India,forename,21,Pradeep,pradeep-fn,M,18120
IN,India,forename,22,Ramesh,ramesh-fn,M,16271
IN,India,forename,23,Dinesh,dinesh-fn,M,16029
IN,India,forename,24,Suresh,suresh-fn,M,15964
IN,India,forename,25,Ashok,ashok-fn,M,15565
IN,India,forename,26,Pankaj,pankaj-fn,M,14701
IN,India,forename,27,Manish,manish-fn,M,14587
IN,India,forename,28,Suraj,suraj-fn,M,14456
IN,India,forename,29,Vishal,vishal-fn,M,14293
IN,India,forename,30,Akash,akash-fn,M,14175
IN,India,forename,31,Mahesh,mahesh-fn,M,14111
IN,India,forename,32,Sandeep,sandeep-fn,M,14048
IN,India,forename,33,Mohd,mohd-fn,M;F,13858
IN,India,forename,34,Krishna,krishna-fn,M;F,13228
IN,India,forename,35,Sachin,sachin-fn,M,13081
IN,India,forename,36,Vinod,vinod-fn,M,12423
IN,India,forename,37,Ganesh,ganesh-fn,M,12352
IN,India,forename,38,Ram,ram-fn,M;F,12093
IN,India,forename,39,Arun,arun-fn,M,11931
IN,India,forename,40,Prakash,prakash-fn,M,11917
IN,India,forename,41,Abhishek,abhishek-fn,M,11791
IN,India,forename,42,Raja,raja-fn,M;F,11719
IN,India,forename,43,Pooja,pooja-fn,F,11489
IN,India,forename,44,Kumar,kumar-fn,M,11438
IN,India,forename,45,Sagar,sagar-fn,M,11149
IN,India,forename,46,Ankit,ankit-fn,M,10722
IN,India,forename,47,Sk,sk-fn,M;F,10668
IN,India,forename,48,Shubham,shubham-fn,M,10565
IN,India,forename,49,Chandan,chandan-fn,M,10409
IN,India,forename,50,Ashish,ashish-fn,M,10173
IN,India,forename,51,Priya,priya-fn,F,9973
IN,India,forename,52,Pawan,pawan-fn,M,9660
IN,India,forename,53,Kiran,kiran-fn,M;F,9161
IN,India,forename,54,Vikash,vikash-fn,M,9037
IN,India,forename,55,Sumit,sumit-fn,F;M,8972
IN,India,forename,56,Dharmendra,dharmendra-fn,M,8948
IN,India,forename,57,Arjun,arjun-fn,M,8812
IN,India,forename,58,Prince,prince-fn,M,8740
IN,India,forename,59,Aman,aman-fn,M,8619
IN,India,forename,60,Jitendra,jitendra-fn,M,8588
IN,India,forename,61,Priyanka,priyanka-fn,F,8556
IN,India,forename,62,Suman,suman-fn,M;F,8281
IN,India,forename,63,Akshay,akshay-fn,M,8262
IN,India,forename,64,Naresh,naresh-fn,M,8118
IN,India,forename,65,Satish,satish-fn,M,8088
IN,India,forename,66,Sahil,sahil-fn,M,8024
IN,India,forename,67,Vikas,vikas-fn,M,8017
IN,India,forename,68,Karan,karan-fn,M,7916
IN,India,forename,69,Neha,neha-fn,F,7912
IN,India,forename,70,Yogesh,yogesh-fn,M,7883
IN,India,forename,71,Gopal,gopal-fn,M,7769
IN,India,forename,72,Abdul,abdul-fn,M,7662
IN,India,forename,73,Dilip,dilip-fn,M,7552
IN,India,forename,74,Umesh,umesh-fn,M,7477
IN,India,forename,75,Vivek,vivek-fn,M,7410
IN,India,forename,76,Anand,anand-fn,M,7296
IN,India,forename,77,Mohan,mohan-fn,M,7100
IN,India,forename,78,Arvind,arvind-fn,M,7083
IN,India,forename,79,Vicky,vicky-fn,M;F,7002
IN,India,forename,80,Mohit,mohit-fn,M,6927
IN,India,forename,81,Bharat,bharat-fn,M,6923
IN,India,forename,82,Gaurav,gaurav-fn,M,6831
IN,India,forename,83,Pintu,pintu-fn,M,6820
IN,India,forename,84,Prem,prem-fn,M,6711
IN,India,forename,85,Imran,imran-fn,M;F,6705
IN,India,forename,86,Patel,patel-fn,M;F,6630
IN,India,forename,87,Pramod,pramod-fn,M,6602
IN,India,forename,88,Sameer,sameer-fn,M,6457
IN,India,forename,89,Aditya,aditya-fn,M,6441
IN,India,forename,90,Nitin,nitin-fn,M,6407
IN,India,forename,91,Bablu,bablu-fn,M,6396
IN,India,forename,92,Sunny,sunny-fn,M;F,6349
IN,India,forename,93,Shivam,shivam-fn,M,6331
IN,India,forename,94,Dipak,dipak-fn,M,6190
IN,India,forename,95,Jyoti,jyoti-fn,F,6106
IN,India,forename,96,Kamal,kamal-fn,M;F,6084
IN,India,forename,97,Naveen,naveen-fn,M,5986
IN,India,forename,98,Prashant,prashant-fn,M,5978
IN,India,forename,99,Kamlesh,kamlesh-fn,M,5966
IN,India,forename,100,Vikram,vikram-fn,F;M,5964
IN,India,surname,1,Kumar,kumar-sn,M;F,366731
IN,India,surname,2,Singh,singh-sn,M;F,176776
IN,India,surname,3,Khan,khan-sn,M;F,125200
IN,India,surname,4,Yadav,yadav-sn,M;F,86410
IN,India,surname,5,Patel,patel-sn,M;F,69224
IN,India,surname,6,Das,das-sn,M;F,61718
IN,India,surname,7,Raj,raj-sn,M;F,47911
IN,India,surname,8,Thakur,thakur-sn,M;F,42119
IN,India,surname,9,Ali,ali-sn,M;F,38709
IN,India,surname,10,Shaikh,shaikh-sn,M;F,35514
IN,India,surname,11,Ansari,ansari-sn,M;F,34448
IN,India,surname,12,Roy,roy-sn,M;F,32836
IN,India,surname,13,Rajput,rajput-sn,M;F,31576
IN,India,surname,14,Chaudhary,chaudhary-sn,M;F,30873
IN,India,surname,15,Chauhan,chauhan-sn,M;F,29108
IN,India,surname,16,Kumari,kumari-sn,F;M,27886
IN,India,surname,17,Patil,patil-sn,M;F,24936
IN,India,surname,18,Verma,verma-sn,M;F,24490
IN,India,surname,19,Ahmed,ahmed-sn,M;F,22499
IN,India,surname,20,Sk,sk-sn,M;F,20707
IN,India,surname,21,Mishra,mishra-sn,F;M,20685
IN,India,surname,22,Sahu,sahu-sn,M;F,20322
IN,India,surname,23,Alam,alam-sn,M;F,19528
IN,India,surname,24,Choudhary,choudhary-sn,M;F,18001
IN,India,surname,25,Rana,rana-sn,M;F,16267
IN,India,surname,26,Parmar,parmar-sn,M;F,16016
IN,India,surname,27,Mondal,mondal-sn,M;F,15882
IN,India,surname,28,Pandey,pandey-sn,M;F,15540
IN,India,surname,29,Pal,pal-sn,M;F,15267
IN,India,surname,30,Shah,shah-sn,M;F,14800
IN,India,surname,31,Saini,saini-sn,M;F,14666
IN,India,surname,32,Prajapati,prajapati-sn,M;F,13946
IN,India,surname,33,Jain,jain-sn,M;F,13934
IN,India,surname,34,Hossain,hossain-sn,M;F,13905
IN,India,surname,35,Rathod,rathod-sn,M;F,13824
IN,India,surname,36,Srinivasan,srinivasan-sn,F;M,13498
IN,India,surname,37,Krishnamurthy,krishnamurthy-sn,F;M,13496
IN,India,surname,38,Tiwari,tiwari-sn,M;F,13493
IN,India,surname,39,Sharma,sharma-sn,F;M,13478
IN,India,surname,40,Gupta,gupta-sn,F;M,13474
IN,India,surname,41,Nayak,nayak-sn,M;F,13411
IN,India,surname,42,Ram,ram-sn,M;F,13242
IN,India,surname,43,Malik,malik-sn,M;F,13022
IN,India,surname,44,Soni,soni-sn,M;F,12573
IN,India,surname,45,Sarkar,sarkar-sn,M;F,12316
IN,India,surname,46,Mandal,mandal-sn,M;F,12204
IN,India,surname,47,Ahmad,ahmad-sn,M;F,11345
IN,India,surname,48,Meena,meena-sn,M;F,11252
IN,India,surname,49,Solanki,solanki-sn,M;F,11143
IN,India,surname,50,Jadhav,jadhav-sn,M;F,10950
IN,India,surname,51,Ghosh,ghosh-sn,,10856
IN,India,surname,52,Jha,jha-sn,M;F,10782
IN,India,surname,53,Pawar,pawar-sn,M;F,10607
IN,India,surname,54,Hussain,hussain-sn,M;F,10308
IN,India,surname,55,Prasad,prasad-sn,M;F,10009
IN,India,surname,56,Bhai,bhai-sn,M,9989
IN,India,surname,57,Devi,devi-sn,,9770
IN,India,surname,58,Kashyap,kashyap-sn,M;F,9764
IN,India,surname,59,Islam,islam-sn,M;F,9708
IN,India,surname,60,Biswas,biswas-sn,M;F,9459
IN,India,surname,61,Rawat,rawat-sn,M;F,9245
IN,India,surname,62,Behera,behera-sn,,9234
IN,India,surname,63,Raja,raja-sn,M;F,9213
IN,India,surname,64,Pradhan,pradhan-sn,,9176
IN,India,surname,65,Arora,arora-sn,F;M,9108
IN,India,surname,66,Ray,ray-sn,M;F,9061
IN,India,surname,67,Sahoo,sahoo-sn,F;M,8720
IN,India,surname,68,Reddy,reddy-sn,M;F,8663
IN,India,surname,69,Joshi,joshi-sn,M;F,8467
IN,India,surname,70,Thakor,thakor-sn,M,8382
IN,India,surname,71,Rai,rai-sn,M;F,8165
IN,India,surname,72,Saha,saha-sn,M;F,8120
IN,India,surname,73,Begum,begum-sn,M;F,8112
IN,India,surname,74,Molla,molla-sn,M;F,8098
IN,India,surname,75,Paul,paul-sn,M;F,7901
IN,India,surname,76,Nath,nath-sn,M;F,7847
IN,India,surname,77,Naik,naik-sn,,7711
IN,India,surname,78,Jaiswal,jaiswal-sn,M;F,7576
IN,India,surname,79,Sinha,sinha-sn,,7573
IN,India,surname,80,Shinde,shinde-sn,M;F,7521
IN,India,surname,81,Dey,dey-sn,M;F,7323
IN,India,surname,82,Babu,babu-sn,M;F,7301
IN,India,surname,83,Dutta,dutta-sn,M;F,6994
IN,India,surname,84,Rathore,rathore-sn,F;M,6778
IN,India,surname,85,Agarwal,agarwal-sn,M;F,6608
IN,India,surname,86,Barman,barman-sn,M;F,6579
IN,India,surname,87,Chouhan,chouhan-sn,M;F,6186
IN,India,surname,88,Shukla,shukla-sn,M;F,6181
IN,India,surname,89,Lal,lal-sn,M,6168
IN,India,surname,90,Paswan,paswan-sn,M;F,6156
IN,India,surname,91,Sen,sen-sn,M;F,6026
IN,India,surname,92,Gurjar,gurjar-sn,M,6020
IN,India,surname,93,Mehta,mehta-sn,M;F,6001
IN,India,surname,94,Goswami,goswami-sn,M;F,5889
IN,India,surname,95,Rahman,rahman-sn,M;F,5801
IN,India,surname,96,Sah,sah-sn,M,5695
IN,India,surname,97,Pandit,pandit-sn,M,5575
IN,India,surname,98,Chavan,chavan-sn,M;F,5528
IN,India,surname,99,Prakash,prakash-sn,,5505
IN,India,surname,100,Kushwaha,kushwaha-sn,M,5499
IQ,Iraq,forename,1,Mohamed,mohamed-fn,M,590470
IQ,Iraq,forename,2,Ahmed,ahmed-fn,M,506825
IQ,Iraq,forename,3,علي,aly-fn,M;F,499308
IQ,Iraq,forename,4,محمد,mhmd-fn,M;F,451522
IQ,Iraq,forename,5,احمد,ahmd-fn,M;F,377211
IQ,Iraq,forename,6,Hussein,hussein-fn,M;F,302052
IQ,Iraq,forename,7,ابو,abw-fn,M;F,274060
IQ,Iraq,forename,8,حسين,hsyn-fn,M;F,264865
IQ,Iraq,forename,9,حيدر,hydr-fn,M;F,168448
IQ,Iraq,forename,10,Ali,ali-fn,M;F,166795
IQ,Iraq,forename,11,Hassan,hassan-fn,M;F,162830
IQ,Iraq,forename,12,Abbas,abas-fn,M;F,142716
IQ,Iraq,forename,13,Nour,nour-fn,F;M,137200
IQ,Iraq,forename,14,مصطفى,mstfa-fn,M,133829
IQ,Iraq,forename,15,حسن,hsn-fn,M;F,130215
IQ,Iraq,forename,16,حمودي,hmwdy-fn,M;F,123739
IQ,Iraq,forename,17,Amir,amir-fn,M;F,105686
IQ,Iraq,forename,18,نور,nwr-fn,F;M,95901
IQ,Iraq,forename,19,امير,amyr-fn,M;F,92489
IQ,Iraq,forename,20,وردة,wrdh-fn,F,89872
IQ,Iraq,forename,21,ام,am-fn,F;M,85489
IQ,Iraq,forename,22,سجاد,sjad-fn,M;F,83349
IQ,Iraq,forename,23,Omar,omar-fn,M;F,77997
IQ,Iraq,forename,24,Alaa,alaa-fn,M,69326
IQ,Iraq,forename,25,حسوني,hswny-fn,M;F,63010
IQ,Iraq,forename,26,علاوي,alawy-fn,M;F,62042
IQ,Iraq,forename,27,عبدالله,abdallh-fn,M,62039
IQ,Iraq,forename,28,زهرة,zhrh-fn,F;M,56107
IQ,Iraq,forename,29,يوسف,ywsf-fn,M;F,55944
IQ,Iraq,forename,30,كرار,krar-fn,M;F,53011
IQ,Iraq,forename,31,Mohammed,mohammed-fn,M;F,51034
IQ,Iraq,forename,32,اميرة,amyrh-fn,F;M,50727
IQ,Iraq,forename,33,عمر,amr-fn,M;F,50633
IQ,Iraq,forename,34,Amar,amar-fn,M;F,50101
IQ,Iraq,forename,35,Mahmoud,mahmoud-fn,M,49825
IQ,Iraq,forename,36,Sara,sara-fn,F;M,49145
IQ,Iraq,forename,37,Malak,malak-fn,F,47792
IQ,Iraq,forename,38,Mustafa,mustafa-fn,M;F,47072
IQ,Iraq,forename,39,Salah,salah-fn,M;F,46212
IQ,Iraq,forename,40,مرتضى,mrtdha-fn,M;F,45194
IQ,Iraq,forename,41,عطر,atr-fn,F;M,44091
IQ,Iraq,forename,42,سعد,sad-fn,M,43418
IQ,Iraq,forename,43,خالد,khald-fn,M,41119
IQ,Iraq,forename,44,سيد,syd-fn,M;F,40901
IQ,Iraq,forename,45,Yasser,yasser-fn,M;F,40382
IQ,Iraq,forename,46,مهند,mhnd-fn,M;F,40064
IQ,Iraq,forename,47,Noor,noor-fn,M;F,38972
IQ,Iraq,forename,48,محمود,mhmwd-fn,M;F,38422
IQ,Iraq,forename,49,Ahmad,ahmad-fn,M;F,38257
IQ,Iraq,forename,50,Waseem,waseem-fn,M;F,38045
IQ,Iraq,forename,51,وسام,wsam-fn,M;F,38045
IQ,Iraq,forename,52,Hossam,hossam-fn,M,36954
IQ,Iraq,forename,53,ابراهيم,abrahym-fn,M;F,36295
IQ,Iraq,forename,54,قاسم,qasm-fn,M,34882
IQ,Iraq,forename,55,جاسم,jasm-fn,M,34434
IQ,Iraq,forename,56,علوش,alwsh-fn,M;F,33578
IQ,Iraq,forename,57,حسام,hsam-fn,M;F,33052
IQ,Iraq,forename,58,مهدي,mhdy-fn,M,32947
IQ,Iraq,forename,59,ابو علي,abw-aly-fn,M,32453
IQ,Iraq,forename,60,Emad,emad-fn,M,31921
IQ,Iraq,forename,61,Salam,salam-fn,M;F,31169
IQ,Iraq,forename,62,زهراء,zhraa-fn,F;M,30282
IQ,Iraq,forename,63,ياسر,yasr-fn,M;F,29723
IQ,Iraq,forename,64,كاظم,kazm-fn,M,29422
IQ,Iraq,forename,65,زينب,zynb-fn,F;M,27683
IQ,Iraq,forename,66,سارة,sarh-fn,F;M,27446
IQ,Iraq,forename,67,وليد,wlyd-fn,M,27352
IQ,Iraq,forename,68,عماد,amad-fn,M;F,26802
IQ,Iraq,forename,69,عقيل,aqyl-fn,M,26599
IQ,Iraq,forename,70,منتظر,mntzr-fn,M,26310
IQ,Iraq,forename,71,حمزة,hmzh-fn,M;F,25991
IQ,Iraq,forename,72,ملاك,mlak-fn,F;M,25814
IQ,Iraq,forename,73,ضياء,dhyaa-fn,M,25657
IQ,Iraq,forename,74,Amer,amer-fn,M,25550
IQ,Iraq,forename,75,اياد,ayad-fn,M;F,25384
IQ,Iraq,forename,76,Adnan,adnan-fn,M,25054
IQ,Iraq,forename,77,سلام,slam-fn,M,24956
IQ,Iraq,forename,78,Um,um-fn,F;M,24630
IQ,Iraq,forename,79,جعفر,jafr-fn,M,24560
IQ,Iraq,forename,80,مريم,mrym-fn,F;M,23991
IQ,Iraq,forename,81,بحر,bhr-fn,M;F,23742
IQ,Iraq,forename,82,باسم,basm-fn,M,23385
IQ,Iraq,forename,83,Bassem,bassem-fn,M;F,23385
IQ,Iraq,forename,84,Sabah,sabah-fn,F;M,23320
IQ,Iraq,forename,85,ليث,lyth-fn,M,22811
IQ,Iraq,forename,86,Adel,aadl-fn,M,22730
IQ,Iraq,forename,87,العراقي,alaraqy-fn,M,22400
IQ,Iraq,forename,88,الورده,alwrdh-fn,F;M,22290
IQ,Iraq,forename,89,جرح,jrh-fn,M;F,21769
IQ,Iraq,forename,90,ابو محمد,abw-mhmd-fn,M,21435
IQ,Iraq,forename,91,رائد,raed-fn,M,21084
IQ,Iraq,forename,92,Ayman,ayman-fn,M,20964
IQ,Iraq,forename,93,صادق,sadq-fn,M,20942
IQ,Iraq,forename,94,صلاح,slah-fn,M;F,20901
IQ,Iraq,forename,95,Anwar,anwar-fn,M,20551
IQ,Iraq,forename,96,Saif,saif-fn,M;F,20426
IQ,Iraq,forename,97,نونه,nwnh-fn,F;M,20404
IQ,Iraq,forename,98,رعد,rad-fn,M,20038
IQ,Iraq,forename,99,كريم,krym-fn,M;F,19744
IQ,Iraq,forename,100,عامر,aamr-fn,M,19120
IQ,Iraq,surname,1,Ali,ali-sn,M;F,425888
IQ,Iraq,surname,2,العراقي,alaraqy-sn,M;F,337504
IQ,Iraq,surname,3,Mohamed,mohamed-sn,M;F,284499
IQ,Iraq,surname,4,علي,aly-sn,M;F,261312
IQ,Iraq,surname,5,Ahmed,ahmed-sn,M;F,221005
IQ,Iraq,surname,6,محمد,mhmd-sn,M;F,189372
IQ,Iraq,surname,7,الجبوري,aljbwry-sn,M;F,157281
IQ,Iraq,surname,8,الشمري,alshmry-sn,M;F,155029
IQ,Iraq,surname,9,البصراوي,albsrawy-sn,M;F,147131
IQ,Iraq,surname,10,احمد,ahmd-sn,M;F,127832
IQ,Iraq,surname,11,Hossain,hossain-sn,M;F,113850
IQ,Iraq,surname,12,الحنين,alhnyn-sn,F;M,97764
IQ,Iraq,surname,13,العبيدي,alabydy-sn,M;F,91121
IQ,Iraq,surname,14,حسين,hsyn-sn,M;F,87393
IQ,Iraq,surname,15,التميمي,altmymy-sn,M;F,86817
IQ,Iraq,surname,16,الموسوي,almwswy-sn,M;F,86787
IQ,Iraq,surname,17,الطائي,altaey-sn,M;F,75224
IQ,Iraq,surname,18,الساعدي,alsaady-sn,M;F,72795
IQ,Iraq,surname,19,الخفاجي,alkhfajy-sn,M;F,68956
IQ,Iraq,surname,20,الملكي,almlky-sn,M;F,68171
IQ,Iraq,surname,21,الدليمي,aldlymy-sn,M;F,66042
IQ,Iraq,surname,22,الربيعي,alrbyay-sn,M;F,59465
IQ,Iraq,surname,23,الاسدي,alasdy-sn,M;F,51928
IQ,Iraq,surname,24,حسن,hsn-sn,M;F,51890
IQ,Iraq,surname,25,الكعبي,alkaby-sn,M;F,51407
IQ,Iraq,surname,26,عباس,abas-sn,M;F,46204
IQ,Iraq,surname,27,الكربلائي,alkrblaey-sn,M;F,43697
IQ,Iraq,surname,28,العزاوي,alazawy-sn,M;F,43049
IQ,Iraq,surname,29,Ahmad,ahmad-sn,M;F,41957
IQ,Iraq,surname,30,البحر,albhr-sn,F;M,41576
IQ,Iraq,surname,31,Salah,salah-sn,M;F,40647
IQ,Iraq,surname,32,العامري,alaamry-sn,M;F,39389
IQ,Iraq,surname,33,المالكي,almalky-sn,M;F,39112
IQ,Iraq,surname,34,العبودي,alabwdy-sn,M;F,37540
IQ,Iraq,surname,35,الملك,almlk-sn,M;F,37124
IQ,Iraq,surname,36,Omar,omar-sn,M;F,36789
IQ,Iraq,surname,37,الدراجي,aldrajy-sn,M;F,35766
IQ,Iraq,surname,38,الكناني,alknany-sn,M;F,35562
IQ,Iraq,surname,39,الجنابي,aljnaby-sn,M;F,34668
IQ,Iraq,surname,40,المياحي,almyahy-sn,M;F,34541
IQ,Iraq,surname,41,الاحزان,alahzan-sn,M;F,33835
IQ,Iraq,surname,42,Mahmoud,mahmoud-sn,M;F,33273
IQ,Iraq,surname,43,الحسيني,alhsyny-sn,M;F,33271
IQ,Iraq,surname,44,العبادي,alabady-sn,M;F,33264
IQ,Iraq,surname,45,حيدر,hydr-sn,M;F,31325
IQ,Iraq,surname,46,Ibrahim,ibrahim-sn,M;F,31265
IQ,Iraq,surname,47,رجل,rjl-sn,M;F,30749
IQ,Iraq,surname,48,المحمداوي,almhmdawy-sn,M;F,30383
IQ,Iraq,surname,49,البياتي,albyaty-sn,M;F,30245
IQ,Iraq,surname,50,القيسي,alqysy-sn,M;F,30183
IQ,Iraq,surname,51,Mohammed,mohammed-sn,M;F,28944
IQ,Iraq,surname,52,الزهراء,alzhraa-sn,F;M,28892
IQ,Iraq,surname,53,البيضاء,albydhaa-sn,F;M,28563
IQ,Iraq,surname,54,الحمداني,alhmdany-sn,M;F,28490
IQ,Iraq,surname,55,Saad,saad-sn,M;F,28364
IQ,Iraq,surname,56,حمودي,hmwdy-sn,M;F,27581
IQ,Iraq,surname,57,اللامي,allamy-sn,F;M,26910
IQ,Iraq,surname,58,القريشي,alqryshy-sn,F;M,26719
IQ,Iraq,surname,59,الحسناوي,alhsnawy-sn,M;F,26634
IQ,Iraq,surname,60,الفتلاوي,alftlawy-sn,M;F,26398
IQ,Iraq,surname,61,العيساوي,alaysawy-sn,M,25784
IQ,Iraq,surname,62,النرجس,alnrjs-sn,F;M,25304
IQ,Iraq,surname,63,الصعيدي,alsaydy-sn,M;F,24983
IQ,Iraq,surname,64,جاسم,jasm-sn,M;F,24785
IQ,Iraq,surname,65,النعيمي,alnaymy-sn,M;F,24536
IQ,Iraq,surname,66,كريم,krym-sn,M;F,23965
IQ,Iraq,surname,67,الحسين,alhsyn-sn,F;M,23915
IQ,Iraq,surname,68,Al-Ukayli,alakyly-sn,M;F,23753
IQ,Iraq,surname,69,البنفسج,albnfsj-sn,F;M,23725
IQ,Iraq,surname,70,Al-Khaza'li,alkhzaly-sn,M;F,23671
IQ,Iraq,surname,71,السامرائي,alsamraey-sn,M;F,23348
IQ,Iraq,surname,72,Kazm,kazm-sn,M;F,23234
IQ,Iraq,surname,73,الورد,alwrd-sn,F;M,23133
IQ,Iraq,surname,74,Hamid,hamid-sn,M;F,22915
IQ,Iraq,surname,75,الياسمين,alyasmyn-sn,F;M,22834
IQ,Iraq,surname,76,مصطفى,mstfa-sn,M;F,22749
IQ,Iraq,surname,77,السعدي,alsady-sn,M;F,22701
IQ,Iraq,surname,78,الحياة,alhyah-sn,F;M,22600
IQ,Iraq,surname,79,الزيدي,alzydy-sn,M;F,22557
IQ,Iraq,surname,80,الخالدي,alkhaldy-sn,M;F,22346
IQ,Iraq,surname,81,Karim,karim-sn,M;F,22199
IQ,Iraq,surname,82,Hassan,hassan-sn,F;M,22174
IQ,Iraq,surname,83,عبدالله,abdallh-sn,M;F,21663
IQ,Iraq,surname,84,Abd,abd-sn,M;F,21155
IQ,Iraq,surname,85,يوسف,ywsf-sn,M;F,20810
IQ,Iraq,surname,86,الامير,alamyr-sn,M;F,20463
IQ,Iraq,surname,87,الامل,alaml-sn,F;M,20373
IQ,Iraq,surname,88,البديري,albdyry-sn,M,20277
IQ,Iraq,surname,89,البهادلي,albhadly-sn,M,19935
IQ,Iraq,surname,90,الطيب,altyb-sn,M;F,19918
IQ,Iraq,surname,91,الربيع,alrbya-sn,F;M,19684
IQ,Iraq,surname,92,المعموري,almamwry-sn,M;F,19420
IQ,Iraq,surname,93,السيد,alsyd-sn,M;F,19364
IQ,Iraq,surname,94,الجميلي,aljmyly-sn,M;F,19351
IQ,Iraq,surname,95,Kamal,kamal-sn,M;F,19280
IQ,Iraq,surname,96,السلطاني,alsltany-sn,M;F,18791
IQ,Iraq,surname,97,حزن,hzn-sn,F;M,18783
IQ,Iraq,surname,98,Nour,nour-sn,F;M,18741
IQ,Iraq,surname,99,قاسم,qasm-sn,M;F,18465
IQ,Iraq,surname,100,Adnan,adnan-sn,M;F,18421
IR,Iran,forename,1,Mohamed,mohamed-fn,M,68841
IR,Iran,forename,2,Mohammad,mohammad-fn,M;F,40866
IR,Iran,forename,3,Petr,petr-fn,M,37426
IR,Iran,forename,4,Mehdi,mehdi-fn,M,35230
IR,Iran,forename,5,Martin,martin-fn,M,31814
IR,Iran,forename,6,Jana,jana-fn,F,31688
IR,Iran,forename,7,Reza,reza-fn,M,31571
IR,Iran,forename,8,Amir,amir-fn,M;F,31430
IR,Iran,forename,9,Tomas,tomas-fn,M,28522
IR,Iran,forename,10,Jan,jan-fn,M;F,27861
IR,Iran,forename,11,Pavel,pavel-fn,M,24240
IR,Iran,forename,12,Jiří,jiri-fn,M,23558
IR,Iran,forename,13,Michal,michal-fn,M;F,21432
IR,Iran,forename,14,Petra,petra-fn,F,19926
IR,Iran,forename,15,Hussein,hussein-fn,M;F,19509
IR,Iran,forename,16,Lenka,lenka-fn,F,19380
IR,Iran,forename,17,Alireza,alireza-fn,M,19310
IR,Iran,forename,18,Lucie,lucie-fn,F,17907
IR,Iran,forename,19,David,david-fn,M;F,17026
IR,Iran,forename,20,Hamid,hamid-fn,M;F,16644
IR,Iran,forename,21,Mohsen,mohsen-fn,M;F,16448
IR,Iran,forename,22,Lukas,lukas-fn,M,15956
IR,Iran,forename,23,Eva,eva-fn,F,15680
IR,Iran,forename,24,Ahmed,ahmed-fn,M,15511
IR,Iran,forename,25,Martina,martina-fn,F,15326
IR,Iran,forename,26,Kateřina,katerina-fn,F,15119
IR,Iran,forename,27,Amine,amine-fn,M,15004
IR,Iran,forename,28,Saeed,saeed-fn,M,14583
IR,Iran,forename,29,Mohamad,mohamad-fn,M,14508
IR,Iran,forename,30,Hossein,hossein-fn,M,14135
IR,Iran,forename,31,Veronika,veronika-fn,F,14118
IR,Iran,forename,32,Amin,amin-fn,M,13605
IR,Iran,forename,33,محمد,mhmd-fn,M;F,13467
IR,Iran,forename,34,Jakub,jakub-fn,M,13432
IR,Iran,forename,35,Hassan,hassan-fn,M;F,13055
IR,Iran,forename,36,Mahdi,mahdi-fn,M,12851
IR,Iran,forename,37,Hamed,hamed-fn,M,12628
IR,Iran,forename,38,Michaela,michaela-fn,F,12500
IR,Iran,forename,39,Hana,hana-fn,F;M,11906
IR,Iran,forename,40,Milad,milad-fn,M,11709
IR,Iran,forename,41,Ahmad,ahmad-fn,M;F,11674
IR,Iran,forename,42,Mariam,mariam-fn,F;M,11175
IR,Iran,forename,43,Maryam,maryam-fn,F,11175
IR,Iran,forename,44,Josef,josef-fn,M,10770
IR,Iran,forename,45,Tereza,tereza-fn,F,10688
IR,Iran,forename,46,Omid,omid-fn,M,10487
IR,Iran,forename,47,Monika,monika-fn,F,10252
IR,Iran,forename,48,Majid,majid-fn,M,10133
IR,Iran,forename,49,Milan,milan-fn,M,10106
IR,Iran,forename,50,Ehsan,ehsan-fn,F;M,10002
IR,Iran,forename,51,Jaroslav,jaroslav-fn,M,9993
IR,Iran,forename,52,Vahid,vahid-fn,M,9877
IR,Iran,forename,53,Roman,roman-fn,M,9821
IR,Iran,forename,54,علي,aly-fn,M;F,9718
IR,Iran,forename,55,Zdeněk,zdenek-fn,M,9671
IR,Iran,forename,56,Marek,marek-fn,M,9301
IR,Iran,forename,57,Mostafa,mostafa-fn,M;F,9249
IR,Iran,forename,58,Mustafa,mustafa-fn,M;F,9249
IR,Iran,forename,59,Alena,alena-fn,F,9163
IR,Iran,forename,60,Marie,marie-fn,F;M,9147
IR,Iran,forename,61,Arash,arash-fn,M,9108
IR,Iran,forename,62,Radek,radek-fn,M,9081
IR,Iran,forename,63,Markéta,marketa-fn,F,8962
IR,Iran,forename,64,Jitka,jitka-fn,F,8786
IR,Iran,forename,65,Morteza,morteza-fn,M,8739
IR,Iran,forename,66,Karel,karel-fn,M,8731
IR,Iran,forename,67,Honza,honza-fn,M,8659
IR,Iran,forename,68,Miroslav,miroslav-fn,M,8488
IR,Iran,forename,69,Masoud,masoud-fn,M,8430
IR,Iran,forename,70,Javad,javad-fn,M,8249
IR,Iran,forename,71,Mojtaba,mojtaba-fn,M,8142
IR,Iran,forename,72,Hadi,hadi-fn,M,8096
IR,Iran,forename,73,Zahra,zahra-fn,F,8027
IR,Iran,forename,74,Ivana,ivana-fn,F,7970
IR,Iran,forename,75,Daniel,daniel-fn,M;F,7700
IR,Iran,forename,76,Sara,sara-fn,F;M,7624
IR,Iran,forename,77,Zuzana,zuzana-fn,F,7550
IR,Iran,forename,78,Václav,vaclav-fn,M,7504
IR,Iran,forename,79,Anna,anna-fn,F;M,7463
IR,Iran,forename,80,Hosein,hosein-fn,M,7044
IR,Iran,forename,81,Andrea,andrea-fn,F;M,6837
IR,Iran,forename,82,Bahar,bahar-fn,F,6804
IR,Iran,forename,83,Filip,filip-fn,M,6697
IR,Iran,forename,84,Renata,renata-fn,F,6510
IR,Iran,forename,85,Marcela,marcela-fn,F,6192
IR,Iran,forename,86,Saeid,saeid-fn,M,6150
IR,Iran,forename,87,Vera,vera-fn,F,6132
IR,Iran,forename,88,Dana,dana-fn,F;M,6056
IR,Iran,forename,89,Adam,adam-fn,M,5999
IR,Iran,forename,90,Mahmoud,mahmoud-fn,M,5940
IR,Iran,forename,91,Sina,sina-fn,F;M,5925
IR,Iran,forename,92,Jirka,jirka-fn,M,5914
IR,Iran,forename,93,Vladimir,vladimir-fn,M,5870
IR,Iran,forename,94,Mehrdad,mehrdad-fn,M,5820
IR,Iran,forename,95,Farhad,farhad-fn,M,5676
IR,Iran,forename,96,Abbas,abbas-fn,M,5645
IR,Iran,forename,97,Kristýna,kristyna-fn,F,5586
IR,Iran,forename,98,Pavla,pavla-fn,F,5565
IR,Iran,forename,99,Barbora,barbora-fn,F,5471
IR,Iran,forename,100,Hasan,hasan-fn,M;F,5456
IR,Iran,surname,1,Mohammadi,mohammadi-sn,F;M,15300
IR,Iran,surname,2,Ahmadi,ahmadi-sn,M;F,14603
IR,Iran,surname,3,Mohamed,mohamed-sn,M;F,7828
IR,Iran,surname,4,Karimi,karimi-sn,M;F,7444
IR,Iran,surname,5,Sh,sh-sn,M;F,6782
IR,Iran,surname,6,Moradi,moradi-sn,M;F,6234
IR,Iran,surname,7,Gh,gh-sn,M;F,5872
IR,Iran,surname,8,Jafari,jafari-sn,,5821
IR,Iran,surname,9,محمدی,mhmdy-sn,M,5784
IR,Iran,surname,10,Rahimi,rahimi-sn,M;F,5313
IR,Iran,surname,11,Novák,novak-sn,M,5249
IR,Iran,surname,12,Hosseini,hosseini-sn,M;F,5237
IR,Iran,surname,13,Mohamadi,mohamadi-sn,M;F,4974
IR,Iran,surname,14,Amiri,amiri-sn,M;F,4941
IR,Iran,surname,15,Sadeghi,sadeghi-sn,M;F,4582
IR,Iran,surname,16,Kh,kh-sn,M;F,4280
IR,Iran,surname,17,Reda,reda-sn,M;F,3938
IR,Iran,surname,18,Reza,reza-sn,M,3938
IR,Iran,surname,19,Nováková,novakova-sn,,3828
IR,Iran,surname,20,Ali,ali-sn,M;F,3706
IR,Iran,surname,21,Rezaei,rezaei-sn,M,3547
IR,Iran,surname,22,Ebrahimi,ebrahimi-sn,M,3460
IR,Iran,surname,23,Ibrahimi,ibrahimi-sn,M,3460
IR,Iran,surname,24,احمدی,ahmdy-sn,M,3351
IR,Iran,surname,25,حسینی,hsyny-sn,M;F,3176
IR,Iran,surname,26,Ghasemi,ghasemi-sn,M,3167
IR,Iran,surname,27,Akbari,akbari-sn,M,2944
IR,Iran,surname,28,Salehi,salehi-sn,M,2942
IR,Iran,surname,29,Zare,zare-sn,M,2924
IR,Iran,surname,30,Asadi,asadi-sn,M,2828
IR,Iran,surname,31,Hashemi,hashemi-sn,M,2793
IR,Iran,surname,32,Abbas,abbas-sn,M;F,2791
IR,Iran,surname,33,Abbasi,abbasi-sn,M,2791
IR,Iran,surname,34,Svoboda,svoboda-sn,,2784
IR,Iran,surname,35,Mousavi,mousavi-sn,M,2772
IR,Iran,surname,36,Heydari,heydari-sn,M,2723
IR,Iran,surname,37,Alizadeh,alizadeh-sn,M,2673
IR,Iran,surname,38,Novotná,novotna-sn,F,2595
IR,Iran,surname,39,Amini,amini-sn,M,2555
IR,Iran,surname,40,Nazari,nazari-sn,,2521
IR,Iran,surname,41,Azizi,azizi-sn,M,2487
IR,Iran,surname,42,Kazemi,kazemi-sn,M,2487
IR,Iran,surname,43,Svobodová,svobodova-sn,F,2486
IR,Iran,surname,44,Bagheri,bagheri-sn,M,2414
IR,Iran,surname,45,Hoseini,hoseini-sn,M,2371
IR,Iran,surname,46,Sharifi,sharifi-sn,M,2356
IR,Iran,surname,47,Novotný,novotny-sn,M,2292
IR,Iran,surname,48,Gholami,gholami-sn,M,2250
IR,Iran,surname,49,Dvořáková,dvorakova-sn,F,2247
IR,Iran,surname,50,Soltani,soltani-sn,M,2204
IR,Iran,surname,51,Baloch,baloch-sn,M,2186
IR,Iran,surname,52,Taheri,taheri-sn,M,2120
IR,Iran,surname,53,Rahmani,rahmani-sn,,2098
IR,Iran,surname,54,Dvořák,dvorak-sn,M,2053
IR,Iran,surname,55,Černá,cerna-sn,F,2028
IR,Iran,surname,56,Ghorbani,ghorbani-sn,M,2025
IR,Iran,surname,57,Najafi,najafi-sn,M,1947
IR,Iran,surname,58,Rostami,rostami-sn,M,1943
IR,Iran,surname,59,Zarei,zarei-sn,M,1926
IR,Iran,surname,60,Khan,khan-sn,M;F,1924
IR,Iran,surname,61,حیدری,hydry-sn,M,1831
IR,Iran,surname,62,Safari,safari-sn,M,1815
IR,Iran,surname,63,Yousefi,yousefi-sn,M,1814
IR,Iran,surname,64,Karami,karami-sn,M,1811
IR,Iran,surname,65,Mosavi,mosavi-sn,M,1802
IR,Iran,surname,66,رضایی,rdhayy-sn,M,1800
IR,Iran,surname,67,مرادی,mrady-sn,,1795
IR,Iran,surname,68,Rad,rad-sn,,1795
IR,Iran,surname,69,Černý,cerny-sn,M,1761
IR,Iran,surname,70,Zamani,zamani-sn,M,1728
IR,Iran,surname,71,موسوی,mwswy-sn,M,1722
IR,Iran,surname,72,رحیمی,rhymy-sn,M,1715
IR,Iran,surname,73,Maleki,maleki-sn,M,1679
IR,Iran,surname,74,Bahrami,bahrami-sn,M,1639
IR,Iran,surname,75,Procházková,prochazkova-sn,F,1602
IR,Iran,surname,76,امیری,amyry-sn,M,1575
IR,Iran,surname,77,کریمی,krymy-sn,M,1507
IR,Iran,surname,78,Irani,irani-sn,M,1484
IR,Iran,surname,79,Kučerová,kucerova-sn,F,1479
IR,Iran,surname,80,Nasiri,nasiri-sn,M,1455
IR,Iran,surname,81,Mohammad,mohammad-sn,M;F,1438
IR,Iran,surname,82,Khosravi,khosravi-sn,M,1417
IR,Iran,surname,83,نظری,nzry-sn,M,1417
IR,Iran,surname,84,محمد,mhmd-sn,M;F,1416
IR,Iran,surname,85,Fathi,fathi-sn,M;F,1404
IR,Iran,surname,86,Procházka,prochazka-sn,M,1404
IR,Iran,surname,87,Kučera,kucera-sn,M,1393
IR,Iran,surname,88,Ansari,ansari-sn,M;F,1366
IR,Iran,surname,89,Dehghan,dehghan-sn,M,1326
IR,Iran,surname,90,Hasani,hasani-sn,M,1325
IR,Iran,surname,91,Heidari,heidari-sn,M,1315
IR,Iran,surname,92,Naseri,naseri-sn,M,1315
IR,Iran,surname,93,Habibi,habibi-sn,M;F,1311
IR,Iran,surname,94,Veselá,vesela-sn,F,1309
IR,Iran,surname,95,Ranjbar,ranjbar-sn,M,1296
IR,Iran,surname,96,Marek,marek-sn,M,1289
IR,Iran,surname,97,Salimi,salimi-sn,M,1278
IR,Iran,surname,98,Jalali,jalali-sn,M,1271
IR,Iran,surname,99,Hamid,hamid-sn,M;F,1255
IR,Iran,surname,100,Hamidi,hamidi-sn,M,1255
IS,Iceland,forename,1,Krzysztof,krzysztof-fn,F;M,27
IS,Iceland,forename,2,Stella,stella-fn,F;M,22
IS,Iceland,forename,3,Beata,beata-fn,F;M,14
IS,Iceland,forename,4,Elena,elena-fn,F;M,6
IS,Iceland,forename,5,Mirosław,miroslaw-fn,M,5
IS,Iceland,forename,6,Przemek,przemek-fn,F;M,4
IS,Iceland,forename,7,Ayoub,ayoub-fn,M,2
IS,Iceland,forename,8,Carolina,carolina-fn,F;M,2
IS,Iceland,forename,9,Krista,krista-fn,F;M,2
IS,Iceland,forename,10,Nura,nura-fn,F;M,2
IS,Iceland,forename,11,Vanda,vanda-fn,F;M,2
IS,Iceland,surname,1,Hassan,hassan-sn,F;M,2
IS,Iceland,surname,2,Le,le-sn,F;M,2
IS,Iceland,surname,3,Ma,ma-sn,F;M,2
IS,Iceland,surname,4,Santo,santo-sn,F;M,2
IT,Italy,forename,1,Giuseppe,giuseppe-fn,M,502123
IT,Italy,forename,2,Francesco,francesco-fn,M,501771
IT,Italy,forename,3,Marco,marco-fn,M;F,469199
IT,Italy,forename,4,Andrea,andrea-fn,F;M,469192
IT,Italy,forename,5,Antonio,antonio-fn,M;F,469138
IT,Italy,forename,6,Alessandro,alessandro-fn,M,352025
IT,Italy,forename,7,Anna,anna-fn,F;M,346376
IT,Italy,forename,8,Luca,luca-fn,M,338572
IT,Italy,forename,9,Giovanni,giovanni-fn,M,311501
IT,Italy,forename,10,Francesca,francesca-fn,F;M,282880
IT,Italy,forename,11,Roberto,roberto-fn,M,275102
IT,Italy,forename,12,Stefano,stefano-fn,M,259593
IT,Italy,forename,13,Paolo,paolo-fn,M;F,257311
IT,Italy,forename,14,Michèle,michele-fn,F;M,245468
IT,Italy,forename,15,Salvatore,salvatore-fn,M;F,233641
IT,Italy,forename,16,Davide,davide-fn,M,218393
IT,Italy,forename,17,Matteo,matteo-fn,M,217949
IT,Italy,forename,18,Fabio,fabio-fn,M,212257
IT,Italy,forename,19,Sara,sara-fn,F;M,209559
IT,Italy,forename,20,Vincenzo,vincenzo-fn,M;F,209385
IT,Italy,forename,21,Luigi,luigi-fn,M;F,207682
IT,Italy,forename,22,Mario,mario-fn,M,207201
IT,Italy,forename,23,Massimo,massimo-fn,M,203119
IT,Italy,forename,24,Simone,simone-fn,F;M,191831
IT,Italy,forename,25,Laura,laura-fn,F,190643
IT,Italy,forename,26,Daniele,daniele-fn,F;M,190301
IT,Italy,forename,27,Antonella,antonella-fn,F,180303
IT,Italy,forename,28,Angelo,angelo-fn,M;F,177277
IT,Italy,forename,29,Elena,elena-fn,F;M,175793
IT,Italy,forename,30,Angela,angela-fn,F;M,175538
IT,Italy,forename,31,Giulia,giulia-fn,F,173817
IT,Italy,forename,32,Daniela,daniela-fn,F,171645
IT,Italy,forename,33,Chiara,chiara-fn,F,171368
IT,Italy,forename,34,Nicola,nicola-fn,M;F,170435
IT,Italy,forename,35,Paola,paola-fn,F,164869
IT,Italy,forename,36,Valentina,valentina-fn,F,163586
IT,Italy,forename,37,Lorenzo,lorenzo-fn,M,161672
IT,Italy,forename,38,Silvia,silvia-fn,F,155243
IT,Italy,forename,39,Claudio,claudio-fn,M,150686
IT,Italy,forename,40,Maurizio,maurizio-fn,M,145912
IT,Italy,forename,41,Cristina,cristina-fn,F,141067
IT,Italy,forename,42,Domenico,domenico-fn,M,139317
IT,Italy,forename,43,Franco,franco-fn,M,138979
IT,Italy,forename,44,Lucia,lucia-fn,F,138031
IT,Italy,forename,45,Alessandra,alessandra-fn,F,134503
IT,Italy,forename,46,Federica,federica-fn,F,131451
IT,Italy,forename,47,Martina,martina-fn,F,130414
IT,Italy,forename,48,Stefania,stefania-fn,F,129838
IT,Italy,forename,49,Patrizia,patrizia-fn,F,129546
IT,Italy,forename,50,Riccardo,riccardo-fn,M,127346
IT,Italy,forename,51,Alberto,alberto-fn,M,127302
IT,Italy,forename,52,Roberta,roberta-fn,F,126701
IT,Italy,forename,53,Alessia,alessia-fn,F,125633
IT,Italy,forename,54,Elisa,elisa-fn,F,122174
IT,Italy,forename,55,Mauro,mauro-fn,M,121538
IT,Italy,forename,56,Carlo,carlo-fn,M,121111
IT,Italy,forename,57,Alessio,alessio-fn,M,120677
IT,Italy,forename,58,Giovanna,giovanna-fn,F,119766
IT,Italy,forename,59,Pietro,pietro-fn,M,119109
IT,Italy,forename,60,Federico,federico-fn,M,117713
IT,Italy,forename,61,Simona,simona-fn,F,117555
IT,Italy,forename,62,Gabriele,gabriele-fn,F;M,117503
IT,Italy,forename,63,Monica,monica-fn,F,115540
IT,Italy,forename,64,Claudia,claudia-fn,F,115510
IT,Italy,forename,65,Gianluca,gianluca-fn,M,113084
IT,Italy,forename,66,Barbara,barbara-fn,F,112988
IT,Italy,forename,67,Giorgio,giorgio-fn,M,109064
IT,Italy,forename,68,Rosa,rosa-fn,F,105558
IT,Italy,forename,69,Gianni,gianni-fn,M,102997
IT,Italy,forename,70,Pasquale,pasquale-fn,M,102787
IT,Italy,forename,71,Rita,rita-fn,F,101783
IT,Italy,forename,72,Fabrizio,fabrizio-fn,M,101200
IT,Italy,forename,73,Enrico,enrico-fn,M,99002
IT,Italy,forename,74,Mattia,mattia-fn,M;F,98881
IT,Italy,forename,75,Emanuele,emanuele-fn,M,97093
IT,Italy,forename,76,Raffaele,raffaele-fn,M,93938
IT,Italy,forename,77,Michela,michela-fn,F,91546
IT,Italy,forename,78,Sergio,sergio-fn,M,90597
IT,Italy,forename,79,Filippo,filippo-fn,M,90248
IT,Italy,forename,80,Teresa,teresa-fn,F,85704
IT,Italy,forename,81,Giacomo,giacomo-fn,M,80856
IT,Italy,forename,82,Ilaria,ilaria-fn,F,79303
IT,Italy,forename,83,Sabrina,sabrina-fn,F;M,79261
IT,Italy,forename,84,Enzo,enzo-fn,M,78015
IT,Italy,forename,85,Valeria,valeria-fn,F,76417
IT,Italy,forename,86,Cinzia,cinzia-fn,F,75142
IT,Italy,forename,87,Cristian,cristian-fn,M,75014
IT,Italy,forename,88,Luciano,luciano-fn,M,75007
IT,Italy,forename,89,Giorgia,giorgia-fn,F,74957
IT,Italy,forename,90,Tiziana,tiziana-fn,F,74472
IT,Italy,forename,91,Leonardo,leonardo-fn,M,74157
IT,Italy,forename,92,Massimiliano,massimiliano-fn,M,72288
IT,Italy,forename,93,Giusy,giusy-fn,F,71685
IT,Italy,forename,94,Gaetano,gaetano-fn,M,68860
IT,Italy,forename,95,Eleonora,eleonora-fn,F,68415
IT,Italy,forename,96,Sonia,sonia-fn,F,67555
IT,Italy,forename,97,Veronica,veronica-fn,F,67526
IT,Italy,forename,98,Marina,marina-fn,F,66807
IT,Italy,forename,99,Carmela,carmela-fn,F,66584
IT,Italy,forename,100,Caterina,caterina-fn,F,66073
IT,Italy,surname,1,Rossi,rossi-sn,M;F,132982
IT,Italy,surname,2,Russo,russo-sn,M;F,110176
IT,Italy,surname,3,Esposito,esposito-sn,M;F,101387
IT,Italy,surname,4,Romano,romano-sn,M;F,54549
IT,Italy,surname,5,Ferrari,ferrari-sn,M;F,43652
IT,Italy,surname,6,Mariño,marino-sn,M;F,43408
IT,Italy,surname,7,Bruno,bruno-sn,M;F,39510
IT,Italy,surname,8,Bianchi,bianchi-sn,M;F,38586
IT,Italy,surname,9,Greco,greco-sn,M;F,38479
IT,Italy,surname,10,Giordano,giordano-sn,M;F,36254
IT,Italy,surname,11,Singh,singh-sn,M;F,35535
IT,Italy,surname,12,Gallo,gallo-sn,M;F,35416
IT,Italy,surname,13,Rizzo,rizzo-sn,M;F,33338
IT,Italy,surname,14,Ricci,ricci-sn,M;F,30842
IT,Italy,surname,15,Caruso,caruso-sn,M;F,30588
IT,Italy,surname,16,Costa,costa-sn,M;F,30273
IT,Italy,surname,17,Ferrara,ferrara-sn,M;F,29424
IT,Italy,surname,18,Santoro,santoro-sn,M;F,28291
IT,Italy,surname,19,Leone,leone-sn,F;M,27628
IT,Italy,surname,20,Colombo,colombo-sn,M;F,26577
IT,Italy,surname,21,Mancini,mancini-sn,M;F,26375
IT,Italy,surname,22,Vitale,vitale-sn,M;F,26375
IT,Italy,surname,23,Coppola,coppola-sn,M;F,26272
IT,Italy,surname,24,Dangelo,dangelo-sn,M;F,25895
IT,Italy,surname,25,Conti,conti-sn,M;F,25622
IT,Italy,surname,26,Conte,conte-sn,M;F,24716
IT,Italy,surname,27,Maria,maria-sn,F;M,24633
IT,Italy,surname,28,Longo,longo-sn,M;F,24302
IT,Italy,surname,29,Amato,amato-sn,M;F,24050
IT,Italy,surname,30,Lombardo,lombardo-sn,M;F,23345
IT,Italy,surname,31,Messina,messina-sn,M;F,23093
IT,Italy,surname,32,Gentile,gentile-sn,M,22090
IT,Italy,surname,33,Fiore,fiore-sn,M,21914
IT,Italy,surname,34,Bianco,bianco-sn,M,21853
IT,Italy,surname,35,Rinaldi,rinaldi-sn,M,21639
IT,Italy,surname,36,Giuseppe,giuseppe-sn,M;F,21549
IT,Italy,surname,37,Franco,franco-sn,M;F,21314
IT,Italy,surname,38,Palumbo,palumbo-sn,M;F,21131
IT,Italy,surname,39,Fontana,fontana-sn,M;F,21060
IT,Italy,surname,40,De Rosa,de-rosa-sn,M;F,21040
IT,Italy,surname,41,De Luca,de-luca-sn,M;F,21014
IT,Italy,surname,42,Grasso,grasso-sn,M;F,21014
IT,Italy,surname,43,Lombardi,lombardi-sn,M;F,21014
IT,Italy,surname,44,Parisi,parisi-sn,M;F,21014
IT,Italy,surname,45,Moretti,moretti-sn,M;F,19671
IT,Italy,surname,46,Ferraro,ferraro-sn,M;F,19433
IT,Italy,surname,47,Caputo,caputo-sn,M;F,19123
IT,Italy,surname,48,Sorrentino,sorrentino-sn,M;F,19042
IT,Italy,surname,49,Martino,martino-sn,M;F,18955
IT,Italy,surname,50,Lã,la-fn,M;F,18829
IT,Italy,surname,51,Barone,barone-sn,M;F,18611
IT,Italy,surname,52,Carbone,carbone-sn,M;F,18015
IT,Italy,surname,53,Basile,basile-sn,M;F,17908
IT,Italy,surname,54,Pellegrino,pellegrino-sn,M;F,17852
IT,Italy,surname,55,Sanna,sanna-sn,M;F,17629
IT,Italy,surname,56,Damico,damico-sn,M;F,17356
IT,Italy,surname,57,De Santis,de-santis-sn,M;F,17205
IT,Italy,surname,58,Pagano,pagano-sn,M;F,17196
IT,Italy,surname,59,Romeo,romeo-sn,M;F,17135
IT,Italy,surname,60,Orlando,orlando-sn,M;F,16897
IT,Italy,surname,61,Ruggiero,ruggiero-sn,M;F,16845
IT,Italy,surname,62,Martini,martini-sn,M;F,16654
IT,Italy,surname,63,Barbieri,barbieri-sn,M;F,16608
IT,Italy,surname,64,Testa,testa-sn,,16521
IT,Italy,surname,65,De Angelis,de-angelis-sn,,16503
IT,Italy,surname,66,Mariani,mariani-sn,M;F,16409
IT,Italy,surname,67,Marco,marco-sn,M;F,15865
IT,Italy,surname,68,Martinelli,martinelli-sn,,15846
IT,Italy,surname,69,Francesco,francesco-sn,M;F,15720
IT,Italy,surname,70,Piras,piras-sn,M;F,15610
IT,Italy,surname,71,Mauro,mauro-sn,M;F,15427
IT,Italy,surname,72,Fusco,fusco-sn,M;F,15423
IT,Italy,surname,73,Mohamed,mohamed-sn,M;F,15382
IT,Italy,surname,74,Rosa,rosa-sn,F;M,15380
IT,Italy,surname,75,Salvatore,salvatore-sn,M;F,15284
IT,Italy,surname,76,Marini,marini-sn,,15240
IT,Italy,surname,77,Antonio,antonio-sn,M;F,15160
IT,Italy,surname,78,Ferri,ferri-sn,,14979
IT,Italy,surname,79,Napoli,napoli-sn,M;F,14961
IT,Italy,surname,80,Dagostino,dagostino-sn,,14958
IT,Italy,surname,81,Catalano,catalano-sn,,14944
IT,Italy,surname,82,Morelli,morelli-sn,,14944
IT,Italy,surname,83,De Simone,de-simone-sn,M;F,14896
IT,Italy,surname,84,Stella,stella-sn,F;M,14843
IT,Italy,surname,85,Garofalo,garofalo-sn,M;F,14840
IT,Italy,surname,86,Palmieri,palmieri-sn,M;F,14823
IT,Italy,surname,87,Farina,farina-sn,M;F,14616
IT,Italy,surname,88,Calabrese,calabrese-sn,M;F,14603
IT,Italy,surname,89,Roma,roma-sn,M;F,14523
IT,Italy,surname,90,Ahmed,ahmed-sn,M;F,14391
IT,Italy,surname,91,Mazza,mazza-sn,,14367
IT,Italy,surname,92,Galli,galli-sn,,14315
IT,Italy,surname,93,Napolitano,napolitano-sn,M;F,14203
IT,Italy,surname,94,Silvestri,silvestri-sn,M;F,13868
IT,Italy,surname,95,Luca,luca-sn,M;F,13659
IT,Italy,surname,96,Cirillo,cirillo-sn,M;F,13650
IT,Italy,surname,97,Pinna,pinna-sn,M;F,13596
IT,Italy,surname,98,Viola,viola-sn,M;F,13552
IT,Italy,surname,99,Motta,motta-sn,M;F,13545
IT,Italy,surname,100,Battaglia,battaglia-sn,,13537
JM,Jamaica,forename,1,Anthony,anthony-fn,M,1796
JM,Jamaica,forename,2,Andre,andre-fn,M;F,1643
JM,Jamaica,forename,3,Kevin,kevin-fn,M,1609
JM,Jamaica,forename,4,Michael,michael-fn,M,1588
JM,Jamaica,forename,5,Omar,omar-fn,M;F,1470
JM,Jamaica,forename,6,Ricardo,ricardo-fn,M,1324
JM,Jamaica,forename,7,Richard,richard-fn,M,1294
JM,Jamaica,forename,8,Andrew,andrew-fn,M,1274
JM,Jamaica,forename,9,Dwayne,dwayne-fn,M,1266
JM,Jamaica,forename,10,Christopher,christopher-fn,M,1252
JM,Jamaica,forename,11,David,david-fn,M;F,1233
JM,Jamaica,forename,12,Mark,mark-fn,M,1192
JM,Jamaica,forename,13,Jason,jason-fn,M,1152
JM,Jamaica,forename,14,Jermaine,jermaine-fn,M,1108
JM,Jamaica,forename,15,Kemar,kemar-fn,M,1090
JM,Jamaica,forename,16,Junior,junior-fn,M,1033
JM,Jamaica,forename,17,Paul,paul-fn,M,1003
JM,Jamaica,forename,18,Leroy,leroy-fn,F;M,543
JM,Jamaica,forename,19,Elaine,elaine-fn,F;M,395
JM,Jamaica,forename,20,Shan,shan-fn,F;M,316
JM,Jamaica,forename,21,Clinton,clinton-fn,M,133
JM,Jamaica,forename,22,Trish,trish-fn,F;M,48
JM,Jamaica,forename,23,Ash,ash-fn,F;M,45
JM,Jamaica,forename,24,Inez,inez-fn,F;M,28
JM,Jamaica,forename,25,Harvey,harvey-fn,F;M,27
JM,Jamaica,forename,26,Debby,debby-fn,F;M,21
JM,Jamaica,forename,27,Sidney,sidney-fn,F;M,21
JM,Jamaica,forename,28,Mikel,mikel-fn,M,15
JM,Jamaica,forename,29,Annemarie,annemarie-fn,F;M,14
JM,Jamaica,forename,30,Elena,elena-fn,F;M,11
JM,Jamaica,forename,31,Stella,stella-fn,F;M,10
JM,Jamaica,forename,32,Eleanor,eleanor-fn,F,9
JM,Jamaica,forename,33,Leandra,leandra-fn,F;M,9
JM,Jamaica,forename,34,Neva,neva-fn,F;M,5
JM,Jamaica,forename,35,Boy,boy-fn,M,4
JM,Jamaica,forename,36,Carolina,carolina-fn,F;M,4
JM,Jamaica,forename,37,Anneke,anneke-fn,F;M,3
JM,Jamaica,forename,38,Krista,krista-fn,F;M,3
JM,Jamaica,forename,39,Marja,marja-fn,F;M,3
JM,Jamaica,forename,40,Patti,patti-fn,F;M,3
JM,Jamaica,forename,41,Zahir,zahir-fn,F;M,3
JM,Jamaica,forename,42,Ange,ange-fn,F;M,2
JM,Jamaica,forename,43,Emmy,emmy-fn,F;M,2
JM,Jamaica,forename,44,Eze,eze-fn,F;M,2
JM,Jamaica,forename,45,Hellen,hellen-fn,F,2
JM,Jamaica,forename,46,Ibra,ibra-fn,M,2
JM,Jamaica,forename,47,Letty,letty-fn,F;M,2
JM,Jamaica,surname,1,Brown,brown-sn,M;F,12228
JM,Jamaica,surname,2,Reid,reid-sn,M;F,8112
JM,Jamaica,surname,3,Williams,williams-sn,M;F,7671
JM,Jamaica,surname,4,Smith,smith-sn,M;F,6734
JM,Jamaica,surname,5,Campbell,campbell-sn,M;F,4970
JM,Jamaica,surname,6,Johnson,johnson-sn,M;F,4696
JM,Jamaica,surname,7,Thompson,thompson-sn,M;F,3351
JM,Jamaica,surname,8,Clark,clark-sn,M;F,3161
JM,Jamaica,surname,9,Clarke,clarke-sn,M;F,3161
JM,Jamaica,surname,10,Thomas,thomas-sn,M;F,2974
JM,Jamaica,surname,11,Henry,henry-sn,M;F,2810
JM,Jamaica,surname,12,Gordon,gordon-sn,M;F,2698
JM,Jamaica,surname,13,Robinson,robinson-sn,M;F,2529
JM,Jamaica,surname,14,Grant,grant-sn,M;F,2477
JM,Jamaica,surname,15,Wright,wright-sn,M;F,2300
JM,Jamaica,surname,16,Davis,davis-sn,M;F,2268
JM,Jamaica,surname,17,Lewis,lewis-sn,M;F,2243
JM,Jamaica,surname,18,Anderson,anderson-sn,M;F,2228
JM,Jamaica,surname,19,Francis,francis-sn,M;F,2186
JM,Jamaica,surname,20,Edwards,edwards-sn,M;F,2167
JM,Jamaica,surname,21,Green,green-sn,M;F,2156
JM,Jamaica,surname,22,Miller,miller-sn,M;F,2126
JM,Jamaica,surname,23,Wilson,wilson-sn,M;F,2061
JM,Jamaica,surname,24,James,james-sn,M;F,1158
JM,Jamaica,surname,25,Allen,allen-sn,M;F,1019
JM,Jamaica,surname,26,Stephenson,stephenson-sn,F;M,516
JM,Jamaica,surname,27,Hutchinson,hutchinson-sn,F;M,514
JM,Jamaica,surname,28,Bowen,bowen-sn,F;M,340
JM,Jamaica,surname,29,Townsend,townsend-sn,F;M,179
JM,Jamaica,surname,30,Bruce,bruce-sn,F;M,160
JM,Jamaica,surname,31,Baxter,baxter-sn,F;M,111
JM,Jamaica,surname,32,Raymond,raymond-sn,F;M,85
JM,Jamaica,surname,33,Greene,greene-sn,F;M,42
JM,Jamaica,surname,34,Nichols,nichols-sn,F;M,25
JM,Jamaica,surname,35,Deva,deva-sn,F;M,19
JM,Jamaica,surname,36,Power,power-sn,,19
JM,Jamaica,surname,37,Chandler,chandler-sn,F;M,17
JM,Jamaica,surname,38,Rain,rain-sn,,15
JM,Jamaica,surname,39,Osullivan,osullivan-sn,F;M,14
JM,Jamaica,surname,40,Ma,ma-sn,F;M,8
JM,Jamaica,surname,41,Seven,seven-sn,F;M,8
JM,Jamaica,surname,42,Tyler,tyler-sn,,8
JM,Jamaica,surname,43,Hassan,hassan-sn,F;M,7
JM,Jamaica,surname,44,Glover,glover-sn,F;M,6
JM,Jamaica,surname,45,Dia,dia-sn,,5
JM,Jamaica,surname,46,Enrique,enrique-sn,F;M,4
JM,Jamaica,surname,47,Kar,kar-sn,F;M,4
JM,Jamaica,surname,48,Amen,amen-sn,F;M,2
JM,Jamaica,surname,49,Angelo,angelo-sn,,2
JM,Jamaica,surname,50,Castellano,castellano-sn,,2
JM,Jamaica,surname,51,Dev,dev-sn,F;M,2
JM,Jamaica,surname,52,Hale,hale-sn,,2
JM,Jamaica,surname,53,Le,le-sn,F;M,2
JM,Jamaica,surname,54,Santo,santo-sn,F;M,2
JM,Jamaica,surname,55,Zara,zara-sn,F;M,2
JO,Jordan,forename,1,Mohamed,mohamed-fn,M,185765
JO,Jordan,forename,2,Ahmed,ahmed-fn,M,120166
JO,Jordan,forename,3,محمد,mhmd-fn,M;F,102974
JO,Jordan,forename,4,احمد,ahmd-fn,M;F,57891
JO,Jordan,forename,5,Ahmad,ahmad-fn,M;F,53707
JO,Jordan,forename,6,Mohammad,mohammad-fn,M;F,44404
JO,Jordan,forename,7,Mahmoud,mahmoud-fn,M,39834
JO,Jordan,forename,8,ابو,abw-fn,M;F,38831
JO,Jordan,forename,9,Omar,omar-fn,M;F,30147
JO,Jordan,forename,10,ام,am-fn,F;M,28023
JO,Jordan,forename,11,محمود,mhmwd-fn,M;F,23602
JO,Jordan,forename,12,Alaa,alaa-fn,M,21519
JO,Jordan,forename,13,علي,aly-fn,M;F,17878
JO,Jordan,forename,14,خالد,khald-fn,M,17450
JO,Jordan,forename,15,Mohammed,mohammed-fn,M;F,17399
JO,Jordan,forename,16,Nour,nour-fn,F;M,16507
JO,Jordan,forename,17,Ali,ali-fn,M;F,15486
JO,Jordan,forename,18,عبدالله,abdallh-fn,M,14512
JO,Jordan,forename,19,ابراهيم,abrahym-fn,M;F,13524
JO,Jordan,forename,20,Hassan,hassan-fn,M;F,13276
JO,Jordan,forename,21,عمر,amr-fn,M;F,13196
JO,Jordan,forename,22,Khaled,khaled-fn,M,11761
JO,Jordan,forename,23,Salah,salah-fn,M;F,11386
JO,Jordan,forename,24,Malak,malak-fn,F,11382
JO,Jordan,forename,25,Osama,osama-fn,M,11324
JO,Jordan,forename,26,Sara,sara-fn,F;M,11032
JO,Jordan,forename,27,Ayman,ayman-fn,M,10954
JO,Jordan,forename,28,Abdullah,abdullah-fn,M,10881
JO,Jordan,forename,29,زهرة,zhrh-fn,F;M,10715
JO,Jordan,forename,30,Ibrahim,ibrahim-fn,M;F,10147
JO,Jordan,forename,31,يوسف,ywsf-fn,M;F,9784
JO,Jordan,forename,32,Emad,emad-fn,M,9740
JO,Jordan,forename,33,Amer,amer-fn,M,9690
JO,Jordan,forename,34,Amir,amir-fn,M;F,8485
JO,Jordan,forename,35,Hussein,hussein-fn,M;F,8345
JO,Jordan,forename,36,حمزة,hmzh-fn,M;F,8007
JO,Jordan,forename,37,Um,um-fn,F;M,7955
JO,Jordan,forename,38,Mohamad,mohamad-fn,M,7927
JO,Jordan,forename,39,Anas,anas-fn,M;F,7880
JO,Jordan,forename,40,رائد,raed-fn,M,7856
JO,Jordan,forename,41,Noor,noor-fn,M;F,7769
JO,Jordan,forename,42,Bilal,bilal-fn,M;F,7551
JO,Jordan,forename,43,امير,amyr-fn,M;F,7463
JO,Jordan,forename,44,Hossam,hossam-fn,M,7359
JO,Jordan,forename,45,حسن,hsn-fn,M;F,7108
JO,Jordan,forename,46,اميرة,amyrh-fn,F;M,7063
JO,Jordan,forename,47,نور,nwr-fn,F;M,7054
JO,Jordan,forename,48,Zaid,zaid-fn,M,6752
JO,Jordan,forename,49,Abood,abood-fn,M,6685
JO,Jordan,forename,50,Jamal,jamal-fn,M;F,6667
JO,Jordan,forename,51,Yazan,yazan-fn,M,6628
JO,Jordan,forename,52,حسين,hsyn-fn,M;F,6372
JO,Jordan,forename,53,Hamza,hamza-fn,M,6357
JO,Jordan,forename,54,Abd,abd-fn,M;F,6046
JO,Jordan,forename,55,Abdo,abdo-fn,M;F,6046
JO,Jordan,forename,56,Eman,eman-fn,F;M,5874
JO,Jordan,forename,57,ام محمد,am-mhmd-fn,F,5753
JO,Jordan,forename,58,حموده,hmwdh-fn,M,5684
JO,Jordan,forename,59,Nasser,nasser-fn,M;F,5672
JO,Jordan,forename,60,Rawan,rawan-fn,F;M,5346
JO,Jordan,forename,61,عماد,amad-fn,M;F,5328
JO,Jordan,forename,62,Mustafa,mustafa-fn,M;F,5325
JO,Jordan,forename,63,Maher,maher-fn,M,5240
JO,Jordan,forename,64,Abdallah,abdallah-fn,M,5192
JO,Jordan,forename,65,وردة,wrdh-fn,F,5178
JO,Jordan,forename,66,مصطفى,mstfa-fn,M,5136
JO,Jordan,forename,67,Hanan,hanan-fn,F;M,5088
JO,Jordan,forename,68,ماجد,majd-fn,M;F,4968
JO,Jordan,forename,69,Majid,majid-fn,M,4968
JO,Jordan,forename,70,Om,om-fn,F;M,4938
JO,Jordan,forename,71,Amjad,amjad-fn,M;F,4801
JO,Jordan,forename,72,طارق,tarq-fn,M;F,4694
JO,Jordan,forename,73,Abo,abo-fn,M;F,4601
JO,Jordan,forename,74,عامر,aamr-fn,M,4593
JO,Jordan,forename,75,Rami,rami-fn,M,4590
JO,Jordan,forename,76,Amal,amal-fn,F;M,4542
JO,Jordan,forename,77,Adnan,adnan-fn,M,4479
JO,Jordan,forename,78,Wael,wael-fn,M,4436
JO,Jordan,forename,79,وليد,wlyd-fn,M,4434
JO,Jordan,forename,80,Fares,fares-fn,M,4394
JO,Jordan,forename,81,Abu,abu-fn,M;F,4380
JO,Jordan,forename,82,Laith,laith-fn,M,4374
JO,Jordan,forename,83,ايمن,aymn-fn,M;F,4359
JO,Jordan,forename,84,Yasser,yasser-fn,M;F,4317
JO,Jordan,forename,85,Ammar,ammar-fn,M,4266
JO,Jordan,forename,86,Mourad,mourad-fn,M,4213
JO,Jordan,forename,87,Samer,samer-fn,M,4176
JO,Jordan,forename,88,حسام,hsam-fn,M;F,4166
JO,Jordan,forename,89,اسامة,asamh-fn,M,4102
JO,Jordan,forename,90,مهند,mhnd-fn,M;F,4073
JO,Jordan,forename,91,Bassam,bassam-fn,M,4043
JO,Jordan,forename,92,Heba,heba-fn,F;M,4036
JO,Jordan,forename,93,Manal,manal-fn,F,4036
JO,Jordan,forename,94,Saif,saif-fn,M;F,3952
JO,Jordan,forename,95,بلال,blal-fn,M;F,3949
JO,Jordan,forename,96,Marwan,marwan-fn,M,3936
JO,Jordan,forename,97,عبود,abwd-fn,M,3874
JO,Jordan,forename,98,جمال,jmal-fn,M;F,3832
JO,Jordan,forename,99,زيد,zyd-fn,M,3797
JO,Jordan,forename,100,صالح,salh-fn,M;F,3788
JO,Jordan,surname,1,Mohamed,mohamed-sn,M;F,45616
JO,Jordan,surname,2,Ahmed,ahmed-sn,M;F,41554
JO,Jordan,surname,3,محمد,mhmd-sn,M;F,30043
JO,Jordan,surname,4,Ali,ali-sn,M;F,19940
JO,Jordan,surname,5,احمد,ahmd-sn,M;F,19169
JO,Jordan,surname,6,Ahmad,ahmad-sn,M;F,19005
JO,Jordan,surname,7,Abu Fawaz,abw-fwas-sn,M;F,12430
JO,Jordan,surname,8,الزعبي,alzaby-sn,M;F,10870
JO,Jordan,surname,9,Fakhory,fakhory-sn,F;M,9108
JO,Jordan,surname,10,المصري,almsry-sn,M;F,8867
JO,Jordan,surname,11,Omar,omar-sn,M;F,8652
JO,Jordan,surname,12,Mahmoud,mahmoud-sn,M;F,8542
JO,Jordan,surname,13,Mohammad,mohammad-sn,M;F,8297
JO,Jordan,surname,14,علي,aly-sn,M;F,8254
JO,Jordan,surname,15,الخالدي,alkhaldy-sn,M;F,8073
JO,Jordan,surname,16,Salah,salah-sn,M;F,7873
JO,Jordan,surname,17,العبادي,alabady-sn,M;F,6746
JO,Jordan,surname,18,الخطيب,alkhtyb-sn,M;F,6392
JO,Jordan,surname,19,محمود,mhmwd-sn,M;F,5816
JO,Jordan,surname,20,العمري,alamry-sn,M;F,5220
JO,Jordan,surname,21,القيسي,alqysy-sn,M;F,5158
JO,Jordan,surname,22,العدوان,aladwan-sn,M;F,4940
JO,Jordan,surname,23,Hamdan,hamdan-sn,M;F,4876
JO,Jordan,surname,24,المومني,almwmny-sn,M;F,4724
JO,Jordan,surname,25,Alzoubi,alzoubi-sn,M;F,4663
JO,Jordan,surname,26,خالد,khald-sn,M;F,4478
JO,Jordan,surname,27,الخوالده,alkhwaldh-sn,M,4266
JO,Jordan,surname,28,Obeidat,obeidat-sn,M;F,4047
JO,Jordan,surname,29,Akter,akter-sn,F;M,4030
JO,Jordan,surname,30,Ana,ana-sn,F;M,4027
JO,Jordan,surname,31,يوسف,ywsf-sn,M;F,4027
JO,Jordan,surname,32,عبدالله,abdallh-sn,M;F,4020
JO,Jordan,surname,33,Ibrahim,ibrahim-sn,M;F,4020
JO,Jordan,surname,34,Mohammed,mohammed-sn,M;F,3977
JO,Jordan,surname,35,عمر,amr-sn,M;F,3747
JO,Jordan,surname,36,Saleh,saleh-sn,M;F,3660
JO,Jordan,surname,37,المساعيد,almsaayd-sn,M,3636
JO,Jordan,surname,38,Khaled,khaled-sn,M;F,3165
JO,Jordan,surname,39,عبيدات,abydat-sn,M;F,3136
JO,Jordan,surname,40,Jaber,jaber-sn,,3110
JO,Jordan,surname,41,النرجس,alnrjs-sn,F;M,3074
JO,Jordan,surname,42,Malkawi,malkawi-sn,M;F,3074
JO,Jordan,surname,43,حسن,hsn-sn,M;F,3057
JO,Jordan,surname,44,Alomari,alomari-sn,M;F,2970
JO,Jordan,surname,45,Yousef,yousef-sn,M;F,2965
JO,Jordan,surname,46,Hassan,hassan-sn,F;M,2868
JO,Jordan,surname,47,Al-Huwaiti,alhwyty-sn,M;F,2858
JO,Jordan,surname,48,Almomani,almomani-sn,M;F,2852
JO,Jordan,surname,49,الشام,alsham-sn,F;M,2831
JO,Jordan,surname,50,Hadad,hadad-sn,M;F,2788
JO,Jordan,surname,51,Haddad,haddad-sn,M;F,2788
JO,Jordan,surname,52,ابراهيم,abrahym-sn,M;F,2741
JO,Jordan,surname,53,Hasan,hasan-sn,M;F,2723
JO,Jordan,surname,54,Hamada,hamada-sn,M;F,2708
JO,Jordan,surname,55,Salem,salem-sn,M;F,2589
JO,Jordan,surname,56,الحياة,alhyah-sn,F;M,2558
JO,Jordan,surname,57,Al-Rifai,alrfaay-sn,M;F,2471
JO,Jordan,surname,58,الشرفات,alshrfat-sn,M,2434
JO,Jordan,surname,59,الشمري,alshmry-sn,M;F,2424
JO,Jordan,surname,60,الورد,alwrd-sn,F;M,2415
JO,Jordan,surname,61,الحمايده,alhmaydh-sn,M,2410
JO,Jordan,surname,62,الياسمين,alyasmyn-sn,F;M,2387
JO,Jordan,surname,63,Jamal,jamal-sn,M;F,2379
JO,Jordan,surname,64,الخلايله,alkhlaylh-sn,M,2365
JO,Jordan,surname,65,العنزي,alanzy-sn,M;F,2357
JO,Jordan,surname,66,البيضاء,albydhaa-sn,F;M,2331
JO,Jordan,surname,67,Hossain,hossain-sn,M;F,2328
JO,Jordan,surname,68,حسين,hsyn-sn,M;F,2328
JO,Jordan,surname,69,الحريري,alhryry-sn,,2313
JO,Jordan,surname,70,الحمصي,alhmsy-sn,M,2291
JO,Jordan,surname,71,Mohamad,mohamad-sn,M;F,2267
JO,Jordan,surname,72,النعيمي,alnaymy-sn,M;F,2178
JO,Jordan,surname,73,السيد,alsyd-sn,M;F,2126
JO,Jordan,surname,74,السرحان,alsrhan-sn,M,2123
JO,Jordan,surname,75,الحوراني,alhwrany-sn,M,2119
JO,Jordan,surname,76,Alali,alali-sn,M;F,2022
JO,Jordan,surname,77,العلي,alaly-sn,M;F,2022
JO,Jordan,surname,78,المناصير,almnasyr-sn,M,1971
JO,Jordan,surname,79,الجبور,aljbwr-sn,M,1859
JO,Jordan,surname,80,ابو محمد,abw-mhmd-sn,M,1837
JO,Jordan,surname,81,الفاعوري,alfaawry-sn,M,1810
JO,Jordan,surname,82,النجار,alnjar-sn,M;F,1788
JO,Jordan,surname,83,بني صخر,bny-skhr-sn,M,1756
JO,Jordan,surname,84,صالح,salh-sn,M;F,1756
JO,Jordan,surname,85,المشاقبه,almshaqbh-sn,M,1721
JO,Jordan,surname,86,الحويطات,alhwytat-sn,M,1656
JO,Jordan,surname,87,النعيمات,alnaymat-sn,M,1656
JO,Jordan,surname,88,العجارمه,alajarmh-sn,M,1635
JO,Jordan,surname,89,Awad,awad-sn,M;F,1594
JO,Jordan,surname,90,Hammad,hammad-sn,M;F,1586
JO,Jordan,surname,91,Kumar,kumar-sn,M;F,1582
JO,Jordan,surname,92,Jaradat,jaradat-sn,M,1573
JO,Jordan,surname,93,Odeh,odeh-sn,,1564
JO,Jordan,surname,94,الزيود,alzywd-sn,M,1561
JO,Jordan,surname,95,القرآن,alqraan-sn,,1560
JO,Jordan,surname,96,Almasri,almasri-sn,M,1545
JO,Jordan,surname,97,الطراونه,altrawnh-sn,M,1529
JO,Jordan,surname,98,القضاه,alqdhah-sn,M,1513
JO,Jordan,surname,99,السعودي,alsawdy-sn,M,1495
JO,Jordan,surname,100,Smadi,smadi-sn,M,1489
JP,Japan,forename,1,Yuki,yuki-fn,F;M,2069
JP,Japan,forename,2,Muna,muna-fn,F,1520
JP,Japan,forename,3,Takashi,takashi-fn,M,1368
JP,Japan,forename,4,Hiroshi,hiroshi-fn,M,1301
JP,Japan,forename,5,Yuka,yuka-fn,F,1047
JP,Japan,forename,6,Yusuke,yusuke-fn,M,1045
JP,Japan,forename,7,Maki,maki-fn,F;M,550
JP,Japan,forename,8,Rina,rina-fn,F;M,408
JP,Japan,forename,9,Marcio,marcio-fn,F;M,315
JP,Japan,forename,10,Chika,chika-fn,F;M,276
JP,Japan,forename,11,Elena,elena-fn,F;M,181
JP,Japan,forename,12,Yukihiro,yukihiro-fn,M,135
JP,Japan,forename,13,Carolina,carolina-fn,F;M,90
JP,Japan,forename,14,Sueli,sueli-fn,F;M,90
JP,Japan,forename,15,Elaine,elaine-fn,F;M,74
JP,Japan,forename,16,Tatiane,tatiane-fn,F;M,50
JP,Japan,forename,17,Shan,shan-fn,F;M,44
JP,Japan,forename,18,Marin,marin-fn,F;M,39
JP,Japan,forename,19,Aina,aina-fn,F;M,31
JP,Japan,forename,20,Sidney,sidney-fn,F;M,30
JP,Japan,forename,21,Mayara,mayara-fn,F,26
JP,Japan,forename,22,Stella,stella-fn,F;M,23
JP,Japan,forename,23,Terezinha,terezinha-fn,F,20
JP,Japan,forename,24,Adeel,adeel-fn,F;M,17
JP,Japan,forename,25,Elisangela,elisangela-fn,F,16
JP,Japan,forename,26,Vikram,vikram-fn,F;M,16
JP,Japan,forename,27,Ash,ash-fn,F;M,15
JP,Japan,forename,28,Sumit,sumit-fn,F;M,15
JP,Japan,forename,29,Hellen,hellen-fn,F,14
JP,Japan,forename,30,Dil,dil-fn,F;M,13
JP,Japan,forename,31,Edilson,edilson-fn,F;M,13
JP,Japan,forename,32,Mohit,mohit-fn,M,12
JP,Japan,forename,33,Helder,helder-fn,M,11
JP,Japan,forename,34,Tanvir,tanvir-fn,F;M,10
JP,Japan,forename,35,Zahir,zahir-fn,F;M,10
JP,Japan,forename,36,Emmy,emmy-fn,F;M,9
JP,Japan,forename,37,Hakan,hakan-fn,F;M,9
JP,Japan,forename,38,Marilia,marilia-fn,F;M,8
JP,Japan,forename,39,Xuan,xuan-fn,F;M,8
JP,Japan,forename,40,Heidy,heidy-fn,F;M,7
JP,Japan,forename,41,Inez,inez-fn,F;M,7
JP,Japan,forename,42,Vanda,vanda-fn,F;M,7
JP,Japan,forename,43,Debby,debby-fn,F;M,6
JP,Japan,forename,44,Gökhan,gokhan-fn,F;M,6
JP,Japan,forename,45,Jef,jef-fn,F;M,6
JP,Japan,forename,46,Kishor,kishor-fn,F;M,6
JP,Japan,forename,47,Manzoor,manzoor-fn,F;M,6
JP,Japan,forename,48,Maximilian,maximilian-fn,F;M,6
JP,Japan,forename,49,Sathish,sathish-fn,M,6
JP,Japan,forename,50,Seema,seema-fn,F;M,6
JP,Japan,forename,51,Глеб,gleb-fn,F;M,5
JP,Japan,forename,52,Ham,ham-fn,F;M,5
JP,Japan,forename,53,Harvey,harvey-fn,F;M,5
JP,Japan,forename,54,Nahid,nahid-fn,F;M,5
JP,Japan,forename,55,Ruan,ruan-fn,F;M,5
JP,Japan,forename,56,Valery,valery-fn,F;M,5
JP,Japan,forename,57,Yury,yury-fn,F;M,5
JP,Japan,forename,58,Zainab,zainab-fn,F;M,5
JP,Japan,forename,59,Ayoub,ayoub-fn,M,4
JP,Japan,forename,60,Clinton,clinton-fn,M,4
JP,Japan,forename,61,Eleanor,eleanor-fn,F,4
JP,Japan,forename,62,Faysal,faysal-fn,M,4
JP,Japan,forename,63,Hima,hima-fn,F;M,4
JP,Japan,forename,64,Leandra,leandra-fn,F;M,4
JP,Japan,forename,65,Rubén Darío,ruben-dario-fn,M,4
JP,Japan,forename,66,Shreya,shreya-fn,F;M,4
JP,Japan,forename,67,Алмас,almas-fn,M;F,3
JP,Japan,forename,68,Ange,ange-fn,F;M,3
JP,Japan,forename,69,Annemarie,annemarie-fn,F;M,3
JP,Japan,forename,70,Hilmi,hilmi-fn,F;M,3
JP,Japan,forename,71,Leroy,leroy-fn,F;M,3
JP,Japan,forename,72,Mart,mart-fn,M,3
JP,Japan,forename,73,Rhys,rhys-fn,F;M,3
JP,Japan,forename,74,Srinivas,srinivas-fn,F;M,3
JP,Japan,forename,75,Wahab,wahab-fn,F;M,3
JP,Japan,forename,76,Yohana,yohana-fn,F;M,3
JP,Japan,forename,77,Aisyah,aisyah-fn,F;M,2
JP,Japan,forename,78,Boy,boy-fn,M,2
JP,Japan,forename,79,Ct,ct-fn,F;M,2
JP,Japan,forename,80,Eyal,eyal-fn,F;M,2
JP,Japan,forename,81,Eze,eze-fn,F;M,2
JP,Japan,forename,82,Lukman,lukman-fn,M,2
JP,Japan,forename,83,Mikel,mikel-fn,M,2
JP,Japan,forename,84,Nery,nery-fn,F;M,2
JP,Japan,forename,85,Nils,nils-fn,F;M,2
JP,Japan,forename,86,Sina,sina-fn,F;M,2
JP,Japan,forename,87,Trish,trish-fn,F;M,2
JP,Japan,surname,1,Maruyama,maruyama-sn,F;M,13492
JP,Japan,surname,2,Haruna,haruna-sn,,5000
JP,Japan,surname,3,Suzuki,suzuki-sn,M;F,2624
JP,Japan,surname,4,Sato,sato-sn,M;F,2561
JP,Japan,surname,5,Tanaka,tanaka-sn,M,1352
JP,Japan,surname,6,Watanabe,watanabe-sn,M,1196
JP,Japan,surname,7,Takahashi,takahashi-sn,M,1143
JP,Japan,surname,8,Ma,ma-sn,F;M,117
JP,Japan,surname,9,Hassan,hassan-sn,F;M,68
JP,Japan,surname,10,Zhao,zhao-sn,F;M,59
JP,Japan,surname,11,Le,le-sn,F;M,49
JP,Japan,surname,12,Zheng,zheng-sn,F;M,39
JP,Japan,surname,13,Faria,faria-sn,,19
JP,Japan,surname,14,Moro,moro-sn,F;M,18
JP,Japan,surname,15,Dev,dev-sn,F;M,15
JP,Japan,surname,16,Angeles,angeles-sn,F;M,14
JP,Japan,surname,17,Sahoo,sahoo-sn,F;M,14
JP,Japan,surname,18,Fall,fall-sn,,13
JP,Japan,surname,19,Cheah,cheah-sn,,9
JP,Japan,surname,20,Enrique,enrique-sn,F;M,9
JP,Japan,surname,21,Waqas,waqas-sn,,9
JP,Japan,surname,22,Debnath,debnath-sn,F;M,8
JP,Japan,surname,23,Power,power-sn,,8
JP,Japan,surname,24,Santo,santo-sn,F;M,8
JP,Japan,surname,25,Kar,kar-sn,F;M,7
JP,Japan,surname,26,Kwong,kwong-sn,F;M,7
JP,Japan,surname,27,Parra,parra-sn,F;M,7
JP,Japan,surname,28,Rain,rain-sn,,7
JP,Japan,surname,29,Raymond,raymond-sn,F;M,7
JP,Japan,surname,30,Rm,rm-sn,F;M,7
JP,Japan,surname,31,Mendonça,mendonca-sn,F;M,6
JP,Japan,surname,32,Nichols,nichols-sn,F;M,6
JP,Japan,surname,33,Vinicius,vinicius-sn,F;M,6
JP,Japan,surname,34,Agha,agha-sn,F;M,5
JP,Japan,surname,35,Chandler,chandler-sn,F;M,5
JP,Japan,surname,36,Fauzi,fauzi-sn,,5
JP,Japan,surname,37,Leroux,leroux-sn,,5
JP,Japan,surname,38,Shukla,shukla-sn,M;F,5
JP,Japan,surname,39,Ugwu,ugwu-sn,F;M,5
JP,Japan,surname,40,Belen,belen-sn,F;M,4
JP,Japan,surname,41,Dia,dia-sn,,4
JP,Japan,surname,42,Greene,greene-sn,F;M,4
JP,Japan,surname,43,Hutchinson,hutchinson-sn,F;M,4
JP,Japan,surname,44,Manzano,manzano-sn,F;M,4
JP,Japan,surname,45,Matta,matta-sn,F;M,4
JP,Japan,surname,46,Morton,morton-sn,F;M,4
JP,Japan,surname,47,Poh,poh-sn,F;M,4
JP,Japan,surname,48,Rathore,rathore-sn,F;M,4
JP,Japan,surname,49,Ayesha,ayesha-sn,F;M,3
JP,Japan,surname,50,Bonnet,bonnet-sn,F;M,3
JP,Japan,surname,51,Bruce,bruce-sn,F;M,3
JP,Japan,surname,52,Castellano,castellano-sn,,3
JP,Japan,surname,53,Crespo,crespo-sn,F;M,3
JP,Japan,surname,54,Dixit,dixit-sn,F;M,3
JP,Japan,surname,55,Hale,hale-sn,,3
JP,Japan,surname,56,Horton,horton-sn,F;M,3
JP,Japan,surname,57,Jannat,jannat-sn,F;M,3
JP,Japan,surname,58,Leblanc,leblanc-sn,F;M,3
JP,Japan,surname,59,Osullivan,osullivan-sn,F;M,3
JP,Japan,surname,60,Saraiva,saraiva-sn,F;M,3
JP,Japan,surname,61,Stephenson,stephenson-sn,F;M,3
JP,Japan,surname,62,Torre,torre-sn,F;M,3
JP,Japan,surname,63,Tyler,tyler-sn,,3
JP,Japan,surname,64,Babul,babul-sn,,2
JP,Japan,surname,65,Bowen,bowen-sn,F;M,2
JP,Japan,surname,66,Caroline,caroline-sn,,2
JP,Japan,surname,67,Cubillos,cubillos-sn,F;M,2
JP,Japan,surname,68,Espino,espino-sn,F;M,2
JP,Japan,surname,69,Gori,gori-sn,,2
JP,Japan,surname,70,Jana,jana-sn,F;M,2
JP,Japan,surname,71,Jurado,jurado-sn,F;M,2
JP,Japan,surname,72,Kalu,kalu-sn,F;M,2
JP,Japan,surname,73,Mariam,mariam-sn,F;M,2
JP,Japan,surname,74,Marrone,marrone-sn,F;M,2
JP,Japan,surname,75,Ornelas,ornelas-sn,F;M,2
JP,Japan,surname,76,Rahma,rahma-sn,F;M,2
JP,Japan,surname,77,Seven,seven-sn,F;M,2
JP,Japan,surname,78,Tarek,tarek-sn,M;F,2
JP,Japan,surname,79,Tirado,tirado-sn,F;M,2
KG,,forename,1,Daniyar,daniyar-fn,M,1264
KH,Cambodia,forename,1,Rina,rina-fn,F;M,2
KH,Cambodia,surname,1,Ma,ma-sn,F;M,5
KR,Korea,forename,1,Stella,stella-fn,F;M,3
KR,Korea,forename,2,Boy,boy-fn,M,2
KR,Korea,forename,3,Elena,elena-fn,F;M,2
KR,Korea,forename,4,Ham,ham-fn,F;M,2
KR,Korea,forename,5,Sina,sina-fn,F;M,2
KR,Korea,surname,1,Ha,ha-sn,,40000
KR,Korea,surname,2,Jo,jo-sn,,4561
KR,Korea,surname,3,Kim,kim-sn,M;F,2533
KR,Korea,surname,4,Lee,lee-sn,M;F,2014
KR,Korea,surname,5,Ma,ma-sn,F;M,19
KR,Korea,surname,6,Le,le-sn,F;M,5
KW,Kuwait,forename,1,Mohamed,mohamed-fn,M,90630
KW,Kuwait,forename,2,Md,md-fn,M;F,64699
KW,Kuwait,forename,3,Ahmed,ahmed-fn,M,44592
KW,Kuwait,forename,4,Ali,ali-fn,M;F,28028
KW,Kuwait,forename,5,Mohammed,mohammed-fn,M;F,22924
KW,Kuwait,forename,6,Mohammad,mohammad-fn,M;F,18460
KW,Kuwait,forename,7,Abdul,abdul-fn,M,16898
KW,Kuwait,forename,8,Shaik,shaik-fn,M;F,15414
KW,Kuwait,forename,9,Ahmad,ahmad-fn,M;F,14226
KW,Kuwait,forename,10,Khaled,khaled-fn,M,13564
KW,Kuwait,forename,11,Abdullah,abdullah-fn,M,13117
KW,Kuwait,forename,12,Sara,sara-fn,F;M,12690
KW,Kuwait,forename,13,Nour,nour-fn,F;M,10414
KW,Kuwait,forename,14,Nasser,nasser-fn,M;F,8903
KW,Kuwait,forename,15,Omar,omar-fn,M;F,8682
KW,Kuwait,forename,16,Fahad,fahad-fn,M;F,8305
KW,Kuwait,forename,17,Raju,raju-fn,M;F,7950
KW,Kuwait,forename,18,Hassan,hassan-fn,M;F,7907
KW,Kuwait,forename,19,Mohd,mohd-fn,M;F,7616
KW,Kuwait,forename,20,Muhammad,muhammad-fn,M;F,7205
KW,Kuwait,forename,21,Mahmoud,mahmoud-fn,M,7147
KW,Kuwait,forename,22,Abu,abu-fn,M;F,6598
KW,Kuwait,forename,23,Hussein,hussein-fn,M;F,6386
KW,Kuwait,forename,24,Noor,noor-fn,M;F,6244
KW,Kuwait,forename,25,Ramesh,ramesh-fn,M,5866
KW,Kuwait,forename,26,Mustafa,mustafa-fn,M;F,5832
KW,Kuwait,forename,27,Mariam,mariam-fn,F;M,5714
KW,Kuwait,forename,28,Salem,salem-fn,M,5703
KW,Kuwait,forename,29,Abo,abo-fn,M;F,5629
KW,Kuwait,forename,30,Bader,bader-fn,M,5526
KW,Kuwait,forename,31,Badr,badr-fn,M;F,5526
KW,Kuwait,forename,32,Suresh,suresh-fn,M,5326
KW,Kuwait,forename,33,Hussain,hussain-fn,M,5250
KW,Kuwait,forename,34,Faisal,faisal-fn,M;F,5129
KW,Kuwait,forename,35,Khalid,khalid-fn,M;F,4980
KW,Kuwait,forename,36,Rajesh,rajesh-fn,M,4958
KW,Kuwait,forename,37,Ibrahim,ibrahim-fn,M;F,4916
KW,Kuwait,forename,38,Aziz,aziz-fn,M,4895
KW,Kuwait,forename,39,Hamad,hamad-fn,M,4790
KW,Kuwait,forename,40,Syed,syed-fn,M,4618
KW,Kuwait,forename,41,Raj,raj-fn,M;F,4541
KW,Kuwait,forename,42,Kumar,kumar-fn,M,4476
KW,Kuwait,forename,43,Ram,ram-fn,M;F,4469
KW,Kuwait,forename,44,Saad,saad-fn,M;F,4422
KW,Kuwait,forename,45,Kamal,kamal-fn,M;F,4360
KW,Kuwait,forename,46,Raja,raja-fn,M;F,4330
KW,Kuwait,forename,47,Salah,salah-fn,M;F,4317
KW,Kuwait,forename,48,Fatma,fatma-fn,F;M,4311
KW,Kuwait,forename,49,Mohamad,mohamad-fn,M,4269
KW,Kuwait,forename,50,Ravi,ravi-fn,M,4178
KW,Kuwait,forename,51,Imran,imran-fn,M;F,4078
KW,Kuwait,forename,52,Kumari,kumari-fn,F,4067
KW,Kuwait,forename,53,Babu,babu-fn,M,4008
KW,Kuwait,forename,54,Amir,amir-fn,M;F,3810
KW,Kuwait,forename,55,Sunil,sunil-fn,M,3723
KW,Kuwait,forename,56,Ashraf,ashraf-fn,M,3711
KW,Kuwait,forename,57,Sarah,sarah-fn,F,3635
KW,Kuwait,forename,58,Jamal,jamal-fn,M;F,3573
KW,Kuwait,forename,59,Anwar,anwar-fn,M,3456
KW,Kuwait,forename,60,Adel,adel-fn,M;F,3334
KW,Kuwait,forename,61,Mostafa,mostafa-fn,M;F,3294
KW,Kuwait,forename,62,Manoj,manoj-fn,M,3249
KW,Kuwait,forename,63,Khan,khan-fn,M;F,3240
KW,Kuwait,forename,64,Salman,salman-fn,M;F,3209
KW,Kuwait,forename,65,Maya,maya-fn,F;M,3202
KW,Kuwait,forename,66,Anil,anil-fn,M,3166
KW,Kuwait,forename,67,Siva,siva-fn,M,3162
KW,Kuwait,forename,68,Sayed,sayed-fn,M;F,3127
KW,Kuwait,forename,69,Rashid,rashid-fn,M,3094
KW,Kuwait,forename,70,Waleed,waleed-fn,M,3036
KW,Kuwait,forename,71,Walid,walid-fn,M;F,3036
KW,Kuwait,forename,72,Dinesh,dinesh-fn,M,3018
KW,Kuwait,forename,73,Vijay,vijay-fn,M,2931
KW,Kuwait,forename,74,Abul,abul-fn,M,2847
KW,Kuwait,forename,75,Mona,mona-fn,F;M,2836
KW,Kuwait,forename,76,John,john-fn,M,2809
KW,Kuwait,forename,77,Dana,dana-fn,F;M,2808
KW,Kuwait,forename,78,Hasan,hasan-fn,M;F,2807
KW,Kuwait,forename,79,Naser,naser-fn,M,2746
KW,Kuwait,forename,80,Talal,talal-fn,M,2740
KW,Kuwait,forename,81,Krishna,krishna-fn,M;F,2728
KW,Kuwait,forename,82,Om,om-fn,F;M,2693
KW,Kuwait,forename,83,Reem,reem-fn,F,2670
KW,Kuwait,forename,84,Salim,salim-fn,M,2665
KW,Kuwait,forename,85,Karim,karim-fn,M;F,2657
KW,Kuwait,forename,86,Rose,rose-fn,F,2620
KW,Kuwait,forename,87,Ashok,ashok-fn,M,2587
KW,Kuwait,forename,88,Mani,mani-fn,M,2559
KW,Kuwait,forename,89,Vinod,vinod-fn,M,2505
KW,Kuwait,forename,90,Saleh,saleh-fn,M,2496
KW,Kuwait,forename,91,Sameer,sameer-fn,M,2492
KW,Kuwait,forename,92,Shahid,shahid-fn,M;F,2481
KW,Kuwait,forename,93,Sanjay,sanjay-fn,M,2471
KW,Kuwait,forename,94,Osama,osama-fn,M,2465
KW,Kuwait,forename,95,Mahesh,mahesh-fn,M,2462
KW,Kuwait,forename,96,Ismail,ismail-fn,M,2399
KW,Kuwait,forename,97,Sultan,sultan-fn,M;F,2389
KW,Kuwait,forename,98,Jef,jef-fn,F;M,2388
KW,Kuwait,forename,99,Abdulaziz,abdulaziz-fn,M,2382
KW,Kuwait,forename,100,Srinu,srinu-fn,M,2374
KW,Kuwait,surname,1,Khan,khan-sn,M;F,66629
KW,Kuwait,surname,2,Ali,ali-sn,M;F,51186
KW,Kuwait,surname,3,Ahmed,ahmed-sn,M;F,48167
KW,Kuwait,surname,4,Kumar,kumar-sn,M;F,46490
KW,Kuwait,surname,5,Mohamed,mohamed-sn,M;F,34118
KW,Kuwait,surname,6,Hossain,hossain-sn,M;F,29924
KW,Kuwait,surname,7,Singh,singh-sn,M;F,28111
KW,Kuwait,surname,8,Shaikh,shaikh-sn,M;F,17627
KW,Kuwait,surname,9,Ahmad,ahmad-sn,M;F,17110
KW,Kuwait,surname,10,Islam,islam-sn,M;F,14983
KW,Kuwait,surname,11,Hussain,hussain-sn,M;F,12153
KW,Kuwait,surname,12,Yadav,yadav-sn,M;F,10289
KW,Kuwait,surname,13,Alam,alam-sn,M;F,10230
KW,Kuwait,surname,14,Mohammed,mohammed-sn,M;F,10163
KW,Kuwait,surname,15,Shaik,shaik-sn,M,9464
KW,Kuwait,surname,16,Patel,patel-sn,M;F,9038
KW,Kuwait,surname,17,Rahman,rahman-sn,M;F,8825
KW,Kuwait,surname,18,Ansari,ansari-sn,M;F,8635
KW,Kuwait,surname,19,Uddin,uddin-sn,M;F,8312
KW,Kuwait,surname,20,Kumari,kumari-sn,F;M,8172
KW,Kuwait,surname,21,Reddy,reddy-sn,M;F,7886
KW,Kuwait,surname,22,Basha,basha-sn,M;F,7835
KW,Kuwait,surname,23,Kwt,kwt-sn,M;F,7167
KW,Kuwait,surname,24,Al,al-sn,M;F,6771
KW,Kuwait,surname,25,Hassan,hassan-sn,F;M,6756
KW,Kuwait,surname,26,Babu,babu-sn,M;F,6671
KW,Kuwait,surname,27,Alajmi,alajmi-sn,M;F,6470
KW,Kuwait,surname,28,Mohammad,mohammad-sn,M;F,6426
KW,Kuwait,surname,29,Raju,raju-sn,M,6332
KW,Kuwait,surname,30,Raj,raj-sn,M;F,6284
KW,Kuwait,surname,31,Abdullah,abdullah-sn,M;F,6228
KW,Kuwait,surname,32,Miah,miah-sn,M;F,5668
KW,Kuwait,surname,33,Love,love-sn,F;M,5453
KW,Kuwait,surname,34,Patidar,patidar-sn,,5076
KW,Kuwait,surname,35,Rai,rai-sn,M;F,4754
KW,Kuwait,surname,36,Almutairi,almutairi-sn,M;F,4713
KW,Kuwait,surname,37,Ibrahim,ibrahim-sn,M;F,4693
KW,Kuwait,surname,38,Hasan,hasan-sn,M;F,4626
KW,Kuwait,surname,39,Tamang,tamang-sn,M;F,4447
KW,Kuwait,surname,40,Sk,sk-sn,M;F,4429
KW,Kuwait,surname,41,Alazmi,alazmi-sn,M;F,4334
KW,Kuwait,surname,42,Rana,rana-sn,M;F,4134
KW,Kuwait,surname,43,Ram,ram-sn,M;F,4119
KW,Kuwait,surname,44,Sayed,sayed-sn,M;F,4045
KW,Kuwait,surname,45,Das,das-sn,M;F,3995
KW,Kuwait,surname,46,Magar,magar-sn,M;F,3873
KW,Kuwait,surname,47,Mia,mia-sn,M;F,3823
KW,Kuwait,surname,48,Khaled,khaled-sn,M;F,3814
KW,Kuwait,surname,49,Raja,raja-sn,M;F,3771
KW,Kuwait,surname,50,Salem,salem-sn,M;F,3725
KW,Kuwait,surname,51,Prasad,prasad-sn,M;F,3708
KW,Kuwait,surname,52,Lama,lama-sn,M;F,3569
KW,Kuwait,surname,53,Lal,lal-sn,M,3388
KW,Kuwait,surname,54,Alenezi,alenezi-sn,M;F,3383
KW,Kuwait,surname,55,Mahmoud,mahmoud-sn,M;F,3379
KW,Kuwait,surname,56,Jamal,jamal-sn,M;F,3317
KW,Kuwait,surname,57,Salah,salah-sn,M;F,3284
KW,Kuwait,surname,58,Kamal,kamal-sn,M;F,3206
KW,Kuwait,surname,59,Thomas,thomas-sn,M;F,3204
KW,Kuwait,surname,60,Panchal,panchal-sn,M;F,3104
KW,Kuwait,surname,61,Saad,saad-sn,M;F,2955
KW,Kuwait,surname,62,Shah,shah-sn,M;F,2784
KW,Kuwait,surname,63,Iqbal,iqbal-sn,M;F,2779
KW,Kuwait,surname,64,Malik,malik-sn,M;F,2752
KW,Kuwait,surname,65,Miya,miya-sn,M;F,2601
KW,Kuwait,surname,66,Mostafa,mostafa-sn,M;F,2574
KW,Kuwait,surname,67,Nasser,nasser-sn,M;F,2550
KW,Kuwait,surname,68,Karim,karim-sn,M;F,2477
KW,Kuwait,surname,69,Abbas,abbas-sn,M;F,2439
KW,Kuwait,surname,70,Joseph,joseph-sn,M;F,2433
KW,Kuwait,surname,71,Aziz,aziz-sn,M;F,2428
KW,Kuwait,surname,72,Chauhan,chauhan-sn,M;F,2428
KW,Kuwait,surname,73,Mathew,mathew-sn,M;F,2371
KW,Kuwait,surname,74,King,king-sn,M;F,2366
KW,Kuwait,surname,75,Elshamy,elshamy-sn,,2364
KW,Kuwait,surname,76,Kumara,kumara-sn,M,2351
KW,Kuwait,surname,77,Mani,mani-sn,M,2338
KW,Kuwait,surname,78,Bhai,bhai-sn,M,2290
KW,Kuwait,surname,79,John,john-sn,M;F,2281
KW,Kuwait,surname,80,Amin,amin-sn,M;F,2272
KW,Kuwait,surname,81,Amine,amine-sn,M;F,2272
KW,Kuwait,surname,82,Sheikh,sheikh-sn,M;F,2233
KW,Kuwait,surname,83,Ahamed,ahamed-sn,M;F,2223
KW,Kuwait,surname,84,Krishna,krishna-sn,,2148
KW,Kuwait,surname,85,Chaudhary,chaudhary-sn,M;F,2129
KW,Kuwait,surname,86,Fernandes,fernandes-sn,M;F,2126
KW,Kuwait,surname,87,Mondal,mondal-sn,M;F,2110
KW,Kuwait,surname,88,Fahad,fahad-sn,M,2104
KW,Kuwait,surname,89,Husain,husain-sn,M;F,2066
KW,Kuwait,surname,90,Varghese,varghese-sn,M,2049
KW,Kuwait,surname,91,Ullah,ullah-sn,M;F,2026
KW,Kuwait,surname,92,Thapa,thapa-sn,M;F,2010
KW,Kuwait,surname,93,Abdul,abdul-sn,M;F,2003
KW,Kuwait,surname,94,Rao,rao-sn,M;F,2000
KW,Kuwait,surname,95,Syed,syed-sn,M,1990
KW,Kuwait,surname,96,George,george-sn,M;F,1971
KW,Kuwait,surname,97,Mandal,mandal-sn,M;F,1960
KW,Kuwait,surname,98,Biswas,biswas-sn,M;F,1958
KW,Kuwait,surname,99,Omar,omar-sn,M;F,1929
KW,Kuwait,surname,100,D.D/J,ddj-sn,M,1889
KZ,Kazakhstan,forename,1,Татьяна,tatyana-fn,F;M,21366
KZ,Kazakhstan,forename,2,Наталья,natalya-fn,F;M,20349
KZ,Kazakhstan,forename,3,Александр,aleksandr-fn,M;F,19070
KZ,Kazakhstan,forename,4,Irina,irina-fn,F;M,18349
KZ,Kazakhstan,forename,5,Olga,olga-fn,F,17971
KZ,Kazakhstan,forename,6,Ruslan,ruslan-fn,M,17722
KZ,Kazakhstan,forename,7,Svetlana,svetlana-fn,F,17400
KZ,Kazakhstan,forename,8,Динара,dinara-fn,F,16858
KZ,Kazakhstan,forename,9,Sergej,sergej-fn,M;F,16555
KZ,Kazakhstan,forename,10,Айгуль,ajgul-fn,F,16407
KZ,Kazakhstan,forename,11,Алия,aliya-fn,F,15380
KZ,Kazakhstan,forename,12,Gulmira,gulmira-fn,F,15358
KZ,Kazakhstan,forename,13,Asel,asel-fn,F,14065
KZ,Kazakhstan,forename,14,Азамат,azamat-fn,M,14046
KZ,Kazakhstan,forename,15,Нурлан,nurlan-fn,M,12672
KZ,Kazakhstan,forename,16,Серик,serik-fn,M,12417
KZ,Kazakhstan,forename,17,Айгерим,ajgerim-fn,F,12127
KZ,Kazakhstan,forename,18,Ерлан,erlan-fn,M,12118
KZ,Kazakhstan,forename,19,Жанар,zhanar-fn,F,12087
KZ,Kazakhstan,forename,20,Marina,marina-fn,F,12046
KZ,Kazakhstan,forename,21,Vladimir,vladimir-fn,M,11346
KZ,Kazakhstan,forename,22,Сауле,saule-fn,F,11325
KZ,Kazakhstan,forename,23,Andrej,andrej-fn,M,11043
KZ,Kazakhstan,forename,24,Салтанат,saltanat-fn,F,10860
KZ,Kazakhstan,forename,25,Arman,arman-fn,M,10825
KZ,Kazakhstan,forename,26,Айнур,ajnur-fn,F;M,10596
KZ,Kazakhstan,forename,27,Zhanna,zhanna-fn,F,10391
KZ,Kazakhstan,forename,28,Талгат,talgat-fn,M,9706
KZ,Kazakhstan,forename,29,Anna,anna-fn,F;M,9349
KZ,Kazakhstan,forename,30,Канат,kanat-fn,M,9332
KZ,Kazakhstan,forename,31,Elmira,elmira-fn,F,9269
KZ,Kazakhstan,forename,32,Galina,galina-fn,F,9151
KZ,Kazakhstan,forename,33,Daniyar,daniyar-fn,M,8940
KZ,Kazakhstan,forename,34,Mourad,mourad-fn,M,8910
KZ,Kazakhstan,forename,35,Murat,murat-fn,M,8910
KZ,Kazakhstan,forename,36,Roza,roza-fn,F,8910
KZ,Kazakhstan,forename,37,Юлия,yuliya-fn,F,8839
KZ,Kazakhstan,forename,38,Нургуль,nurgul-fn,F,8692
KZ,Kazakhstan,forename,39,Гульнара,gulnara-fn,F,8659
KZ,Kazakhstan,forename,40,Ержан,erzhan-fn,M,8456
KZ,Kazakhstan,forename,41,Айжан,ajzhan-fn,F,8352
KZ,Kazakhstan,forename,42,Анастасия,anastasiya-fn,F,8341
KZ,Kazakhstan,forename,43,Asem,asem-fn,M;F,8275
KZ,Kazakhstan,forename,44,Dana,dana-fn,F;M,8267
KZ,Kazakhstan,forename,45,Diana,diana-fn,F,8234
KZ,Kazakhstan,forename,46,Евгений,evgenij-fn,M,8067
KZ,Kazakhstan,forename,47,Гаухар,gauhar-fn,F,7839
KZ,Kazakhstan,forename,48,Алексей,aleksej-fn,M,7789
KZ,Kazakhstan,forename,49,Нуржан,nurzhan-fn,M,7706
KZ,Kazakhstan,forename,50,Акмарал,akmaral-fn,F,7619
KZ,Kazakhstan,forename,51,Кайрат,kajrat-fn,M,7532
KZ,Kazakhstan,forename,52,Людмила,lyudmila-fn,F,7525
KZ,Kazakhstan,forename,53,Аскар,askar-fn,M,7496
KZ,Kazakhstan,forename,54,Timur,timur-fn,M,7447
KZ,Kazakhstan,forename,55,Ербол,erbol-fn,M,7424
KZ,Kazakhstan,forename,56,Дмитрий,dmitrij-fn,M,7304
KZ,Kazakhstan,forename,57,Бауыржан,bauyrzhan-fn,M,7271
KZ,Kazakhstan,forename,58,Гульнар,gulnar-fn,F,7127
KZ,Kazakhstan,forename,59,Indira,indira-fn,F,7110
KZ,Kazakhstan,forename,60,Oksana,oksana-fn,F,7054
KZ,Kazakhstan,forename,61,Екатерина,ekaterina-fn,F,7040
KZ,Kazakhstan,forename,62,Надежда,nadezhda-fn,F,6937
KZ,Kazakhstan,forename,63,Alina,alina-fn,F,6803
KZ,Kazakhstan,forename,64,Aida,aida-fn,F,6777
KZ,Kazakhstan,forename,65,Dina,dina-fn,F,6772
KZ,Kazakhstan,forename,66,Viktor,viktor-fn,M,6734
KZ,Kazakhstan,forename,67,Ivan,ivan-fn,M,6635
KZ,Kazakhstan,forename,68,Зарина,zarina-fn,F,6608
KZ,Kazakhstan,forename,69,Айдана,ajdana-fn,F,6574
KZ,Kazakhstan,forename,70,Igor,igor-fn,M,6556
KZ,Kazakhstan,forename,71,Laura,laura-fn,F,6450
KZ,Kazakhstan,forename,72,Меруерт,meruert-fn,F,6413
KZ,Kazakhstan,forename,73,Маржан,marzhan-fn,F,6392
KZ,Kazakhstan,forename,74,Madina,madina-fn,F,6380
KZ,Kazakhstan,forename,75,Гульжан,gulzhan-fn,F,6328
KZ,Kazakhstan,forename,76,Самат,samat-fn,M,6272
KZ,Kazakhstan,forename,77,Мария,mariya-fn,F,6268
KZ,Kazakhstan,forename,78,Oleg,oleg-fn,M,6232
KZ,Kazakhstan,forename,79,Нурсултан,nursultan-fn,M,6164
KZ,Kazakhstan,forename,80,Жанат,zhanat-fn,F;M,6074
KZ,Kazakhstan,forename,81,Raushan,raushan-fn,M;F,6016
KZ,Kazakhstan,forename,82,Максат,maksat-fn,M,5967
KZ,Kazakhstan,forename,83,Гульнур,gulnur-fn,F,5887
KZ,Kazakhstan,forename,84,Николай,nikolaj-fn,M,5834
KZ,Kazakhstan,forename,85,Denis,denis-fn,M;F,5812
KZ,Kazakhstan,forename,86,Гульназ,gulnaz-fn,F,5723
KZ,Kazakhstan,forename,87,Даулет,daulet-fn,M,5684
KZ,Kazakhstan,forename,88,Куаныш,kuanysh-fn,M,5640
KZ,Kazakhstan,forename,89,Анар,anar-fn,F,5572
KZ,Kazakhstan,forename,90,Болат,bolat-fn,M,5455
KZ,Kazakhstan,forename,91,Виктория,viktoriya-fn,F,5249
KZ,Kazakhstan,forename,92,Rustam,rustam-fn,M,5239
KZ,Kazakhstan,forename,93,Marat,marat-fn,M,5210
KZ,Kazakhstan,forename,94,Аслан,aslan-fn,M,5205
KZ,Kazakhstan,forename,95,Valentina,valentina-fn,F,5194
KZ,Kazakhstan,forename,96,Aigerim,aigerim-fn,F,5045
KZ,Kazakhstan,forename,97,Kristina,kristina-fn,F,5006
KZ,Kazakhstan,forename,98,Максим,maksim-fn,M,5006
KZ,Kazakhstan,forename,99,Асхат,ashat-fn,M,4904
KZ,Kazakhstan,forename,100,Карлыгаш,karlygash-fn,F,4831
KZ,Kazakhstan,surname,1,Kim,kim-sn,M;F,9892
KZ,Kazakhstan,surname,2,Ахметова,ahmetova-sn,,6229
KZ,Kazakhstan,surname,3,Ахметов,ahmetov-sn,,4356
KZ,Kazakhstan,surname,4,Оспанова,ospanova-sn,F,3257
KZ,Kazakhstan,surname,5,Ivanova,ivanova-sn,F,2761
KZ,Kazakhstan,surname,6,Алиева,alieva-sn,F,2754
KZ,Kazakhstan,surname,7,Алиев,aliev-sn,M,2722
KZ,Kazakhstan,surname,8,Ivanov,ivanov-sn,M,2707
KZ,Kazakhstan,surname,9,Сулейменова,sulejmenova-sn,F,2663
KZ,Kazakhstan,surname,10,Омаров,omarov-sn,M,2620
KZ,Kazakhstan,surname,11,Искакова,iskakova-sn,F,2577
KZ,Kazakhstan,surname,12,Калиева,kalieva-sn,F,2534
KZ,Kazakhstan,surname,13,Оспанов,ospanov-sn,M,2412
KZ,Kazakhstan,surname,14,Абдрахманова,abdrahmanova-sn,F,2163
KZ,Kazakhstan,surname,15,Ибраева,ibraeva-sn,F,2061
KZ,Kazakhstan,surname,16,Садыкова,sadykova-sn,F,2057
KZ,Kazakhstan,surname,17,Смагулова,smagulova-sn,F,2033
KZ,Kazakhstan,surname,18,Искаков,iskakov-sn,M,1869
KZ,Kazakhstan,surname,19,Сулейменов,sulejmenov-sn,M,1863
KZ,Kazakhstan,surname,20,Калиев,kaliev-sn,M,1844
KZ,Kazakhstan,surname,21,Султанова,sultanova-sn,F,1735
KZ,Kazakhstan,surname,22,Нургалиева,nurgalieva-sn,F,1731
KZ,Kazakhstan,surname,23,Ибрагимова,ibragimova-sn,F,1683
KZ,Kazakhstan,surname,24,Isaeva,isaeva-sn,F,1612
KZ,Kazakhstan,surname,25,Абдрахманов,abdrahmanov-sn,M,1599
KZ,Kazakhstan,surname,26,Садыков,sadykov-sn,M,1599
KZ,Kazakhstan,surname,27,Каримова,karimova-sn,F,1593
KZ,Kazakhstan,surname,28,Ибрагимов,ibragimov-sn,,1553
KZ,Kazakhstan,surname,29,Ибраев,ibraev-sn,M,1540
KZ,Kazakhstan,surname,30,Асанова,asanova-sn,F,1527
KZ,Kazakhstan,surname,31,Кусаинова,kusainova-sn,F,1496
KZ,Kazakhstan,surname,32,Смагулов,smagulov-sn,M,1469
KZ,Kazakhstan,surname,33,Султанов,sultanov-sn,M,1443
KZ,Kazakhstan,surname,34,Жумабаева,zhumabaeva-sn,F,1442
KZ,Kazakhstan,surname,35,Li,li-sn,F;M,1403
KZ,Kazakhstan,surname,36,Касымова,kasymova-sn,F,1402
KZ,Kazakhstan,surname,37,Аубакирова,aubakirova-sn,F,1399
KZ,Kazakhstan,surname,38,Жунусова,zhunusova-sn,F,1395
KZ,Kazakhstan,surname,39,Каримов,karimov-sn,M,1390
KZ,Kazakhstan,surname,40,Абишева,abisheva-sn,F,1382
KZ,Kazakhstan,surname,41,Тулегенова,tulegenova-sn,F,1368
KZ,Kazakhstan,surname,42,Исаев,isaev-sn,M,1325
KZ,Kazakhstan,surname,43,Юсупова,yusupova-sn,F,1323
KZ,Kazakhstan,surname,44,Муканова,mukanova-sn,F,1314
KZ,Kazakhstan,surname,45,Абдуллаев,abdullaev-sn,M,1313
KZ,Kazakhstan,surname,46,Мусаева,musaeva-sn,F,1298
KZ,Kazakhstan,surname,47,Bolat,bolat-sn,,1280
KZ,Kazakhstan,surname,48,Нургалиев,nurgaliev-sn,M,1280
KZ,Kazakhstan,surname,49,Исмаилова,ismailova-sn,F,1273
KZ,Kazakhstan,surname,50,Alekseeva,alekseeva-sn,,1264
KZ,Kazakhstan,surname,51,Сергеева,sergeeva-sn,,1264
KZ,Kazakhstan,surname,52,Касенова,kasenova-sn,F,1254
KZ,Kazakhstan,surname,53,Муратова,muratova-sn,F,1248
KZ,Kazakhstan,surname,54,Сыздыкова,syzdykova-sn,F,1241
KZ,Kazakhstan,surname,55,Асанов,asanov-sn,M,1231
KZ,Kazakhstan,surname,56,Абдуллаева,abdullaeva-sn,F,1225
KZ,Kazakhstan,surname,57,Мусина,musina-sn,F,1214
KZ,Kazakhstan,surname,58,Аскарова,askarova-sn,F,1209
KZ,Kazakhstan,surname,59,Серикбаева,serikbaeva-sn,F,1201
KZ,Kazakhstan,surname,60,Мукашева,mukasheva-sn,F,1193
KZ,Kazakhstan,surname,61,Юсупов,yusupov-sn,M,1191
KZ,Kazakhstan,surname,62,Kz,kz-sn,M,1171
KZ,Kazakhstan,surname,63,Шарипова,sharipova-sn,F,1167
KZ,Kazakhstan,surname,64,Petrov,petrov-sn,M,1165
KZ,Kazakhstan,surname,65,Мусаев,musaev-sn,M,1161
KZ,Kazakhstan,surname,66,Сарсенбаева,sarsenbaeva-sn,F,1156
KZ,Kazakhstan,surname,67,Исмаилов,ismailov-sn,M,1147
KZ,Kazakhstan,surname,68,Жумабаев,zhumabaev-sn,M,1142
KZ,Kazakhstan,surname,69,Омарова,omarova-sn,F;M,1101
KZ,Kazakhstan,surname,70,Утегенова,utegenova-sn,F,1101
KZ,Kazakhstan,surname,71,Рахимова,rahimova-sn,F,1098
KZ,Kazakhstan,surname,72,Пак,pak-sn,,1073
KZ,Kazakhstan,surname,73,Жакупова,zhakupova-sn,F,1072
KZ,Kazakhstan,surname,74,Жусупова,zhusupova-sn,F,1072
KZ,Kazakhstan,surname,75,Кузнецова,kuznecova-sn,F,1071
KZ,Kazakhstan,surname,76,Ильясова,ilyasova-sn,F,1067
KZ,Kazakhstan,surname,77,Тулегенов,tulegenov-sn,M,1062
KZ,Kazakhstan,surname,78,Рахметова,rahmetova-sn,F,1061
KZ,Kazakhstan,surname,79,Касымов,kasymov-sn,M,1054
KZ,Kazakhstan,surname,80,Нуржанова,nurzhanova-sn,F,1050
KZ,Kazakhstan,surname,81,Аскаров,askarov-sn,M,1046
KZ,Kazakhstan,surname,82,Абишев,abishev-sn,M,1042
KZ,Kazakhstan,surname,83,Рамазанова,ramazanova-sn,F,1039
KZ,Kazakhstan,surname,84,Муратов,muratov-sn,M,1032
KZ,Kazakhstan,surname,85,Амирова,amirova-sn,F,1023
KZ,Kazakhstan,surname,86,Шарипов,sharipov-sn,,1008
KZ,Kazakhstan,surname,87,Фролова,frolova-sn,F;M,89
KZ,Kazakhstan,surname,88,Степанов,stepanov-sn,F;M,85
KZ,Kazakhstan,surname,89,Ma,ma-sn,F;M,58
KZ,Kazakhstan,surname,90,Zara,zara-sn,F;M,54
KZ,Kazakhstan,surname,91,Николаев,nikolaev-sn,F;M,46
KZ,Kazakhstan,surname,92,Kar,kar-sn,F;M,44
KZ,Kazakhstan,surname,93,Le,le-sn,F;M,26
KZ,Kazakhstan,surname,94,Rain,rain-sn,,26
KZ,Kazakhstan,surname,95,Groß,gross-sn,,23
KZ,Kazakhstan,surname,96,Didi,didi-sn,F;M,21
KZ,Kazakhstan,surname,97,Power,power-sn,,18
KZ,Kazakhstan,surname,98,Hale,hale-sn,,12
KZ,Kazakhstan,surname,99,Hassan,hassan-sn,F;M,11
KZ,Kazakhstan,surname,100,Manar,manar-sn,F;M,11
LB,Lebanon,forename,1,Mohamed,mohamed-fn,M,73383
LB,Lebanon,forename,2,Ahmed,ahmed-fn,M,46320
LB,Lebanon,forename,3,Ali,ali-fn,M;F,40586
LB,Lebanon,forename,4,محمد,mhmd-fn,M;F,30394
LB,Lebanon,forename,5,Ahmad,ahmad-fn,M;F,27821
LB,Lebanon,forename,6,Hassan,hassan-fn,M;F,22427
LB,Lebanon,forename,7,ابو,abw-fn,M;F,16972
LB,Lebanon,forename,8,احمد,ahmd-fn,M;F,16765
LB,Lebanon,forename,9,Hussein,hussein-fn,M;F,16111
LB,Lebanon,forename,10,Mohamad,mohamad-fn,M,16110
LB,Lebanon,forename,11,Mahmoud,mahmoud-fn,M,13808
LB,Lebanon,forename,12,علي,aly-fn,M;F,12913
LB,Lebanon,forename,13,Mohammad,mohammad-fn,M;F,11599
LB,Lebanon,forename,14,Omar,omar-fn,M;F,11075
LB,Lebanon,forename,15,Nour,nour-fn,F;M,10457
LB,Lebanon,forename,16,Abo,abo-fn,M;F,8453
LB,Lebanon,forename,17,Abou,abou-fn,M,8365
LB,Lebanon,forename,18,Sara,sara-fn,F;M,8281
LB,Lebanon,forename,19,Elie,elie-fn,M,8022
LB,Lebanon,forename,20,Alaa,alaa-fn,M,7377
LB,Lebanon,forename,21,Charbel,charbel-fn,F;M,6772
LB,Lebanon,forename,22,Mhamad,mhamad-fn,M,6413
LB,Lebanon,forename,23,حسين,hsyn-fn,M;F,6260
LB,Lebanon,forename,24,Khaled,khaled-fn,M,6130
LB,Lebanon,forename,25,خالد,khald-fn,M,5990
LB,Lebanon,forename,26,Mariam,mariam-fn,F;M,5947
LB,Lebanon,forename,27,محمود,mhmwd-fn,M;F,5917
LB,Lebanon,forename,28,Bilal,bilal-fn,M;F,5704
LB,Lebanon,forename,29,Amir,amir-fn,M;F,5596
LB,Lebanon,forename,30,حسن,hsn-fn,M;F,5381
LB,Lebanon,forename,31,Mustafa,mustafa-fn,M;F,5279
LB,Lebanon,forename,32,Abdo,abdo-fn,M;F,5269
LB,Lebanon,forename,33,Ibrahim,ibrahim-fn,M;F,5064
LB,Lebanon,forename,34,Georges,georges-fn,M,5016
LB,Lebanon,forename,35,Hadi,hadi-fn,M,4936
LB,Lebanon,forename,36,Rita,rita-fn,F,4924
LB,Lebanon,forename,37,Hasan,hasan-fn,M;F,4826
LB,Lebanon,forename,38,Fadi,fadi-fn,M,4653
LB,Lebanon,forename,39,Fadl,fadl-fn,M,4554
LB,Lebanon,forename,40,Jad,jad-fn,M,4490
LB,Lebanon,forename,41,Amal,amal-fn,F;M,4290
LB,Lebanon,forename,42,Youssef,youssef-fn,M,4243
LB,Lebanon,forename,43,Mona,mona-fn,F;M,4170
LB,Lebanon,forename,44,Rana,rana-fn,M;F,4031
LB,Lebanon,forename,45,Rami,rami-fn,M,3940
LB,Lebanon,forename,46,Emad,emad-fn,M,3864
LB,Lebanon,forename,47,Mostafa,mostafa-fn,M;F,3836
LB,Lebanon,forename,48,Joseph,joseph-fn,M;F,3714
LB,Lebanon,forename,49,Nana,nana-fn,F;M,3608
LB,Lebanon,forename,50,Aya,aya-fn,F;M,3599
LB,Lebanon,forename,51,Nada,nada-fn,F;M,3542
LB,Lebanon,forename,52,Abd,abd-fn,M;F,3539
LB,Lebanon,forename,53,Tony,tony-fn,M,3530
LB,Lebanon,forename,54,Samer,samer-fn,M,3524
LB,Lebanon,forename,55,Jamal,jamal-fn,M;F,3500
LB,Lebanon,forename,56,Abed,abed-fn,M,3496
LB,Lebanon,forename,57,Hiba,hiba-fn,F;M,3471
LB,Lebanon,forename,58,Rima,rima-fn,F,3417
LB,Lebanon,forename,59,Maya,maya-fn,F;M,3274
LB,Lebanon,forename,60,Zeina,zeina-fn,F,3198
LB,Lebanon,forename,61,Maher,maher-fn,M,3192
LB,Lebanon,forename,62,ابراهيم,abrahym-fn,M;F,3152
LB,Lebanon,forename,63,Em,em-fn,F;M,3136
LB,Lebanon,forename,64,Zeinab,zeinab-fn,F,3112
LB,Lebanon,forename,65,Zahraa,zahraa-fn,F,3109
LB,Lebanon,forename,66,Tarek,tarek-fn,M,3094
LB,Lebanon,forename,67,عمر,amr-fn,M;F,3084
LB,Lebanon,forename,68,Walid,walid-fn,M;F,3031
LB,Lebanon,forename,69,Joe,joe-fn,M,3017
LB,Lebanon,forename,70,Hala,hala-fn,F;M,2991
LB,Lebanon,forename,71,مصطفى,mstfa-fn,M,2911
LB,Lebanon,forename,72,Malak,malak-fn,F,2909
LB,Lebanon,forename,73,Farah,farah-fn,F,2907
LB,Lebanon,forename,74,Amar,amar-fn,M;F,2834
LB,Lebanon,forename,75,يوسف,ywsf-fn,M;F,2828
LB,Lebanon,forename,76,Rabih,rabih-fn,M;F,2813
LB,Lebanon,forename,77,Rayan,rayan-fn,M;F,2798
LB,Lebanon,forename,78,Adnan,adnan-fn,M,2762
LB,Lebanon,forename,79,Md,md-fn,M;F,2726
LB,Lebanon,forename,80,Samar,samar-fn,F;M,2724
LB,Lebanon,forename,81,Hanan,hanan-fn,F;M,2701
LB,Lebanon,forename,82,Abbas,abbas-fn,M,2697
LB,Lebanon,forename,83,Lina,lina-fn,F,2660
LB,Lebanon,forename,84,Rania,rania-fn,F,2647
LB,Lebanon,forename,85,Mouhamad,mouhamad-fn,M;F,2613
LB,Lebanon,forename,86,Khalil,khalil-fn,M,2572
LB,Lebanon,forename,87,Karim,karim-fn,M;F,2530
LB,Lebanon,forename,88,Mahdi,mahdi-fn,M,2518
LB,Lebanon,forename,89,Mehdi,mehdi-fn,M,2518
LB,Lebanon,forename,90,Mimo,mimo-fn,M;F,2514
LB,Lebanon,forename,91,نور,nwr-fn,F;M,2501
LB,Lebanon,forename,92,Eman,eman-fn,F;M,2480
LB,Lebanon,forename,93,Iman,iman-fn,F;M,2480
LB,Lebanon,forename,94,Wael,wael-fn,M,2471
LB,Lebanon,forename,95,Wissam,wissam-fn,M,2463
LB,Lebanon,forename,96,Lara,lara-fn,F,2458
LB,Lebanon,forename,97,Imad,imad-fn,M,2446
LB,Lebanon,forename,98,Ziad,ziad-fn,M;F,2424
LB,Lebanon,forename,99,Sarah,sarah-fn,F,2422
LB,Lebanon,forename,100,Zainab,zainab-fn,F;M,2405
LB,Lebanon,surname,1,Ali,ali-sn,M;F,22520
LB,Lebanon,surname,2,Mohamed,mohamed-sn,M;F,14806
LB,Lebanon,surname,3,Ahmed,ahmed-sn,M;F,13980
LB,Lebanon,surname,4,محمد,mhmd-sn,M;F,9427
LB,Lebanon,surname,5,Ahmad,ahmad-sn,M;F,8719
LB,Lebanon,surname,6,علي,aly-sn,M;F,7295
LB,Lebanon,surname,7,Alali,alali-sn,M;F,7195
LB,Lebanon,surname,8,Ibrahim,ibrahim-sn,M;F,7056
LB,Lebanon,surname,9,العلي,alaly-sn,M;F,6157
LB,Lebanon,surname,10,Nasser,nasser-sn,M;F,5912
LB,Lebanon,surname,11,Khalil,khalil-sn,M;F,5807
LB,Lebanon,surname,12,Khoury,khoury-sn,,5567
LB,Lebanon,surname,13,Salah,salah-sn,M;F,5523
LB,Lebanon,surname,14,احمد,ahmd-sn,M;F,5261
LB,Lebanon,surname,15,Hossain,hossain-sn,M;F,5239
LB,Lebanon,surname,16,Hassan,hassan-sn,F;M,5046
LB,Lebanon,surname,17,Issa,issa-sn,M;F,4547
LB,Lebanon,surname,18,Saleh,saleh-sn,M;F,4302
LB,Lebanon,surname,19,Saad,saad-sn,M;F,4231
LB,Lebanon,surname,20,Hadad,hadad-sn,M;F,4169
LB,Lebanon,surname,21,Haddad,haddad-sn,M;F,4169
LB,Lebanon,surname,22,Abdallah,abdallah-sn,M;F,4091
LB,Lebanon,surname,23,Abdullah,abdullah-sn,M;F,4091
LB,Lebanon,surname,24,Mahmoud,mahmoud-sn,M;F,3961
LB,Lebanon,surname,25,Omar,omar-sn,M;F,3905
LB,Lebanon,surname,26,Hammoud,hammoud-sn,,3889
LB,Lebanon,surname,27,Jaber,jaber-sn,,3625
LB,Lebanon,surname,28,Youssef,youssef-sn,M;F,3451
LB,Lebanon,surname,29,Haidar,haidar-sn,F;M,3425
LB,Lebanon,surname,30,Moussa,moussa-sn,M;F,3422
LB,Lebanon,surname,31,Mansour,mansour-sn,M;F,3411
LB,Lebanon,surname,32,Daher,daher-sn,,3404
LB,Lebanon,surname,33,Farhat,farhat-sn,M,3226
LB,Lebanon,surname,34,Ayoub,ayoub-sn,M;F,3222
LB,Lebanon,surname,35,Masri,masri-sn,,3119
LB,Lebanon,surname,36,حسن,hsn-sn,M;F,3005
LB,Lebanon,surname,37,Harb,harb-sn,M,2957
LB,Lebanon,surname,38,حسين,hsyn-sn,M;F,2928
LB,Lebanon,surname,39,Alahmad,alahmad-sn,M;F,2896
LB,Lebanon,surname,40,الاحمد,alahmd-sn,M;F,2896
LB,Lebanon,surname,41,Yassin,yassin-sn,M;F,2866
LB,Lebanon,surname,42,الحسين,alhsyn-sn,F;M,2809
LB,Lebanon,surname,43,Awad,awad-sn,M;F,2766
LB,Lebanon,surname,44,Jaafar,jaafar-sn,,2750
LB,Lebanon,surname,45,Hajj,hajj-sn,,2721
LB,Lebanon,surname,46,Kassem,kassem-sn,M;F,2702
LB,Lebanon,surname,47,Love,love-sn,F;M,2657
LB,Lebanon,surname,48,Assaf,assaf-sn,,2651
LB,Lebanon,surname,49,Abboud,abboud-sn,,2627
LB,Lebanon,surname,50,Eid,eid-sn,M;F,2607
LB,Lebanon,surname,51,Sy,sy-sn,F;M,2606
LB,Lebanon,surname,52,الحسن,alhsn-sn,M;F,2596
LB,Lebanon,surname,53,Karam,karam-sn,M;F,2596
LB,Lebanon,surname,54,Karim,karim-sn,M;F,2596
LB,Lebanon,surname,55,المحمد,almhmd-sn,M;F,2575
LB,Lebanon,surname,56,Hanna,hanna-sn,,2461
LB,Lebanon,surname,57,Diab,diab-sn,M;F,2459
LB,Lebanon,surname,58,الحمصي,alhmsy-sn,M,2409
LB,Lebanon,surname,59,Fares,fares-sn,M;F,2406
LB,Lebanon,surname,60,Fakih,fakih-sn,,2362
LB,Lebanon,surname,61,Hijazi,hijazi-sn,,2337
LB,Lebanon,surname,62,Hussein,hussein-sn,M;F,2311
LB,Lebanon,surname,63,الشام,alsham-sn,F;M,2282
LB,Lebanon,surname,64,Mohamad,mohamad-sn,M;F,2273
LB,Lebanon,surname,65,Sleiman,sleiman-sn,,2243
LB,Lebanon,surname,66,Obeid,obeid-sn,,2230
LB,Lebanon,surname,67,Matar,matar-sn,M,2219
LB,Lebanon,surname,68,Younes,younes-sn,M;F,2211
LB,Lebanon,surname,69,Zaiter,zaiter-sn,,2206
LB,Lebanon,surname,70,Hamdan,hamdan-sn,M;F,2168
LB,Lebanon,surname,71,Hasan,hasan-sn,M;F,2153
LB,Lebanon,surname,72,Wehbe,wehbe-sn,,2144
LB,Lebanon,surname,73,Aoun,aoun-sn,,2143
LB,Lebanon,surname,74,Taleb,taleb-sn,,2143
LB,Lebanon,surname,75,Abbas,abbas-sn,M;F,2088
LB,Lebanon,surname,76,Zein,zein-sn,,2061
LB,Lebanon,surname,77,Dib,dib-sn,F;M,2052
LB,Lebanon,surname,78,Kh,kh-sn,M;F,2027
LB,Lebanon,surname,79,Haydar,haydar-sn,,1968
LB,Lebanon,surname,80,ابراهيم,abrahym-sn,M;F,1912
LB,Lebanon,surname,81,Abdo,abdo-sn,M;F,1893
LB,Lebanon,surname,82,Khaled,khaled-sn,M;F,1891
LB,Lebanon,surname,83,Sh,sh-sn,M;F,1883
LB,Lebanon,surname,84,Awada,awada-sn,,1845
LB,Lebanon,surname,85,Saliba,saliba-sn,,1833
LB,Lebanon,surname,86,Rizk,rizk-sn,M;F,1799
LB,Lebanon,surname,87,Mourad,mourad-sn,M;F,1774
LB,Lebanon,surname,88,مراد,mrad-sn,M;F,1774
LB,Lebanon,surname,89,Nassar,nassar-sn,M;F,1769
LB,Lebanon,surname,90,Salloum,salloum-sn,,1750
LB,Lebanon,surname,91,Mhamad,mhamad-sn,M;F,1713
LB,Lebanon,surname,92,محمود,mhmwd-sn,M;F,1710
LB,Lebanon,surname,93,ناصر,nasr-sn,M;F,1710
LB,Lebanon,surname,94,Saab,saab-sn,M;F,1701
LB,Lebanon,surname,95,Fawaz,fawaz-sn,M,1699
LB,Lebanon,surname,96,يوسف,ywsf-sn,M;F,1699
LB,Lebanon,surname,97,Sayed,sayed-sn,M;F,1683
LB,Lebanon,surname,98,Hamouda,hamouda-sn,M;F,1678
LB,Lebanon,surname,99,حمود,hmwd-sn,M,1678
LB,Lebanon,surname,100,Hayek,hayek-sn,,1669
LS,,forename,1,Lesego,lesego-fn,F;M,1000
LT,Lithuania,forename,1,Tomas,tomas-fn,M,2444
LT,Lithuania,forename,2,Kristina,kristina-fn,F,1789
LT,Lithuania,forename,3,Mindaugas,mindaugas-fn,M,1786
LT,Lithuania,forename,4,Lina,lina-fn,F,1768
LT,Lithuania,forename,5,Andrius,andrius-fn,M,1732
LT,Lithuania,forename,6,Darius,darius-fn,M,1624
LT,Lithuania,forename,7,Rasa,rasa-fn,F,1601
LT,Lithuania,forename,8,Daiva,daiva-fn,F,1475
LT,Lithuania,forename,9,Marius,marius-fn,M,1423
LT,Lithuania,forename,10,Mantas,mantas-fn,M,1422
LT,Lithuania,forename,11,Vytautas,vytautas-fn,M,1342
LT,Lithuania,forename,12,Inga,inga-fn,F,1269
LT,Lithuania,forename,13,Viktorija,viktorija-fn,F,1237
LT,Lithuania,forename,14,Ieva,ieva-fn,F,1233
LT,Lithuania,forename,15,Jolanta,jolanta-fn,F,1222
LT,Lithuania,forename,16,Jurgita,jurgita-fn,F,1195
LT,Lithuania,forename,17,Laura,laura-fn,F,1179
LT,Lithuania,forename,18,Rita,rita-fn,F,1111
LT,Lithuania,forename,19,Saulius,saulius-fn,M,1092
LT,Lithuania,forename,20,Irena,irena-fn,F,1086
LT,Lithuania,forename,21,Paulius,paulius-fn,M,1081
LT,Lithuania,forename,22,Jonas,jonas-fn,M,1059
LT,Lithuania,forename,23,Asta,asta-fn,F,1013
LT,Lithuania,forename,24,Elena,elena-fn,F;M,536
LT,Lithuania,forename,25,Beata,beata-fn,F;M,165
LT,Lithuania,forename,26,Vanda,vanda-fn,F;M,123
LT,Lithuania,forename,27,Aina,aina-fn,F;M,38
LT,Lithuania,forename,28,Глеб,gleb-fn,F;M,17
LT,Lithuania,forename,29,Stella,stella-fn,F;M,11
LT,Lithuania,forename,30,Yury,yury-fn,F;M,11
LT,Lithuania,forename,31,Mirosław,miroslaw-fn,M,9
LT,Lithuania,forename,32,Krzysztof,krzysztof-fn,F;M,8
LT,Lithuania,forename,33,Valery,valery-fn,F;M,6
LT,Lithuania,forename,34,Ash,ash-fn,F;M,5
LT,Lithuania,forename,35,Krista,krista-fn,F;M,5
LT,Lithuania,forename,36,Leandra,leandra-fn,F;M,4
LT,Lithuania,forename,37,Rina,rina-fn,F;M,4
LT,Lithuania,forename,38,Carolina,carolina-fn,F;M,3
LT,Lithuania,forename,39,Алмас,almas-fn,M;F,2
LT,Lithuania,forename,40,Ange,ange-fn,F;M,2
LT,Lithuania,forename,41,Mart,mart-fn,M,2
LT,Lithuania,forename,42,Rudolf,rudolf-fn,M,2
LT,Lithuania,surname,1,Aras,aras-sn,,1000
LT,Lithuania,surname,2,Ma,ma-sn,F;M,241
LT,Lithuania,surname,3,Le,le-sn,F;M,68
LT,Lithuania,surname,4,Фролова,frolova-sn,F;M,15
LT,Lithuania,surname,5,Viola,viola-sn,M;F,11
LT,Lithuania,surname,6,Jana,jana-sn,F;M,10
LT,Lithuania,surname,7,Groß,gross-sn,,7
LT,Lithuania,surname,8,Kar,kar-sn,F;M,6
LT,Lithuania,surname,9,Rm,rm-sn,F;M,5
LT,Lithuania,surname,10,Popa,popa-sn,F;M,4
LT,Lithuania,surname,11,Степанов,stepanov-sn,F;M,4
LT,Lithuania,surname,12,Granata,granata-sn,F;M,2
LT,Lithuania,surname,13,Николаев,nikolaev-sn,F;M,2
LT,Lithuania,surname,14,Power,power-sn,,2
LT,Lithuania,surname,15,Zhao,zhao-sn,F;M,2
LU,Luxembourg,forename,1,Helder,helder-fn,M,157
LU,Luxembourg,forename,2,Elena,elena-fn,F;M,134
LU,Luxembourg,forename,3,Carolina,carolina-fn,F;M,112
LU,Luxembourg,forename,4,Marcio,marcio-fn,F;M,67
LU,Luxembourg,forename,5,Stella,stella-fn,F;M,47
LU,Luxembourg,forename,6,Tiziana,tiziana-fn,F,23
LU,Luxembourg,forename,7,Marilia,marilia-fn,F;M,22
LU,Luxembourg,forename,8,Manou,manou-fn,F;M,18
LU,Luxembourg,forename,9,Nils,nils-fn,F;M,18
LU,Luxembourg,forename,10,Pier,pier-fn,F;M,16
LU,Luxembourg,forename,11,Vanda,vanda-fn,F;M,16
LU,Luxembourg,forename,12,Ange,ange-fn,F;M,15
LU,Luxembourg,forename,13,Rina,rina-fn,F;M,14
LU,Luxembourg,forename,14,Sidney,sidney-fn,F;M,14
LU,Luxembourg,forename,15,Faty,faty-fn,F;M,13
LU,Luxembourg,forename,16,Magalie,magalie-fn,F,13
LU,Luxembourg,forename,17,Annemarie,annemarie-fn,F;M,12
LU,Luxembourg,forename,18,Beata,beata-fn,F;M,11
LU,Luxembourg,forename,19,Elaine,elaine-fn,F;M,11
LU,Luxembourg,forename,20,Killian,killian-fn,F;M,10
LU,Luxembourg,forename,21,Mikel,mikel-fn,M,10
LU,Luxembourg,forename,22,Sissi,sissi-fn,F;M,10
LU,Luxembourg,forename,23,Emeline,emeline-fn,F;M,9
LU,Luxembourg,forename,24,Krzysztof,krzysztof-fn,F;M,9
LU,Luxembourg,forename,25,Marja,marja-fn,F;M,8
LU,Luxembourg,forename,26,Tomislav,tomislav-fn,M,8
LU,Luxembourg,forename,27,Hilario,hilario-fn,M,7
LU,Luxembourg,forename,28,Marin,marin-fn,F;M,7
LU,Luxembourg,forename,29,Patti,patti-fn,F;M,7
LU,Luxembourg,forename,30,Sina,sina-fn,F;M,7
LU,Luxembourg,forename,31,Josip,josip-fn,F;M,6
LU,Luxembourg,forename,32,Sueli,sueli-fn,F;M,6
LU,Luxembourg,forename,33,Ute,ute-fn,F;M,6
LU,Luxembourg,forename,34,Valery,valery-fn,F;M,6
LU,Luxembourg,forename,35,Ayoub,ayoub-fn,M,5
LU,Luxembourg,forename,36,Beate,beate-fn,F;M,5
LU,Luxembourg,forename,37,Elisangela,elisangela-fn,F,5
LU,Luxembourg,forename,38,Emmy,emmy-fn,F;M,5
LU,Luxembourg,forename,39,Gioia,gioia-fn,F;M,5
LU,Luxembourg,forename,40,Leroy,leroy-fn,F;M,5
LU,Luxembourg,forename,41,Maximilian,maximilian-fn,F;M,5
LU,Luxembourg,forename,42,Sofie,sofie-fn,F;M,5
LU,Luxembourg,forename,43,Debby,debby-fn,F;M,4
LU,Luxembourg,forename,44,Eleanor,eleanor-fn,F,4
LU,Luxembourg,forename,45,Ibra,ibra-fn,M,4
LU,Luxembourg,forename,46,Jeanine,jeanine-fn,F;M,4
LU,Luxembourg,forename,47,Leandra,leandra-fn,F;M,4
LU,Luxembourg,forename,48,Maki,maki-fn,F;M,4
LU,Luxembourg,forename,49,Rudolf,rudolf-fn,M,4
LU,Luxembourg,forename,50,Sofien,sofien-fn,F;M,4
LU,Luxembourg,forename,51,Terezinha,terezinha-fn,F,4
LU,Luxembourg,forename,52,Titti,titti-fn,F;M,4
LU,Luxembourg,forename,53,Vidal,vidal-fn,F;M,4
LU,Luxembourg,forename,54,Yury,yury-fn,F;M,4
LU,Luxembourg,forename,55,Anneke,anneke-fn,F;M,3
LU,Luxembourg,forename,56,Gioacchino,gioacchino-fn,F;M,3
LU,Luxembourg,forename,57,Hakan,hakan-fn,F;M,3
LU,Luxembourg,forename,58,Heidy,heidy-fn,F;M,3
LU,Luxembourg,forename,59,Hiba,hiba-fn,F;M,3
LU,Luxembourg,forename,60,Ineke,ineke-fn,F;M,3
LU,Luxembourg,forename,61,Kadiatou,kadiatou-fn,F;M,3
LU,Luxembourg,forename,62,Matheo,matheo-fn,M,3
LU,Luxembourg,forename,63,Biba,biba-fn,F;M,2
LU,Luxembourg,forename,64,Boualem,boualem-fn,F;M,2
LU,Luxembourg,forename,65,Doriana,doriana-fn,F;M,2
LU,Luxembourg,forename,66,Eamonn,eamonn-fn,F;M,2
LU,Luxembourg,forename,67,Fayza,fayza-fn,F;M,2
LU,Luxembourg,forename,68,Floriana,floriana-fn,F;M,2
LU,Luxembourg,forename,69,Ghassan,ghassan-fn,F;M,2
LU,Luxembourg,forename,70,Harvey,harvey-fn,F;M,2
LU,Luxembourg,forename,71,Jef,jef-fn,F;M,2
LU,Luxembourg,forename,72,Lella,lella-fn,F,2
LU,Luxembourg,forename,73,Maimuna,maimuna-fn,F;M,2
LU,Luxembourg,forename,74,Mart,mart-fn,M,2
LU,Luxembourg,forename,75,Mirosław,miroslaw-fn,M,2
LU,Luxembourg,forename,76,Nahid,nahid-fn,F;M,2
LU,Luxembourg,forename,77,Neva,neva-fn,F;M,2
LU,Luxembourg,forename,78,Polat,polat-fn,F;M,2
LU,Luxembourg,forename,79,Remon,remon-fn,F;M,2
LU,Luxembourg,forename,80,Tatiane,tatiane-fn,F;M,2
LU,Luxembourg,forename,81,Xuan,xuan-fn,F;M,2
LU,Luxembourg,surname,1,Faria,faria-sn,,91
LU,Luxembourg,surname,2,Ma,ma-sn,F;M,63
LU,Luxembourg,surname,3,Saraiva,saraiva-sn,F;M,41
LU,Luxembourg,surname,4,Angelo,angelo-sn,,33
LU,Luxembourg,surname,5,Raymond,raymond-sn,F;M,30
LU,Luxembourg,surname,6,Crespo,crespo-sn,F;M,21
LU,Luxembourg,surname,7,Le,le-sn,F;M,19
LU,Luxembourg,surname,8,Maurer,maurer-sn,F;M,19
LU,Luxembourg,surname,9,Battista,battista-sn,,18
LU,Luxembourg,surname,10,Santo,santo-sn,F;M,17
LU,Luxembourg,surname,11,Zheng,zheng-sn,F;M,17
LU,Luxembourg,surname,12,Fall,fall-sn,,15
LU,Luxembourg,surname,13,Michele,michele-sn,F;M,14
LU,Luxembourg,surname,14,Caroline,caroline-sn,,13
LU,Luxembourg,surname,15,Groß,gross-sn,,13
LU,Luxembourg,surname,16,Viola,viola-sn,M;F,13
LU,Luxembourg,surname,17,Castellano,castellano-sn,,12
LU,Luxembourg,surname,18,Hassan,hassan-sn,F;M,12
LU,Luxembourg,surname,19,Power,power-sn,,12
LU,Luxembourg,surname,20,Rm,rm-sn,F;M,12
LU,Luxembourg,surname,21,Dia,dia-sn,,11
LU,Luxembourg,surname,22,Moro,moro-sn,F;M,11
LU,Luxembourg,surname,23,Schmid,schmid-sn,F;M,11
LU,Luxembourg,surname,24,Zhao,zhao-sn,F;M,11
LU,Luxembourg,surname,25,Colucci,colucci-sn,F;M,10
LU,Luxembourg,surname,26,Berardi,berardi-sn,F;M,9
LU,Luxembourg,surname,27,Cipriani,cipriani-sn,F;M,9
LU,Luxembourg,surname,28,Murgia,murgia-sn,F;M,9
LU,Luxembourg,surname,29,Popa,popa-sn,F;M,9
LU,Luxembourg,surname,30,Persson,persson-sn,,8
LU,Luxembourg,surname,31,Tejeda,tejeda-sn,F;M,8
LU,Luxembourg,surname,32,Didi,didi-sn,F;M,6
LU,Luxembourg,surname,33,Leblanc,leblanc-sn,F;M,6
LU,Luxembourg,surname,34,Massimo,massimo-sn,F;M,6
LU,Luxembourg,surname,35,Chevalier,chevalier-sn,F;M,5
LU,Luxembourg,surname,36,Connolly,connolly-sn,F;M,5
LU,Luxembourg,surname,37,Faty,faty-sn,F;M,5
LU,Luxembourg,surname,38,Gori,gori-sn,,5
LU,Luxembourg,surname,39,Luciani,luciani-sn,F;M,5
LU,Luxembourg,surname,40,Baxter,baxter-sn,F;M,4
LU,Luxembourg,surname,41,Bruce,bruce-sn,F;M,4
LU,Luxembourg,surname,42,Chebbi,chebbi-sn,F;M,4
LU,Luxembourg,surname,43,Mendonça,mendonca-sn,F;M,4
LU,Luxembourg,surname,44,Vasile,vasile-sn,F;M,4
LU,Luxembourg,surname,45,Bonnet,bonnet-sn,F;M,3
LU,Luxembourg,surname,46,Viera,viera-sn,,3
LU,Luxembourg,surname,47,Agha,agha-sn,F;M,2
LU,Luxembourg,surname,48,Ayman,ayman-sn,F;M,2
LU,Luxembourg,surname,49,Bowen,bowen-sn,F;M,2
LU,Luxembourg,surname,50,Cherni,cherni-sn,F;M,2
LU,Luxembourg,surname,51,Dev,dev-sn,F;M,2
LU,Luxembourg,surname,52,Deva,deva-sn,F;M,2
LU,Luxembourg,surname,53,Glover,glover-sn,F;M,2
LU,Luxembourg,surname,54,Granata,granata-sn,F;M,2
LU,Luxembourg,surname,55,Hale,hale-sn,,2
LU,Luxembourg,surname,56,Hutchinson,hutchinson-sn,F;M,2
LU,Luxembourg,surname,57,Iacono,iacono-sn,,2
LU,Luxembourg,surname,58,Jana,jana-sn,F;M,2
LU,Luxembourg,surname,59,Khlifi,khlifi-sn,F;M,2
LU,Luxembourg,surname,60,Mancuso,mancuso-sn,F;M,2
LU,Luxembourg,surname,61,Osullivan,osullivan-sn,F;M,2
LU,Luxembourg,surname,62,Pagani,pagani-sn,F;M,2
LU,Luxembourg,surname,63,Parra,parra-sn,F;M,2
LU,Luxembourg,surname,64,Shukla,shukla-sn,M;F,2
LU,Luxembourg,surname,65,Terzi,terzi-sn,,2
LU,Luxembourg,surname,66,Tyler,tyler-sn,,2
LU,Luxembourg,surname,67,Valero,valero-sn,F;M,2
LU,Luxembourg,surname,68,Zara,zara-sn,F;M,2
LY,Libya,forename,1,Mohamed,mohamed-fn,M,203950
LY,Libya,forename,2,محمد,mhmd-fn,M;F,133356
LY,Libya,forename,3,Ahmed,ahmed-fn,M,106379
LY,Libya,forename,4,ام,am-fn,F;M,74009
LY,Libya,forename,5,احمد,ahmd-fn,M;F,65237
LY,Libya,forename,6,علي,aly-fn,M;F,39154
LY,Libya,forename,7,Ali,ali-fn,M;F,27783
LY,Libya,forename,8,Salah,salah-fn,M;F,27144
LY,Libya,forename,9,Mohammed,mohammed-fn,M;F,24556
LY,Libya,forename,10,Mahmoud,mahmoud-fn,M,23695
LY,Libya,forename,11,زهرة,zhrh-fn,F;M,22306
LY,Libya,forename,12,Abdo,abdo-fn,M;F,21003
LY,Libya,forename,13,خالد,khald-fn,M,20937
LY,Libya,forename,14,Omar,omar-fn,M;F,20709
LY,Libya,forename,15,Salem,salem-fn,M,20286
LY,Libya,forename,16,ابو,abw-fn,M;F,19776
LY,Libya,forename,17,محمود,mhmwd-fn,M;F,17516
LY,Libya,forename,18,Om,om-fn,F;M,17085
LY,Libya,forename,19,Hassan,hassan-fn,M;F,16350
LY,Libya,forename,20,عبدو,abdw-fn,M;F,16154
LY,Libya,forename,21,عبدالله,abdallh-fn,M,15311
LY,Libya,forename,22,Osama,osama-fn,M,15025
LY,Libya,forename,23,Walid,walid-fn,M;F,14834
LY,Libya,forename,24,Nour,nour-fn,F;M,14503
LY,Libya,forename,25,سالم,salm-fn,M,13936
LY,Libya,forename,26,ابراهيم,abrahym-fn,M;F,13853
LY,Libya,forename,27,Ayman,ayman-fn,M,13160
LY,Libya,forename,28,عمر,amr-fn,M;F,13120
LY,Libya,forename,29,Nasser,nasser-fn,M;F,12449
LY,Libya,forename,30,اميرة,amyrh-fn,F;M,11812
LY,Libya,forename,31,Malak,malak-fn,F,11670
LY,Libya,forename,32,Emad,emad-fn,M,11524
LY,Libya,forename,33,يوسف,ywsf-fn,M;F,10847
LY,Libya,forename,34,صالح,salh-fn,M;F,10461
LY,Libya,forename,35,حسن,hsn-fn,M;F,10428
LY,Libya,forename,36,وليد,wlyd-fn,M,9941
LY,Libya,forename,37,Adel,aadl-fn,M,9807
LY,Libya,forename,38,نور,nwr-fn,F;M,9710
LY,Libya,forename,39,ولد,wld-fn,M,9628
LY,Libya,forename,40,حسين,hsyn-fn,M;F,9135
LY,Libya,forename,41,Hussein,hussein-fn,M;F,9135
LY,Libya,forename,42,Abdalsalam,abdalslam-fn,M,9005
LY,Libya,forename,43,وردة,wrdh-fn,F,8897
LY,Libya,forename,44,اسامة,asamh-fn,M,8771
LY,Libya,forename,45,ايمن,aymn-fn,M;F,8610
LY,Libya,forename,46,صلاح,slah-fn,M;F,8542
LY,Libya,forename,47,Hamada,hamada-fn,M;F,8317
LY,Libya,forename,48,Faraj,frj-fn,M,8134
LY,Libya,forename,49,Jamal,jamal-fn,M;F,8029
LY,Libya,forename,50,حمزة,hmzh-fn,M;F,7866
LY,Libya,forename,51,Issam,issam-fn,M;F,7845
LY,Libya,forename,52,مفتاح,mftah-fn,M;F,7782
LY,Libya,forename,53,ناصر,nasr-fn,M;F,7664
LY,Libya,forename,54,Khaled,khaled-fn,M,7507
LY,Libya,forename,55,Alaa,alaa-fn,M,7500
LY,Libya,forename,56,Abu Bakr,abwbkr-fn,M,7342
LY,Libya,forename,57,Md,md-fn,M;F,7304
LY,Libya,forename,58,Ibrahim,ibrahim-fn,M;F,7274
LY,Libya,forename,59,حمادي,hmady-fn,M;F,6861
LY,Libya,forename,60,طارق,tarq-fn,M;F,6680
LY,Libya,forename,61,فتحي,fthy-fn,M,6566
LY,Libya,forename,62,عماد,amad-fn,M;F,6399
LY,Libya,forename,63,Hossam,hossam-fn,M,6366
LY,Libya,forename,64,Amir,amir-fn,M;F,6356
LY,Libya,forename,65,Mourad,mourad-fn,M,6340
LY,Libya,forename,66,Sara,sara-fn,F;M,6052
LY,Libya,forename,67,عبدالرحمن,abdalrhmn-fn,M;F,5953
LY,Libya,forename,68,Marwan,marwan-fn,M,5890
LY,Libya,forename,69,Ahmad,ahmad-fn,M;F,5877
LY,Libya,forename,70,جمال,jmal-fn,M;F,5873
LY,Libya,forename,71,اشرف,ashrf-fn,M;F,5843
LY,Libya,forename,72,امل,aml-fn,F;M,5823
LY,Libya,forename,73,مصطفي,mstfy-fn,M,5786
LY,Libya,forename,74,Meme,meme-fn,F;M,5783
LY,Libya,forename,75,مصطفى,mstfa-fn,M,5672
LY,Libya,forename,76,الصقر,alsqr-fn,M,5613
LY,Libya,forename,77,مهند,mhnd-fn,M;F,5510
LY,Libya,forename,78,رمضان,rmdhan-fn,M;F,5395
LY,Libya,forename,79,سعد,sad-fn,M,5360
LY,Libya,forename,80,Mustafa,mustafa-fn,M;F,5359
LY,Libya,forename,81,عصام,asam-fn,M;F,5342
LY,Libya,forename,82,فاطمة,fatmh-fn,F;M,5313
LY,Libya,forename,83,Fares,fares-fn,M,5255
LY,Libya,forename,84,فارس,fars-fn,M;F,5255
LY,Libya,forename,85,Unknown,mjhwl-fn,M,5247
LY,Libya,forename,86,Ala,ala-fn,M;F,5176
LY,Libya,forename,87,Hamza,hamza-fn,M,5102
LY,Libya,forename,88,امير,amyr-fn,M;F,5026
LY,Libya,forename,89,Hanan,hanan-fn,F;M,4994
LY,Libya,forename,90,سليمان,slyman-fn,M,4867
LY,Libya,forename,91,حسام,hsam-fn,M;F,4853
LY,Libya,forename,92,ملاك,mlak-fn,F;M,4802
LY,Libya,forename,93,مراد,mrad-fn,M,4591
LY,Libya,forename,94,Adel,adel-fn,M;F,4577
LY,Libya,forename,95,Abd,abd-fn,M;F,4556
LY,Libya,forename,96,ميمي,mymy-fn,F;M,4554
LY,Libya,forename,97,جمعه,jmah-fn,M,4512
LY,Libya,forename,98,سعيد,sayd-fn,M;F,4363
LY,Libya,forename,99,Hatem,hatem-fn,M,4263
LY,Libya,forename,100,Asma,asma-fn,F;M,4239
LY,Libya,surname,1,Mohamed,mohamed-sn,M;F,118254
LY,Libya,surname,2,محمد,mhmd-sn,M;F,85406
LY,Libya,surname,3,Ali,ali-sn,M;F,71706
LY,Libya,surname,4,Ahmed,ahmed-sn,M;F,54382
LY,Libya,surname,5,علي,aly-sn,M;F,34605
LY,Libya,surname,6,احمد,ahmd-sn,M;F,33513
LY,Libya,surname,7,Omar,omar-sn,M;F,18566
LY,Libya,surname,8,Salem,salem-sn,M;F,16389
LY,Libya,surname,9,الورفلي,alwrfly-sn,,16268
LY,Libya,surname,10,الحياة,alhyah-sn,F;M,14884
LY,Libya,surname,11,Salah,salah-sn,M;F,14689
LY,Libya,surname,12,Ibrahim,ibrahim-sn,M;F,13159
LY,Libya,surname,13,Mohammed,mohammed-sn,M;F,12849
LY,Libya,surname,14,العبيدي,alabydy-sn,M;F,12614
LY,Libya,surname,15,Al-Maghribi,almghrby-sn,M;F,12532
LY,Libya,surname,16,الترهوني,altrhwny-sn,,12505
LY,Libya,surname,17,بالله,ballh-sn,F;M,12138
LY,Libya,surname,18,Libya,libya-sn,,12026
LY,Libya,surname,19,عبدالله,abdallh-sn,M;F,10844
LY,Libya,surname,20,عمر,amr-sn,M;F,10465
LY,Libya,surname,21,سالم,salm-sn,M;F,10394
LY,Libya,surname,22,الشريف,alshryf-sn,M;F,10332
LY,Libya,surname,23,الفرجاني,alfrjany-sn,M,9541
LY,Libya,surname,24,Ullah,ullah-sn,M;F,9393
LY,Libya,surname,25,عبدو,abdw-sn,M;F,9358
LY,Libya,surname,26,العقوري,alaqwry-sn,,9238
LY,Libya,surname,27,Mahmoud,mahmoud-sn,M;F,8543
LY,Libya,surname,28,الليبي,allyby-sn,M,8523
LY,Libya,surname,29,الزوي,alzwy-sn,,8464
LY,Libya,surname,30,الفيتوري,alfytwry-sn,,8293
LY,Libya,surname,31,البرعصي,albrasy-sn,M,8221
LY,Libya,surname,32,Abdo,abdo-sn,M;F,8010
LY,Libya,surname,33,صالح,salh-sn,M;F,7694
LY,Libya,surname,34,الدرسي,aldrsy-sn,,7587
LY,Libya,surname,35,Saad,saad-sn,M;F,7558
LY,Libya,surname,36,ابراهيم,abrahym-sn,M;F,7428
LY,Libya,surname,37,الحاسي,alhasy-sn,,7193
LY,Libya,surname,38,حسن,hsn-sn,M;F,7188
LY,Libya,surname,39,محمود,mhmwd-sn,M;F,7102
LY,Libya,surname,40,الله,allh-sn,F;M,6822
LY,Libya,surname,41,يوسف,ywsf-sn,M;F,6658
LY,Libya,surname,42,Said,said-sn,M;F,6568
LY,Libya,surname,43,البحر,albhr-sn,F;M,6353
LY,Libya,surname,44,خالد,khald-sn,M;F,5958
LY,Libya,surname,45,الجارح,aljarh-sn,M;F,5823
LY,Libya,surname,46,Queen,queen-sn,F,5757
LY,Libya,surname,47,الجوري,aljwry-sn,F;M,5689
LY,Libya,surname,48,الامل,alaml-sn,F;M,5633
LY,Libya,surname,49,Hossain,hossain-sn,M;F,5435
LY,Libya,surname,50,حسين,hsyn-sn,M;F,5435
LY,Libya,surname,51,العرفي,alarfy-sn,,5271
LY,Libya,surname,52,Nasser,nasser-sn,M;F,5265
LY,Libya,surname,53,Farraj,frj-sn,M;F,5084
LY,Libya,surname,54,المصراتي,almsraty-sn,,5058
LY,Libya,surname,55,الغرياني,alghryany-sn,,5012
LY,Libya,surname,56,Al,al-sn,M;F,4993
LY,Libya,surname,57,سعيد,sayd-sn,M;F,4893
LY,Libya,surname,58,King,king-sn,M;F,4860
LY,Libya,surname,59,الشيخي,alshykhy-sn,M,4713
LY,Libya,surname,60,الجبل,aljbl-sn,M,4670
LY,Libya,surname,61,سعد,sad-sn,M;F,4662
LY,Libya,surname,62,المسماري,almsmary-sn,,4627
LY,Libya,surname,63,البيضاء,albydhaa-sn,F;M,4541
LY,Libya,surname,64,العوامي,alawamy-sn,,4346
LY,Libya,surname,65,على,ala-sn,M;F,4271
LY,Libya,surname,66,السلام,alslam-sn,M;F,4259
LY,Libya,surname,67,خليفه,khlyfh-sn,M;F,4170
LY,Libya,surname,68,مفتاح,mftah-sn,M,4157
LY,Libya,surname,69,ليبي,lyby-sn,,4130
LY,Libya,surname,70,سليمان,slyman-sn,M;F,4117
LY,Libya,surname,71,الصحراء,alshraa-sn,M,4089
LY,Libya,surname,72,Ahmad,ahmad-sn,M;F,4080
LY,Libya,surname,73,امل,aml-sn,F;M,4071
LY,Libya,surname,74,الرحمن,alrhmn-sn,F;M,4049
LY,Libya,surname,75,المصري,almsry-sn,M;F,4012
LY,Libya,surname,76,نفسي,nfsy-sn,,3912
LY,Libya,surname,77,Amer,amer-sn,M;F,3910
LY,Libya,surname,78,المجبري,almjbry-sn,,3851
LY,Libya,surname,79,Imran,imran-sn,M;F,3822
LY,Libya,surname,80,رمضان,rmdhan-sn,M;F,3771
LY,Libya,surname,81,الفاخري,alfakhry-sn,,3653
LY,Libya,surname,82,القماطي,alqmaty-sn,,3596
LY,Libya,surname,83,Sh,sh-sn,M;F,3522
LY,Libya,surname,84,السعيطي,alsayty-sn,M,3495
LY,Libya,surname,85,المنصوري,almnswry-sn,M,3455
LY,Libya,surname,86,ادم,adm-sn,M;F,3446
LY,Libya,surname,87,جمعه,jmah-sn,M;F,3436
LY,Libya,surname,88,Jamal,jamal-sn,M;F,3432
LY,Libya,surname,89,العربي,alarby-sn,M;F,3293
LY,Libya,surname,90,الطرابلسي,altrablsy-sn,,3255
LY,Libya,surname,91,Al-Amari,alamary-sn,M,3247
LY,Libya,surname,92,Hamed,hamed-sn,M;F,3240
LY,Libya,surname,93,العمامي,alamamy-sn,,3234
LY,Libya,surname,94,منصور,mnswr-sn,M;F,3217
LY,Libya,surname,95,Ly,ly-sn,F;M,3185
LY,Libya,surname,96,مسعود,msawd-sn,M,3104
LY,Libya,surname,97,السيد,alsyd-sn,M;F,3088
LY,Libya,surname,98,الصغير,alsghyr-sn,M;F,3057
LY,Libya,surname,99,جوري,jwry-sn,,3026
LY,Libya,surname,100,Hassan,hassan-sn,F;M,3024
MA,Morocco,forename,1,Mohamed,mohamed-fn,M,778538
MA,Morocco,forename,2,Abdo,abdo-fn,M;F,238303
MA,Morocco,forename,3,Simo,simo-fn,M;F,230641
MA,Morocco,forename,4,Hassan,hassan-fn,M;F,218625
MA,Morocco,forename,5,Ahmed,ahmed-fn,M,211731
MA,Morocco,forename,6,Youssef,youssef-fn,M,202013
MA,Morocco,forename,7,Rachid,rachid-fn,M;F,193908
MA,Morocco,forename,8,Said,said-fn,M,190462
MA,Morocco,forename,9,Yassine,yassine-fn,M;F,163397
MA,Morocco,forename,10,Ayoub,ayoub-fn,M,144900
MA,Morocco,forename,11,Fati,fati-fn,F,144565
MA,Morocco,forename,12,Hamza,hamza-fn,M,143839
MA,Morocco,forename,13,Hicham,hicham-fn,M,139771
MA,Morocco,forename,14,Ibrahim,ibrahim-fn,M;F,137922
MA,Morocco,forename,15,Khaled,khaled-fn,M,130786
MA,Morocco,forename,16,Aziz,aziz-fn,M,127162
MA,Morocco,forename,17,Khalid,khalid-fn,M;F,124569
MA,Morocco,forename,18,Amine,amine-fn,M,122979
MA,Morocco,forename,19,Khadija,khadija-fn,F;M,120735
MA,Morocco,forename,20,Omar,omar-fn,M;F,118773
MA,Morocco,forename,21,Mariam,mariam-fn,F;M,118090
MA,Morocco,forename,22,Karim,karim-fn,M;F,113401
MA,Morocco,forename,23,Brahim,brahim-fn,M,111318
MA,Morocco,forename,24,Hamid,hamid-fn,M;F,103043
MA,Morocco,forename,25,Mustapha,mustapha-fn,M;F,98468
MA,Morocco,forename,26,Sara,sara-fn,F;M,92686
MA,Morocco,forename,27,Ali,ali-fn,M;F,92600
MA,Morocco,forename,28,Malak,malak-fn,F,85808
MA,Morocco,forename,29,Mohammed,mohammed-fn,M;F,85774
MA,Morocco,forename,30,Mustafa,mustafa-fn,M;F,85082
MA,Morocco,forename,31,Mehdi,mehdi-fn,M,83912
MA,Morocco,forename,32,Eman,eman-fn,F;M,75110
MA,Morocco,forename,33,Adil,adil-fn,M,72247
MA,Morocco,forename,34,Salma,salma-fn,F,71472
MA,Morocco,forename,35,Jamal,jamal-fn,M;F,69889
MA,Morocco,forename,36,Med,med-fn,M,67034
MA,Morocco,forename,37,Mohamad,mohamad-fn,M,65833
MA,Morocco,forename,38,Mourad,mourad-fn,M,65807
MA,Morocco,forename,39,Abdullah,abdullah-fn,M,65106
MA,Morocco,forename,40,Kamal,kamal-fn,M;F,63712
MA,Morocco,forename,41,Yassin,yassin-fn,M;F,60794
MA,Morocco,forename,42,Nour,nour-fn,F;M,60221
MA,Morocco,forename,43,Driss,driss-fn,M,58204
MA,Morocco,forename,44,Amina,amina-fn,F,56561
MA,Morocco,forename,45,Osama,osama-fn,M,56508
MA,Morocco,forename,46,Zakaria,zakaria-fn,M,56282
MA,Morocco,forename,47,Imane,imane-fn,F,56183
MA,Morocco,forename,48,Oussama,oussama-fn,M,51314
MA,Morocco,forename,49,Jawad,jawad-fn,M,50943
MA,Morocco,forename,50,Asma,asma-fn,F;M,50585
MA,Morocco,forename,51,Anas,anas-fn,M;F,49521
MA,Morocco,forename,52,Samir,samir-fn,M,49455
MA,Morocco,forename,53,Salah,salah-fn,M;F,49102
MA,Morocco,forename,54,Ismail,ismail-fn,M,49068
MA,Morocco,forename,55,Adam,adam-fn,M,48939
MA,Morocco,forename,56,Abdellah,abdellah-fn,M,48043
MA,Morocco,forename,57,Hajar,hajar-fn,F,47708
MA,Morocco,forename,58,Nabil,nabil-fn,M,47558
MA,Morocco,forename,59,Amal,amal-fn,F;M,46694
MA,Morocco,forename,60,Achraf,achraf-fn,M,46260
MA,Morocco,forename,61,Ahmad,ahmad-fn,M;F,46185
MA,Morocco,forename,62,Mostafa,mostafa-fn,M;F,43628
MA,Morocco,forename,63,Hanan,hanan-fn,F;M,43139
MA,Morocco,forename,64,Maryam,maryam-fn,F,43007
MA,Morocco,forename,65,Abdou,abdou-fn,M,42760
MA,Morocco,forename,66,Zineb,zineb-fn,F,40921
MA,Morocco,forename,67,Tarik,tarik-fn,M,40816
MA,Morocco,forename,68,Bilal,bilal-fn,M;F,40779
MA,Morocco,forename,69,Kawtar,kawtar-fn,F,40220
MA,Morocco,forename,70,Siham,siham-fn,F,40179
MA,Morocco,forename,71,Nadia,nadia-fn,F,39954
MA,Morocco,forename,72,Emad,emad-fn,M,39775
MA,Morocco,forename,73,Imad,imad-fn,M,39775
MA,Morocco,forename,74,Walid,walid-fn,M;F,39091
MA,Morocco,forename,75,Hanane,hanane-fn,F,38004
MA,Morocco,forename,76,Aya,aya-fn,F;M,37082
MA,Morocco,forename,77,Amir,amir-fn,M;F,36842
MA,Morocco,forename,78,Youness,youness-fn,M,36668
MA,Morocco,forename,79,Badr,badr-fn,M;F,36526
MA,Morocco,forename,80,Younes,younes-fn,M,36328
MA,Morocco,forename,81,Samira,samira-fn,F,36272
MA,Morocco,forename,82,Nada,nada-fn,F;M,35639
MA,Morocco,forename,83,Amin,amin-fn,M,34355
MA,Morocco,forename,84,Marwan,marwan-fn,M,33772
MA,Morocco,forename,85,Saad,saad-fn,M;F,33757
MA,Morocco,forename,86,Morad,morad-fn,M,33446
MA,Morocco,forename,87,Hiba,hiba-fn,F;M,33299
MA,Morocco,forename,88,Karima,karima-fn,F,33075
MA,Morocco,forename,89,Ayman,ayman-fn,M,32774
MA,Morocco,forename,90,Aicha,aicha-fn,F,32679
MA,Morocco,forename,91,Laila,laila-fn,F,32526
MA,Morocco,forename,92,Naima,naima-fn,F,32154
MA,Morocco,forename,93,Soufiane,soufiane-fn,M,31935
MA,Morocco,forename,94,Oum,oum-fn,F,30832
MA,Morocco,forename,95,Bouchra,bouchra-fn,F,30702
MA,Morocco,forename,96,Ilham,ilham-fn,F;M,30197
MA,Morocco,forename,97,Reda,reda-fn,M;F,29918
MA,Morocco,forename,98,Fatiha,fatiha-fn,F,29672
MA,Morocco,forename,99,Fouad,fouad-fn,M,29062
MA,Morocco,forename,100,Soukaina,soukaina-fn,F,28891
MA,Morocco,surname,1,El,el-sn,M;F,286793
MA,Morocco,surname,2,Mohamed,mohamed-sn,M;F,127702
MA,Morocco,surname,3,Rajawi,rajawi-sn,,87407
MA,Morocco,surname,4,Abdo,abdo-sn,M;F,63141
MA,Morocco,surname,5,Simo,simo-sn,M;F,57186
MA,Morocco,surname,6,Amine,amine-sn,M;F,54094
MA,Morocco,surname,7,Ben,ben-sn,M;F,50810
MA,Morocco,surname,8,Fati,fati-sn,,45399
MA,Morocco,surname,9,Ahmed,ahmed-sn,M;F,45309
MA,Morocco,surname,10,Rachid,rachid-sn,M,44800
MA,Morocco,surname,11,Said,said-sn,M;F,40970
MA,Morocco,surname,12,Karim,karim-sn,M;F,35259
MA,Morocco,surname,13,Alaoui,alaoui-sn,,34971
MA,Morocco,surname,14,Nour,nour-sn,F;M,33909
MA,Morocco,surname,15,Yassin,yassin-sn,M;F,32495
MA,Morocco,surname,16,Youssef,youssef-sn,M;F,32377
MA,Morocco,surname,17,Ali,ali-sn,M;F,32089
MA,Morocco,surname,18,Hassan,hassan-sn,F;M,31992
MA,Morocco,surname,19,Kech,kech-sn,M;F,29465
MA,Morocco,surname,20,Kamal,kamal-sn,M;F,29402
MA,Morocco,surname,21,Aziz,aziz-sn,M;F,27417
MA,Morocco,surname,22,Saber,saber-sn,M;F,27027
MA,Morocco,surname,23,Tazi,tazi-sn,,26799
MA,Morocco,surname,24,Salah,salah-sn,M;F,26132
MA,Morocco,surname,25,Wac,wac-sn,,25834
MA,Morocco,surname,26,Ell,ell-sn,M;F,25729
MA,Morocco,surname,27,Alami,alami-sn,M;F,25473
MA,Morocco,surname,28,Idrissi,idrissi-sn,M;F,25345
MA,Morocco,surname,29,Khaled,khaled-sn,M;F,25006
MA,Morocco,surname,30,Adam,adam-sn,M;F,24874
MA,Morocco,surname,31,Ayoub,ayoub-sn,M;F,24658
MA,Morocco,surname,32,Med,med-sn,M,24245
MA,Morocco,surname,33,Hamza,hamza-sn,M;F,23926
MA,Morocco,surname,34,Raja,raja-sn,M;F,23842
MA,Morocco,surname,35,Hicham,hicham-sn,,23752
MA,Morocco,surname,36,Malak,malak-sn,F;M,23628
MA,Morocco,surname,37,Khalid,khalid-sn,M;F,23259
MA,Morocco,surname,38,Fleur,fleur-sn,F,22939
MA,Morocco,surname,39,Ibrahim,ibrahim-sn,M;F,22881
MA,Morocco,surname,40,Hamid,hamid-sn,M;F,22656
MA,Morocco,surname,41,Omar,omar-sn,M;F,22568
MA,Morocco,surname,42,Khadija,khadija-sn,M,21633
MA,Morocco,surname,43,Fatima,fatima-sn,F,21631
MA,Morocco,surname,44,Amin,amin-sn,M;F,21412
MA,Morocco,surname,45,Widadi,widadi-sn,M;F,21035
MA,Morocco,surname,46,Reda,reda-sn,M;F,20654
MA,Morocco,surname,47,Mks,mks-sn,,19612
MA,Morocco,surname,48,Jamal,jamal-sn,M;F,19439
MA,Morocco,surname,49,Yassine,yassine-sn,,19174
MA,Morocco,surname,50,Saad,saad-sn,M;F,18904
MA,Morocco,surname,51,Rifi,rifi-sn,,18804
MA,Morocco,surname,52,Tanjawi,tanjawi-sn,,18728
MA,Morocco,surname,53,Agadir,agadir-sn,,18500
MA,Morocco,surname,54,Brahim,brahim-sn,M,18285
MA,Morocco,surname,55,Madrid,madrid-sn,M;F,18212
MA,Morocco,surname,56,Sarah,sarah-sn,F;M,16310
MA,Morocco,surname,57,Zahra,zahra-sn,F;M,15712
MA,Morocco,surname,58,Tanger,tanger-sn,,15689
MA,Morocco,surname,59,Ch,ch-sn,M;F,15660
MA,Morocco,surname,60,Mehdi,mehdi-sn,M;F,15321
MA,Morocco,surname,61,Tahiri,tahiri-sn,M;F,15307
MA,Morocco,surname,62,Sara,sara-sn,F;M,15293
MA,Morocco,surname,63,Salma,salma-sn,F;M,15151
MA,Morocco,surname,64,Rayan,rayan-sn,M;F,15135
MA,Morocco,surname,65,Sh,sh-sn,M;F,14862
MA,Morocco,surname,66,Mahbola,mahbola-sn,,14570
MA,Morocco,surname,67,Maroc,maroc-sn,,14163
MA,Morocco,surname,68,Mourad,mourad-sn,M;F,14020
MA,Morocco,surname,69,Mohammed,mohammed-sn,M;F,13924
MA,Morocco,surname,70,Amal,amal-sn,F,13512
MA,Morocco,surname,71,Abdou,abdou-sn,M;F,13427
MA,Morocco,surname,72,Rami,rami-sn,,13299
MA,Morocco,surname,73,Naji,naji-sn,,13275
MA,Morocco,surname,74,Mostafa,mostafa-sn,M;F,13238
MA,Morocco,surname,75,Fes,fes-sn,,13122
MA,Morocco,surname,76,Male,male-sn,M,12772
MA,Morocco,surname,77,Mohamad,mohamad-sn,M;F,12690
MA,Morocco,surname,78,Mansour,mansour-sn,M;F,12632
MA,Morocco,surname,79,Salhi,salhi-sn,M,12578
MA,Morocco,surname,80,Ahmad,ahmad-sn,M;F,12471
MA,Morocco,surname,81,Saidi,saidi-sn,M,12468
MA,Morocco,surname,82,Adil,adil-sn,M;F,12431
MA,Morocco,surname,83,Ma,ma-sn,F;M,12293
MA,Morocco,surname,84,Sabir,sabir-sn,M,11896
MA,Morocco,surname,85,Aya,aya-sn,F;M,11842
MA,Morocco,surname,86,Ddg,ddg-sn,M,11814
MA,Morocco,surname,87,Nada,nada-sn,F;M,11764
MA,Morocco,surname,88,HB,hb-sn,,11761
MA,Morocco,surname,89,Amrani,amrani-sn,,11745
MA,Morocco,surname,90,Bilal,bilal-sn,M;F,11702
MA,Morocco,surname,91,Salem,salem-sn,M;F,11617
MA,Morocco,surname,92,Rida,rida-sn,,11500
MA,Morocco,surname,93,Samir,samir-sn,M;F,11469
MA,Morocco,surname,94,Hm,hm-sn,,11344
MA,Morocco,surname,95,Hiba,hiba-sn,,11335
MA,Morocco,surname,96,Badr,badr-sn,M;F,11324
MA,Morocco,surname,97,Yahya,yahya-sn,M;F,11091
MA,Morocco,surname,98,Amir,amir-sn,M;F,11063
MA,Morocco,surname,99,Casa,casa-sn,M,11043
MA,Morocco,surname,100,Bennani,bennani-sn,,11025
MD,Moldova,forename,1,Dragoș,dragos-fn,M,3000
MD,Moldova,forename,2,Elena,elena-fn,F;M,596
MD,Moldova,forename,3,Marin,marin-fn,F;M,90
MD,Moldova,forename,4,Carolina,carolina-fn,F;M,66
MD,Moldova,forename,5,Stella,stella-fn,F;M,13
MD,Moldova,forename,6,Valery,valery-fn,F;M,6
MD,Moldova,forename,7,Yury,yury-fn,F;M,6
MD,Moldova,forename,8,Глеб,gleb-fn,F;M,4
MD,Moldova,forename,9,Rina,rina-fn,F;M,4
MD,Moldova,forename,10,Hellen,hellen-fn,F,3
MD,Moldova,surname,1,Popa,popa-sn,F;M,119
MD,Moldova,surname,2,Vasile,vasile-sn,F;M,55
MD,Moldova,surname,3,Gori,gori-sn,,12
MD,Moldova,surname,4,Terzi,terzi-sn,,9
MD,Moldova,surname,5,Фролова,frolova-sn,F;M,3
MD,Moldova,surname,6,Ma,ma-sn,F;M,3
MD,Moldova,surname,7,Panico,panico-sn,F;M,2
MD,Moldova,surname,8,Rm,rm-sn,F;M,2
MD,Moldova,surname,9,Zara,zara-sn,F;M,2
ME,,forename,1,Milica,milica-fn,F,3000
ME,,forename,2,Milivoje,milivoje-fn,M,2000
ML,,surname,1,Keita,keita-sn,,8940
MO,Macao,forename,1,Elaine,elaine-fn,F;M,311
MO,Macao,forename,2,Stella,stella-fn,F;M,212
MO,Macao,forename,3,Xuan,xuan-fn,F;M,131
MO,Macao,forename,4,Leung,leung-fn,F;M,110
MO,Macao,forename,5,Elena,elena-fn,F;M,95
MO,Macao,forename,6,Rina,rina-fn,F;M,58
MO,Macao,forename,7,Boy,boy-fn,M,56
MO,Macao,forename,8,Shan,shan-fn,F;M,53
MO,Macao,forename,9,Carolina,carolina-fn,F;M,40
MO,Macao,forename,10,Debby,debby-fn,F;M,38
MO,Macao,forename,11,Emmy,emmy-fn,F;M,23
MO,Macao,forename,12,Harvey,harvey-fn,F;M,14
MO,Macao,forename,13,Ash,ash-fn,F;M,13
MO,Macao,forename,14,Heidy,heidy-fn,F;M,13
MO,Macao,forename,15,Hellen,hellen-fn,F,13
MO,Macao,forename,16,Helder,helder-fn,M,12
MO,Macao,forename,17,Kishor,kishor-fn,F;M,12
MO,Macao,forename,18,Letty,letty-fn,F;M,12
MO,Macao,forename,19,Aisyah,aisyah-fn,F;M,11
MO,Macao,forename,20,Ham,ham-fn,F;M,11
MO,Macao,forename,21,Ct,ct-fn,F;M,10
MO,Macao,forename,22,Eleanor,eleanor-fn,F,10
MO,Macao,forename,23,Sissi,sissi-fn,F;M,10
MO,Macao,forename,24,Mart,mart-fn,M,8
MO,Macao,forename,25,Krista,krista-fn,F;M,7
MO,Macao,forename,26,Paz,paz-fn,F;M,7
MO,Macao,forename,27,Ruan,ruan-fn,F;M,7
MO,Macao,forename,28,Sidney,sidney-fn,F;M,7
MO,Macao,forename,29,Sofie,sofie-fn,F;M,7
MO,Macao,forename,30,Aina,aina-fn,F;M,5
MO,Macao,forename,31,Clinton,clinton-fn,M,5
MO,Macao,forename,32,Maki,maki-fn,F;M,5
MO,Macao,forename,33,Vikram,vikram-fn,F;M,5
MO,Macao,forename,34,Chika,chika-fn,F;M,4
MO,Macao,forename,35,Leroy,leroy-fn,F;M,4
MO,Macao,forename,36,Mikel,mikel-fn,M,4
MO,Macao,forename,37,Vanda,vanda-fn,F;M,4
MO,Macao,forename,38,Ange,ange-fn,F;M,3
MO,Macao,forename,39,Inez,inez-fn,F;M,3
MO,Macao,forename,40,Remon,remon-fn,F;M,3
MO,Macao,forename,41,Rosella,rosella-fn,F;M,3
MO,Macao,forename,42,Sina,sina-fn,F;M,3
MO,Macao,forename,43,Terezinha,terezinha-fn,F,3
MO,Macao,forename,44,Dil,dil-fn,F;M,2
MO,Macao,forename,45,Faridah,faridah-fn,F;M,2
MO,Macao,forename,46,Jeanine,jeanine-fn,F;M,2
MO,Macao,forename,47,Leandra,leandra-fn,F;M,2
MO,Macao,forename,48,Marcio,marcio-fn,F;M,2
MO,Macao,forename,49,Maximilian,maximilian-fn,F;M,2
MO,Macao,forename,50,Nura,nura-fn,F;M,2
MO,Macao,forename,51,Patti,patti-fn,F;M,2
MO,Macao,forename,52,Rhys,rhys-fn,F;M,2
MO,Macao,forename,53,Sathish,sathish-fn,M,2
MO,Macao,forename,54,Trish,trish-fn,F;M,2
MO,Macao,forename,55,Wail,wail-fn,F;M,2
MO,Macao,surname,1,Chan,chan-sn,M;F,12858
MO,Macao,surname,2,Wong,wong-sn,M;F,10646
MO,Macao,surname,3,Leong,leong-sn,F;M,7208
MO,Macao,surname,4,Lei,lei-sn,F;M,6401
MO,Macao,surname,5,Lam,lam-sn,M;F,6298
MO,Macao,surname,6,Ng,ng-sn,M;F,5110
MO,Macao,surname,7,Ho,ho-sn,M;F,4788
MO,Macao,surname,8,Cheong,cheong-sn,F;M,3458
MO,Macao,surname,9,Lee,lee-sn,M;F,3095
MO,Macao,surname,10,Lao,lao-sn,M;F,2679
MO,Macao,surname,11,Nguyen,nguyen-sn,M;F,2550
MO,Macao,surname,12,Choi,choi-sn,M;F,2467
MO,Macao,surname,13,Fong,fong-sn,F;M,2302
MO,Macao,surname,14,Tam,tam-sn,M;F,2128
MO,Macao,surname,15,Cheang,cheang-sn,M;F,2122
MO,Macao,surname,16,Lai,lai-sn,M;F,2067
MO,Macao,surname,17,Lo,lo-sn,M;F,1026
MO,Macao,surname,18,Ma,ma-sn,F;M,1019
MO,Macao,surname,19,Loi,loi-sn,F;M,923
MO,Macao,surname,20,Le,le-sn,F;M,728
MO,Macao,surname,21,Zhao,zhao-sn,F;M,315
MO,Macao,surname,22,Zheng,zheng-sn,F;M,309
MO,Macao,surname,23,Kwong,kwong-sn,F;M,96
MO,Macao,surname,24,Angeles,angeles-sn,F;M,48
MO,Macao,surname,25,Rain,rain-sn,,48
MO,Macao,surname,26,Raymond,raymond-sn,F;M,30
MO,Macao,surname,27,Seven,seven-sn,F;M,27
MO,Macao,surname,28,Manzano,manzano-sn,F;M,23
MO,Macao,surname,29,Angelo,angelo-sn,,16
MO,Macao,surname,30,Rahma,rahma-sn,F;M,16
MO,Macao,surname,31,Santo,santo-sn,F;M,14
MO,Macao,surname,32,Espino,espino-sn,F;M,13
MO,Macao,surname,33,Mendonça,mendonca-sn,F;M,11
MO,Macao,surname,34,Belen,belen-sn,F;M,10
MO,Macao,surname,35,Power,power-sn,,10
MO,Macao,surname,36,Bruce,bruce-sn,F;M,7
MO,Macao,surname,37,Cheah,cheah-sn,,7
MO,Macao,surname,38,Dev,dev-sn,F;M,7
MO,Macao,surname,39,Dia,dia-sn,,6
MO,Macao,surname,40,Faria,faria-sn,,6
MO,Macao,surname,41,Crespo,crespo-sn,F;M,5
MO,Macao,surname,42,Kar,kar-sn,F;M,5
MO,Macao,surname,43,Hassan,hassan-sn,F;M,4
MO,Macao,surname,44,Najwa,najwa-sn,F;M,4
MO,Macao,surname,45,Rm,rm-sn,F;M,4
MO,Macao,surname,46,Connolly,connolly-sn,F;M,3
MO,Macao,surname,47,Dejesus,dejesus-sn,F;M,3
MO,Macao,surname,48,Zara,zara-sn,F;M,3
MO,Macao,surname,49,Baxter,baxter-sn,F;M,2
MO,Macao,surname,50,Caroline,caroline-sn,,2
MO,Macao,surname,51,Fauzi,fauzi-sn,,2
MO,Macao,surname,52,Jurado,jurado-sn,F;M,2
MO,Macao,surname,53,Kalu,kalu-sn,F;M,2
MO,Macao,surname,54,Morton,morton-sn,F;M,2
MO,Macao,surname,55,Rathore,rathore-sn,F;M,2
MO,Macao,surname,56,Shukla,shukla-sn,M;F,2
MT,Malta,forename,1,Joseph,joseph-fn,M;F,1529
MT,Malta,forename,2,Elaine,elaine-fn,F;M,154
MT,Malta,forename,3,Elena,elena-fn,F;M,106
MT,Malta,forename,4,Tiziana,tiziana-fn,F,78
MT,Malta,forename,5,Stella,stella-fn,F;M,34
MT,Malta,forename,6,Clinton,clinton-fn,M,31
MT,Malta,forename,7,Krista,krista-fn,F;M,31
MT,Malta,forename,8,Rina,rina-fn,F;M,23
MT,Malta,forename,9,Sina,sina-fn,F;M,23
MT,Malta,forename,10,Carolina,carolina-fn,F;M,21
MT,Malta,forename,11,Eleanor,eleanor-fn,F,20
MT,Malta,forename,12,Annemarie,annemarie-fn,F;M,13
MT,Malta,forename,13,Ayoub,ayoub-fn,M,7
MT,Malta,forename,14,Ibra,ibra-fn,M,7
MT,Malta,forename,15,Inez,inez-fn,F;M,7
MT,Malta,forename,16,Rudolf,rudolf-fn,M,6
MT,Malta,forename,17,Emmy,emmy-fn,F;M,5
MT,Malta,forename,18,Jeanine,jeanine-fn,F;M,5
MT,Malta,forename,19,Marin,marin-fn,F;M,5
MT,Malta,forename,20,Alysia,alysia-fn,F;M,4
MT,Malta,forename,21,Faysal,faysal-fn,M,4
MT,Malta,forename,22,Глеб,gleb-fn,F;M,4
MT,Malta,forename,23,Haifa,haifa-fn,F;M,4
MT,Malta,forename,24,Mikel,mikel-fn,M,4
MT,Malta,forename,25,Rhys,rhys-fn,F;M,4
MT,Malta,forename,26,Wail,wail-fn,F;M,4
MT,Malta,forename,27,Ashref,ashref-fn,F;M,3
MT,Malta,forename,28,Boy,boy-fn,M,3
MT,Malta,forename,29,Debby,debby-fn,F;M,3
MT,Malta,forename,30,Doriana,doriana-fn,F;M,3
MT,Malta,forename,31,Fadia,fadia-fn,F;M,3
MT,Malta,forename,32,Ghassan,ghassan-fn,F;M,3
MT,Malta,forename,33,Harvey,harvey-fn,F;M,3
MT,Malta,forename,34,Maximilian,maximilian-fn,F;M,3
MT,Malta,forename,35,Tomislav,tomislav-fn,M,3
MT,Malta,forename,36,Adeel,adeel-fn,F;M,2
MT,Malta,forename,37,Beata,beata-fn,F;M,2
MT,Malta,forename,38,Chika,chika-fn,F;M,2
MT,Malta,forename,39,Floriana,floriana-fn,F;M,2
MT,Malta,forename,40,Ghada,ghada-fn,F;M,2
MT,Malta,forename,41,Hakan,hakan-fn,F;M,2
MT,Malta,forename,42,Krzysztof,krzysztof-fn,F;M,2
MT,Malta,forename,43,Leandra,leandra-fn,F;M,2
MT,Malta,forename,44,Loly,loly-fn,F;M,2
MT,Malta,forename,45,Lukman,lukman-fn,M,2
MT,Malta,forename,46,Manuele,manuele-fn,F;M,2
MT,Malta,forename,47,Marcio,marcio-fn,F;M,2
MT,Malta,forename,48,Shan,shan-fn,F;M,2
MT,Malta,forename,49,Sidney,sidney-fn,F;M,2
MT,Malta,forename,50,Suhail,suhail-fn,F;M,2
MT,Malta,forename,51,Trish,trish-fn,F;M,2
MT,Malta,forename,52,Uchenna,uchenna-fn,F;M,2
MT,Malta,forename,53,Valery,valery-fn,F;M,2
MT,Malta,surname,1,Borg,borg-sn,M;F,2679
MT,Malta,surname,2,Camilleri,camilleri-sn,M;F,2222
MT,Malta,surname,3,Vella,vella-sn,M;F,2198
MT,Malta,surname,4,Farrugia,farrugia-sn,M,1095
MT,Malta,surname,5,Pisani,pisani-sn,F;M,282
MT,Malta,surname,6,Damato,damato-sn,F;M,111
MT,Malta,surname,7,Hassan,hassan-sn,F;M,63
MT,Malta,surname,8,Ma,ma-sn,F;M,12
MT,Malta,surname,9,Power,power-sn,,9
MT,Malta,surname,10,Zidan,zidan-sn,F;M,9
MT,Malta,surname,11,Zhao,zhao-sn,F;M,8
MT,Malta,surname,12,Raymond,raymond-sn,F;M,7
MT,Malta,surname,13,Stephenson,stephenson-sn,F;M,5
MT,Malta,surname,14,Vasile,vasile-sn,F;M,5
MT,Malta,surname,15,Zara,zara-sn,F;M,5
MT,Malta,surname,16,Angelo,angelo-sn,,4
MT,Malta,surname,17,Fall,fall-sn,,4
MT,Malta,surname,18,Iacono,iacono-sn,,4
MT,Malta,surname,19,Le,le-sn,F;M,4
MT,Malta,surname,20,Tarek,tarek-sn,M;F,4
MT,Malta,surname,21,Caroline,caroline-sn,,3
MT,Malta,surname,22,Dia,dia-sn,,3
MT,Malta,surname,23,Mariam,mariam-sn,F;M,3
MT,Malta,surname,24,Schmid,schmid-sn,F;M,3
MT,Malta,surname,25,Agha,agha-sn,F;M,2
MT,Malta,surname,26,Angeles,angeles-sn,F;M,2
MT,Malta,surname,27,Ayman,ayman-sn,F;M,2
MT,Malta,surname,28,Bruce,bruce-sn,F;M,2
MT,Malta,surname,29,Farg,farg-sn,F;M,2
MT,Malta,surname,30,Garner,garner-sn,,2
MT,Malta,surname,31,Glover,glover-sn,F;M,2
MT,Malta,surname,32,Hutchinson,hutchinson-sn,F;M,2
MT,Malta,surname,33,Kalu,kalu-sn,F;M,2
MT,Malta,surname,34,Michele,michele-sn,F;M,2
MT,Malta,surname,35,Moro,moro-sn,F;M,2
MT,Malta,surname,36,Popa,popa-sn,F;M,2
MT,Malta,surname,37,Sanfilippo,sanfilippo-sn,F;M,2
MT,Malta,surname,38,Waqas,waqas-sn,,2
MT,Malta,surname,39,Zheng,zheng-sn,F;M,2
MU,Mauritius,forename,1,João,joao-fn,M,13556
MU,Mauritius,forename,2,Ana,ana-fn,F;M,11600
MU,Mauritius,forename,3,Pedro,pedro-fn,M,10369
MU,Mauritius,forename,4,Jose,jose-fn,M;F,8824
MU,Mauritius,forename,5,Antonio,antonio-fn,M;F,7092
MU,Mauritius,forename,6,Luis,luis-fn,M;F,6949
MU,Mauritius,forename,7,Carlos,carlos-fn,M;F,6866
MU,Mauritius,forename,8,Paulo,paulo-fn,M,6717
MU,Mauritius,forename,9,Rui,rui-fn,M,6162
MU,Mauritius,forename,10,Ricardo,ricardo-fn,M,6019
MU,Mauritius,forename,11,Miguel,miguel-fn,M,5622
MU,Mauritius,forename,12,Nuno,nuno-fn,M,5557
MU,Mauritius,forename,13,Tiago,tiago-fn,M,5520
MU,Mauritius,forename,14,Bruno,bruno-fn,M,4937
MU,Mauritius,forename,15,Joana,joana-fn,F,4807
MU,Mauritius,forename,16,Andre,andre-fn,M;F,4681
MU,Mauritius,forename,17,Jorge,jorge-fn,M,4453
MU,Mauritius,forename,18,Diogo,diogo-fn,M,4408
MU,Mauritius,forename,19,Manuel,manuel-fn,M,3973
MU,Mauritius,forename,20,Fernando,fernando-fn,M,3733
MU,Mauritius,forename,21,Francisco,francisco-fn,M,3718
MU,Mauritius,forename,22,Isabel,isabel-fn,F,3672
MU,Mauritius,forename,23,Paula,paula-fn,F;M,3505
MU,Mauritius,forename,24,Catarina,catarina-fn,F,3491
MU,Mauritius,forename,25,Rita,rita-fn,F,3481
MU,Mauritius,forename,26,Carla,carla-fn,F,3307
MU,Mauritius,forename,27,Sandra,sandra-fn,F,3266
MU,Mauritius,forename,28,Filipe,filipe-fn,M,3136
MU,Mauritius,forename,29,Mariana,mariana-fn,F,3003
MU,Mauritius,forename,30,Patricia,patricia-fn,F,2960
MU,Mauritius,forename,31,Ines,ines-fn,F,2935
MU,Mauritius,forename,32,Sara,sara-fn,F;M,2932
MU,Mauritius,forename,33,Daniel,daniel-fn,M;F,2877
MU,Mauritius,forename,34,Sofia,sofia-fn,F,2854
MU,Mauritius,forename,35,Cristina,cristina-fn,F,2813
MU,Mauritius,forename,36,Hugo,hugo-fn,M,2748
MU,Mauritius,forename,37,Vitor,vitor-fn,M,2653
MU,Mauritius,forename,38,Susana,susana-fn,F,2582
MU,Mauritius,forename,39,David,david-fn,M;F,2503
MU,Mauritius,forename,40,Teresa,teresa-fn,F,2499
MU,Mauritius,forename,41,Marta,marta-fn,F,2488
MU,Mauritius,forename,42,Sergio,sergio-fn,M,2419
MU,Mauritius,forename,43,Gonçalo,goncalo-fn,M,2410
MU,Mauritius,forename,44,Margarida,margarida-fn,F,2355
MU,Mauritius,forename,45,Mario,mario-fn,M,2283
MU,Mauritius,forename,46,Beatriz,beatriz-fn,F,2280
MU,Mauritius,forename,47,Claudia,claudia-fn,F,2233
MU,Mauritius,forename,48,Joaquim,joaquim-fn,M,2211
MU,Mauritius,forename,49,Sonia,sonia-fn,F,2192
MU,Mauritius,forename,50,Andreia,andreia-fn,F,2138
MU,Mauritius,forename,51,Helena,helena-fn,F,2128
MU,Mauritius,forename,52,Filipa,filipa-fn,F,2050
MU,Mauritius,forename,53,Carolina,carolina-fn,F;M,2020
MU,Mauritius,forename,54,Marco,marco-fn,M;F,2005
MU,Mauritius,forename,55,Daniela,daniela-fn,F,1863
MU,Mauritius,forename,56,Diana,diana-fn,F,1836
MU,Mauritius,forename,57,Alexandre,alexandre-fn,M,1767
MU,Mauritius,forename,58,Fernanda,fernanda-fn,F,1721
MU,Mauritius,forename,59,Raquel,raquel-fn,F,1698
MU,Mauritius,forename,60,Manuela,manuela-fn,F,1684
MU,Mauritius,forename,61,Rodrigo,rodrigo-fn,M,1678
MU,Mauritius,forename,62,Rosa,rosa-fn,F,1590
MU,Mauritius,forename,63,Rafael,rafael-fn,M,1588
MU,Mauritius,forename,64,Anabela,anabela-fn,F,1536
MU,Mauritius,forename,65,Eduardo,eduardo-fn,M,1462
MU,Mauritius,forename,66,Alexandra,alexandra-fn,F,1391
MU,Mauritius,forename,67,Liliana,liliana-fn,F,1384
MU,Mauritius,forename,68,Fabio,fabio-fn,M,1369
MU,Mauritius,forename,69,Nelson,nelson-fn,M,1352
MU,Mauritius,forename,70,Vanessa,vanessa-fn,F,1308
MU,Mauritius,forename,71,Helder,helder-fn,M,1296
MU,Mauritius,forename,72,Kevin,kevin-fn,M,1283
MU,Mauritius,forename,73,Vera,vera-fn,F,1257
MU,Mauritius,forename,74,Ruben,ruben-fn,M,1243
MU,Mauritius,forename,75,Md,md-fn,M;F,1066
MU,Mauritius,forename,76,Elisabete,elisabete-fn,F,1047
MU,Mauritius,forename,77,Vasco,vasco-fn,M,1041
MU,Mauritius,forename,78,Catia,catia-fn,F,1033
MU,Mauritius,forename,79,Princess,princess-fn,F;M,1026
MU,Mauritius,forename,80,Lourdes,lourdes-fn,F,1024
MU,Mauritius,forename,81,Lurdes,lurdes-fn,F,1024
MU,Mauritius,forename,82,Ash,ash-fn,F;M,617
MU,Mauritius,forename,83,Marcio,marcio-fn,F;M,281
MU,Mauritius,forename,84,Vanda,vanda-fn,F;M,276
MU,Mauritius,forename,85,Vikram,vikram-fn,F;M,255
MU,Mauritius,forename,86,Marilia,marilia-fn,F;M,143
MU,Mauritius,forename,87,Zainab,zainab-fn,F;M,100
MU,Mauritius,forename,88,Elena,elena-fn,F;M,95
MU,Mauritius,forename,89,Stella,stella-fn,F;M,95
MU,Mauritius,forename,90,Shan,shan-fn,F;M,62
MU,Mauritius,forename,91,Rina,rina-fn,F;M,60
MU,Mauritius,forename,92,Zahir,zahir-fn,F;M,54
MU,Mauritius,forename,93,Dil,dil-fn,F;M,49
MU,Mauritius,forename,94,Leandra,leandra-fn,F;M,46
MU,Mauritius,forename,95,Seema,seema-fn,F;M,39
MU,Mauritius,forename,96,Shreya,shreya-fn,F;M,39
MU,Mauritius,forename,97,Jeanine,jeanine-fn,F;M,38
MU,Mauritius,forename,98,Hilario,hilario-fn,M,37
MU,Mauritius,forename,99,Magalie,magalie-fn,F,34
MU,Mauritius,forename,100,Ange,ange-fn,F;M,29
MU,Mauritius,surname,1,Silva,silva-sn,M;F,20703
MU,Mauritius,surname,2,Santos,santos-sn,F;M,13194
MU,Mauritius,surname,3,Ferreira,ferreira-sn,F;M,11352
MU,Mauritius,surname,4,Pereira,pereira-sn,M;F,9610
MU,Mauritius,surname,5,Oliveira,oliveira-sn,F;M,8814
MU,Mauritius,surname,6,Costa,costa-sn,M;F,8408
MU,Mauritius,surname,7,Sousa,sousa-sn,F;M,7111
MU,Mauritius,surname,8,Rodrigues,rodrigues-sn,F;M,6892
MU,Mauritius,surname,9,Martins,martins-sn,F;M,6496
MU,Mauritius,surname,10,Ribeiro,ribeiro-sn,F;M,5963
MU,Mauritius,surname,11,Gomes,gomes-sn,M;F,5443
MU,Mauritius,surname,12,Fernandes,fernandes-sn,M;F,5330
MU,Mauritius,surname,13,Carvalho,carvalho-sn,F;M,5159
MU,Mauritius,surname,14,Lopes,lopes-sn,F;M,5121
MU,Mauritius,surname,15,Pinto,pinto-sn,M;F,5109
MU,Mauritius,surname,16,Marques,marques-sn,F;M,4869
MU,Mauritius,surname,17,Almeida,almeida-sn,F;M,4830
MU,Mauritius,surname,18,Alves,alves-sn,F;M,4405
MU,Mauritius,surname,19,Gonçalves,goncalves-sn,F;M,4316
MU,Mauritius,surname,20,Teixeira,teixeira-sn,F;M,4293
MU,Mauritius,surname,21,Moreira,moreira-sn,F;M,4146
MU,Mauritius,surname,22,Dias,dias-sn,F;M,3930
MU,Mauritius,surname,23,Soares,soares-sn,F;M,3326
MU,Mauritius,surname,24,Vieira,vieira-sn,F;M,3254
MU,Mauritius,surname,25,Mendes,mendes-sn,F;M,3119
MU,Mauritius,surname,26,Monteiro,monteiro-sn,F;M,3044
MU,Mauritius,surname,27,Correia,correia-sn,F;M,3032
MU,Mauritius,surname,28,Rocha,rocha-sn,M;F,2978
MU,Mauritius,surname,29,Cardoso,cardoso-sn,F;M,2822
MU,Mauritius,surname,30,Duarte,duarte-sn,F;M,2804
MU,Mauritius,surname,31,Nunes,nunes-sn,F;M,2570
MU,Mauritius,surname,32,Coelho,coelho-sn,M;F,2417
MU,Mauritius,surname,33,Cunha,cunha-sn,F;M,2252
MU,Mauritius,surname,34,Neves,neves-sn,F;M,2211
MU,Mauritius,surname,35,Reis,reis-sn,F;M,2198
MU,Mauritius,surname,36,Machado,machado-sn,F;M,2126
MU,Mauritius,surname,37,Barbosa,barbosa-sn,F;M,2110
MU,Mauritius,surname,38,Faria,faria-sn,,1483
MU,Mauritius,surname,39,Cruz,cruz-sn,F;M,1070
MU,Mauritius,surname,40,Fonseca,fonseca-sn,F;M,1004
MU,Mauritius,surname,41,Saraiva,saraiva-sn,F;M,557
MU,Mauritius,surname,42,Crespo,crespo-sn,F;M,160
MU,Mauritius,surname,43,Ma,ma-sn,F;M,160
MU,Mauritius,surname,44,Santo,santo-sn,F;M,125
MU,Mauritius,surname,45,Angelo,angelo-sn,,94
MU,Mauritius,surname,46,Dev,dev-sn,F;M,91
MU,Mauritius,surname,47,Ornelas,ornelas-sn,F;M,66
MU,Mauritius,surname,48,Rm,rm-sn,F;M,54
MU,Mauritius,surname,49,Mendonça,mendonca-sn,F;M,46
MU,Mauritius,surname,50,Caroline,caroline-sn,,41
MU,Mauritius,surname,51,Jana,jana-sn,F;M,40
MU,Mauritius,surname,52,Maurer,maurer-sn,F;M,39
MU,Mauritius,surname,53,Torre,torre-sn,F;M,31
MU,Mauritius,surname,54,Power,power-sn,,30
MU,Mauritius,surname,55,Hassan,hassan-sn,F;M,28
MU,Mauritius,surname,56,Dia,dia-sn,,26
MU,Mauritius,surname,57,Ayesha,ayesha-sn,F;M,24
MU,Mauritius,surname,58,Raymond,raymond-sn,F;M,22
MU,Mauritius,surname,59,Viola,viola-sn,M;F,21
MU,Mauritius,surname,60,Leblanc,leblanc-sn,F;M,20
MU,Mauritius,surname,61,Michele,michele-sn,F;M,16
MU,Mauritius,surname,62,Deva,deva-sn,F;M,14
MU,Mauritius,surname,63,Zara,zara-sn,F;M,14
MU,Mauritius,surname,64,Jannat,jannat-sn,F;M,13
MU,Mauritius,surname,65,Townsend,townsend-sn,F;M,13
MU,Mauritius,surname,66,Tyler,tyler-sn,,13
MU,Mauritius,surname,67,Le,le-sn,F;M,12
MU,Mauritius,surname,68,Kar,kar-sn,F;M,11
MU,Mauritius,surname,69,Leroux,leroux-sn,,11
MU,Mauritius,surname,70,Parra,parra-sn,F;M,10
MU,Mauritius,surname,71,Haidar,haidar-sn,F;M,9
MU,Mauritius,surname,72,Mariam,mariam-sn,F;M,9
MU,Mauritius,surname,73,Seven,seven-sn,F;M,9
MU,Mauritius,surname,74,Ayman,ayman-sn,F;M,8
MU,Mauritius,surname,75,Babul,babul-sn,,8
MU,Mauritius,surname,76,Dixit,dixit-sn,F;M,8
MU,Mauritius,surname,77,Vinicius,vinicius-sn,F;M,8
MU,Mauritius,surname,78,Bowen,bowen-sn,F;M,6
MU,Mauritius,surname,79,Bruce,bruce-sn,F;M,6
MU,Mauritius,surname,80,Shukla,shukla-sn,M;F,6
MU,Mauritius,surname,81,Abba,abba-sn,F;M,5
MU,Mauritius,surname,82,Amen,amen-sn,F;M,5
MU,Mauritius,surname,83,Bonnet,bonnet-sn,F;M,5
MU,Mauritius,surname,84,Franchi,franchi-sn,F;M,5
MU,Mauritius,surname,85,Loi,loi-sn,F;M,5
MU,Mauritius,surname,86,Matta,matta-sn,F;M,5
MU,Mauritius,surname,87,Rain,rain-sn,,5
MU,Mauritius,surname,88,Sahoo,sahoo-sn,F;M,5
MU,Mauritius,surname,89,Zhao,zhao-sn,F;M,5
MU,Mauritius,surname,90,Zidan,zidan-sn,F;M,5
MU,Mauritius,surname,91,Enrique,enrique-sn,F;M,4
MU,Mauritius,surname,92,Glover,glover-sn,F;M,4
MU,Mauritius,surname,93,Popa,popa-sn,F;M,4
MU,Mauritius,surname,94,Rathore,rathore-sn,F;M,4
MU,Mauritius,surname,95,Stephenson,stephenson-sn,F;M,4
MU,Mauritius,surname,96,Fall,fall-sn,,3
MU,Mauritius,surname,97,Kalu,kalu-sn,F;M,3
MU,Mauritius,surname,98,Kwong,kwong-sn,F;M,3
MU,Mauritius,surname,99,Manar,manar-sn,F;M,3
MU,Mauritius,surname,100,Manzano,manzano-sn,F;M,3
MV,Maldives,forename,1,Mohamed,mohamed-fn,M,3880
MV,Maldives,forename,2,Md,md-fn,M;F,3499
MV,Maldives,forename,3,Ahmed,ahmed-fn,M,3397
MV,Maldives,forename,4,Ibrahim,ibrahim-fn,M;F,1493
MV,Maldives,forename,5,Ash,ash-fn,F;M,26
MV,Maldives,forename,6,Shan,shan-fn,F;M,23
MV,Maldives,forename,7,Nahid,nahid-fn,F;M,19
MV,Maldives,forename,8,Sathish,sathish-fn,M,15
MV,Maldives,forename,9,Ham,ham-fn,F;M,14
MV,Maldives,forename,10,Noora,noora-fn,F;M,13
MV,Maldives,forename,11,Suhail,suhail-fn,F;M,11
MV,Maldives,forename,12,Zahir,zahir-fn,F;M,10
MV,Maldives,forename,13,Seema,seema-fn,F;M,9
MV,Maldives,forename,14,Haifa,haifa-fn,F;M,8
MV,Maldives,forename,15,Dil,dil-fn,F;M,5
MV,Maldives,forename,16,Faysal,faysal-fn,M,5
MV,Maldives,forename,17,Ibra,ibra-fn,M,5
MV,Maldives,forename,18,Lukman,lukman-fn,M,5
MV,Maldives,forename,19,Tanvir,tanvir-fn,F;M,5
MV,Maldives,forename,20,Zainab,zainab-fn,F;M,5
MV,Maldives,forename,21,Aina,aina-fn,F;M,3
MV,Maldives,forename,22,Elena,elena-fn,F;M,3
MV,Maldives,forename,23,Rina,rina-fn,F;M,3
MV,Maldives,forename,24,Stella,stella-fn,F;M,3
MV,Maldives,forename,25,Vikram,vikram-fn,F;M,3
MV,Maldives,forename,26,Adeel,adeel-fn,F;M,2
MV,Maldives,forename,27,Ayoub,ayoub-fn,M,2
MV,Maldives,forename,28,Debby,debby-fn,F;M,2
MV,Maldives,forename,29,Elaine,elaine-fn,F;M,2
MV,Maldives,forename,30,Ghassan,ghassan-fn,F;M,2
MV,Maldives,forename,31,Hima,hima-fn,F;M,2
MV,Maldives,forename,32,Riyad,riyad-fn,F;M,2
MV,Maldives,forename,33,Sumit,sumit-fn,F;M,2
MV,Maldives,surname,1,Mohamed,mohamed-sn,M;F,1488
MV,Maldives,surname,2,Ahmed,ahmed-sn,M;F,1450
MV,Maldives,surname,3,Ali,ali-sn,M;F,1111
MV,Maldives,surname,4,Hassan,hassan-sn,F;M,876
MV,Maldives,surname,5,Didi,didi-sn,F;M,166
MV,Maldives,surname,6,Ma,ma-sn,F;M,43
MV,Maldives,surname,7,Babul,babul-sn,,18
MV,Maldives,surname,8,Deva,deva-sn,F;M,11
MV,Maldives,surname,9,Tarek,tarek-sn,M;F,9
MV,Maldives,surname,10,Zara,zara-sn,F;M,8
MV,Maldives,surname,11,Sahoo,sahoo-sn,F;M,7
MV,Maldives,surname,12,Debnath,debnath-sn,F;M,6
MV,Maldives,surname,13,Jana,jana-sn,F;M,6
MV,Maldives,surname,14,Rm,rm-sn,F;M,5
MV,Maldives,surname,15,Santo,santo-sn,F;M,5
MV,Maldives,surname,16,Zhao,zhao-sn,F;M,5
MV,Maldives,surname,17,Dev,dev-sn,F;M,4
MV,Maldives,surname,18,Haidar,haidar-sn,F;M,4
MV,Maldives,surname,19,Jannat,jannat-sn,F;M,4
MV,Maldives,surname,20,Mariam,mariam-sn,F;M,4
MV,Maldives,surname,21,Rahma,rahma-sn,F;M,4
MV,Maldives,surname,22,Abba,abba-sn,F;M,3
MV,Maldives,surname,23,Ayman,ayman-sn,F;M,3
MV,Maldives,surname,24,Ayesha,ayesha-sn,F;M,2
MV,Maldives,surname,25,Kar,kar-sn,F;M,2
MV,Maldives,surname,26,Leroux,leroux-sn,,2
MV,Maldives,surname,27,Zheng,zheng-sn,F;M,2
MX,Mexico,forename,1,Jose,jose-fn,M;F,168605
MX,Mexico,forename,2,Juan,juan-fn,M,133681
MX,Mexico,forename,3,Luis,luis-fn,M;F,132570
MX,Mexico,forename,4,Carlos,carlos-fn,M;F,129576
MX,Mexico,forename,5,Jesus,jesus-fn,M,123264
MX,Mexico,forename,6,Jorge,jorge-fn,M,92826
MX,Mexico,forename,7,Alejandro,alejandro-fn,M,86598
MX,Mexico,forename,8,Gregorio,gregorio-fn,M,83615
MX,Mexico,forename,9,Angel,angel-fn,F;M,82255
MX,Mexico,forename,10,Daniel,daniel-fn,M;F,80481
MX,Mexico,forename,11,Miguel,miguel-fn,M,75722
MX,Mexico,forename,12,Manuel,manuel-fn,M,70528
MX,Mexico,forename,13,Eduardo,eduardo-fn,M,69925
MX,Mexico,forename,14,Fernando,fernando-fn,M,67130
MX,Mexico,forename,15,Francisco,francisco-fn,M,66122
MX,Mexico,forename,16,Antonio,antonio-fn,M;F,65579
MX,Mexico,forename,17,Javier,javier-fn,M,64488
MX,Mexico,forename,18,David,david-fn,M;F,57960
MX,Mexico,forename,19,Ana,ana-fn,F;M,57536
MX,Mexico,forename,20,Victor,victor-fn,M,55759
MX,Mexico,forename,21,Ricardo,ricardo-fn,M,54446
MX,Mexico,forename,22,Oscar,oscar-fn,M,53218
MX,Mexico,forename,23,Guadalupe,guadalupe-fn,F;M,52250
MX,Mexico,forename,24,Lupita,lupita-fn,F,52029
MX,Mexico,forename,25,Alejandra,alejandra-fn,F,51198
MX,Mexico,forename,26,Roberto,roberto-fn,M,49766
MX,Mexico,forename,27,Alberto,alberto-fn,M,49409
MX,Mexico,forename,28,Mario,mario-fn,M,49214
MX,Mexico,forename,29,Pedro,pedro-fn,M,48976
MX,Mexico,forename,30,Cesar,cesar-fn,M,48184
MX,Mexico,forename,31,Mary,mary-fn,F,47871
MX,Mexico,forename,32,Sergio,sergio-fn,M,46861
MX,Mexico,forename,33,Laura,laura-fn,F,44302
MX,Mexico,forename,34,Gerardo,gerardo-fn,M,43748
MX,Mexico,forename,35,Arturo,arturo-fn,M,43260
MX,Mexico,forename,36,Martin,martin-fn,M,43175
MX,Mexico,forename,37,Alex,alex-fn,M;F,41971
MX,Mexico,forename,38,Jose Luis,jose-luis-fn,M,41149
MX,Mexico,forename,39,Raul,raul-fn,M,40752
MX,Mexico,forename,40,Karla,karla-fn,F,39691
MX,Mexico,forename,41,Carmen,carmen-fn,F,39497
MX,Mexico,forename,42,Armando,armando-fn,M,38881
MX,Mexico,forename,43,Diana,diana-fn,F,38552
MX,Mexico,forename,44,Claudia,claudia-fn,F,38427
MX,Mexico,forename,45,Martha,martha-fn,F,38072
MX,Mexico,forename,46,Hector,hector-fn,M,37787
MX,Mexico,forename,47,Omar,omar-fn,M;F,37436
MX,Mexico,forename,48,Edgar,edgar-fn,M,36287
MX,Mexico,forename,49,Ivan,ivan-fn,M,36107
MX,Mexico,forename,50,Diego,diego-fn,M,35972
MX,Mexico,forename,51,Alfredo,alfredo-fn,M,35780
MX,Mexico,forename,52,Enrique,enrique-fn,M,34279
MX,Mexico,forename,53,Adriana,adriana-fn,F,34253
MX,Mexico,forename,54,Elizabeth,elizabeth-fn,F,32782
MX,Mexico,forename,55,Adrian,adrian-fn,M,31956
MX,Mexico,forename,56,Rafael,rafael-fn,M,31584
MX,Mexico,forename,57,Andrea,andrea-fn,F;M,31061
MX,Mexico,forename,58,Andres,andres-fn,M;F,30816
MX,Mexico,forename,59,Veronica,veronica-fn,F,30534
MX,Mexico,forename,60,Julio,julio-fn,M,30357
MX,Mexico,forename,61,Rosa,rosa-fn,F,29517
MX,Mexico,forename,62,Gabriel,gabriel-fn,M,29364
MX,Mexico,forename,63,Isabel,isabel-fn,F,28175
MX,Mexico,forename,64,Fernanda,fernanda-fn,F,28168
MX,Mexico,forename,65,Juan Carlos,juan-carlos-fn,M,27797
MX,Mexico,forename,66,Gabriela,gabriela-fn,F,27371
MX,Mexico,forename,67,Pablo,pablo-fn,M,27287
MX,Mexico,forename,68,Silvia,silvia-fn,F,27142
MX,Mexico,forename,69,Mariana,mariana-fn,F,27085
MX,Mexico,forename,70,Sandra,sandra-fn,F,26418
MX,Mexico,forename,71,Daniela,daniela-fn,F,26115
MX,Mexico,forename,72,Gustavo,gustavo-fn,M,26087
MX,Mexico,forename,73,Patricia,patricia-fn,F,26011
MX,Mexico,forename,74,Mari,mari-fn,F,25886
MX,Mexico,forename,75,Brenda,brenda-fn,F,25830
MX,Mexico,forename,76,Karen,karen-fn,F;M,25459
MX,Mexico,forename,77,Angelica,angelica-fn,F,24985
MX,Mexico,forename,78,Paola,paola-fn,F,24627
MX,Mexico,forename,79,Jaime,jaime-fn,M,24532
MX,Mexico,forename,80,Ruben,ruben-fn,M,24373
MX,Mexico,forename,81,Erika,erika-fn,F,24223
MX,Mexico,forename,82,Miguel Angel,miguel-angel-fn,M,23411
MX,Mexico,forename,83,Hugo,hugo-fn,M,23178
MX,Mexico,forename,84,Marco,marco-fn,M;F,23156
MX,Mexico,forename,85,Karina,karina-fn,F,23050
MX,Mexico,forename,86,Rocio,rocio-fn,F,23004
MX,Mexico,forename,87,Margarita,margarita-fn,F,22991
MX,Mexico,forename,88,Guillermo,guillermo-fn,M,22653
MX,Mexico,forename,89,Alicia,alicia-fn,F,22398
MX,Mexico,forename,90,Alma,alma-fn,F,22119
MX,Mexico,forename,91,Alexis,alexis-fn,M;F,21946
MX,Mexico,forename,92,Norma,norma-fn,F,21869
MX,Mexico,forename,93,Ramon,ramon-fn,M,21843
MX,Mexico,forename,94,Alan,alan-fn,M,21799
MX,Mexico,forename,95,Felipe,felipe-fn,M,21596
MX,Mexico,forename,96,Gloria,gloria-fn,F,21565
MX,Mexico,forename,97,Erick,erick-fn,M,21537
MX,Mexico,forename,98,Jonathan,jonathan-fn,M,21362
MX,Mexico,forename,99,Cristian,cristian-fn,M,21282
MX,Mexico,forename,100,Monica,monica-fn,F,21222
MX,Mexico,surname,1,Hernandez,hernandez-sn,M;F,315490
MX,Mexico,surname,2,Garcia,garcia-sn,M;F,241278
MX,Mexico,surname,3,Martinez,martinez-sn,F;M,224541
MX,Mexico,surname,4,Lopez,lopez-sn,F;M,219578
MX,Mexico,surname,5,Rodriguez,rodriguez-sn,F;M,170768
MX,Mexico,surname,6,Perez,perez-sn,F;M,152814
MX,Mexico,surname,7,Ramirez,ramirez-sn,M;F,132191
MX,Mexico,surname,8,Becerra,becerra-sn,,116249
MX,Mexico,surname,9,Flores,flores-sn,F;M,100339
MX,Mexico,surname,10,Torres,torres-sn,F;M,84822
MX,Mexico,surname,11,Gomez,gomez-sn,F;M,83950
MX,Mexico,surname,12,Cruz,cruz-sn,F;M,77420
MX,Mexico,surname,13,Morales,morales-sn,M;F,75957
MX,Mexico,surname,14,Reyes,reyes-sn,M;F,75604
MX,Mexico,surname,15,Vazquez,vazquez-sn,F;M,70573
MX,Mexico,surname,16,Diaz,diaz-sn,F;M,64448
MX,Mexico,surname,17,Jimenez,jimenez-sn,F;M,62859
MX,Mexico,surname,18,Mendoza,mendoza-sn,F;M,61891
MX,Mexico,surname,19,Gutierrez,gutierrez-sn,M;F,59234
MX,Mexico,surname,20,Castillo,castillo-sn,F;M,55201
MX,Mexico,surname,21,Ruiz,ruiz-sn,M;F,53209
MX,Mexico,surname,22,Aguilar,aguilar-sn,M;F,52803
MX,Mexico,surname,23,Ortiz,ortiz-sn,M;F,49100
MX,Mexico,surname,24,Rivera,rivera-sn,M;F,47590
MX,Mexico,surname,25,Romero,romero-sn,F;M,47301
MX,Mexico,surname,26,Moreno,moreno-sn,F;M,45775
MX,Mexico,surname,27,Alvarez,alvarez-sn,F;M,44720
MX,Mexico,surname,28,Mendez,mendez-sn,F;M,43259
MX,Mexico,surname,29,Chavez,chavez-sn,M;F,41789
MX,Mexico,surname,30,Ramos,ramos-sn,M;F,41495
MX,Mexico,surname,31,Medina,medina-sn,M;F,41222
MX,Mexico,surname,32,Herrera,herrera-sn,F;M,39513
MX,Mexico,surname,33,Juarez,juarez-sn,F;M,38783
MX,Mexico,surname,34,Castro,castro-sn,M;F,37897
MX,Mexico,surname,35,Luna,luna-sn,F;M,35369
MX,Mexico,surname,36,Guzman,guzman-sn,F;M,34699
MX,Mexico,surname,37,Contreras,contreras-sn,F;M,32985
MX,Mexico,surname,38,Dominguez,dominguez-sn,M;F,31886
MX,Mexico,surname,39,Salazar,salazar-sn,M;F,31710
MX,Mexico,surname,40,Vargas,vargas-sn,M;F,31442
MX,Mexico,surname,41,Rojas,rojas-sn,M;F,30168
MX,Mexico,surname,42,Muñoz,munoz-sn,F;M,29652
MX,Mexico,surname,43,Estrada,estrada-sn,M;F,28845
MX,Mexico,surname,44,Ortega,ortega-sn,M;F,28129
MX,Mexico,surname,45,Soto,soto-sn,M;F,26983
MX,Mexico,surname,46,Guerrero,guerrero-sn,M;F,26598
MX,Mexico,surname,47,Velazquez,velazquez-sn,M;F,26261
MX,Mexico,surname,48,Alvarado,alvarado-sn,M;F,24799
MX,Mexico,surname,49,Fernandez,fernandez-sn,F;M,24062
MX,Mexico,surname,50,Lara,lara-sn,F;M,23986
MX,Mexico,surname,51,Espinoza,espinoza-sn,M;F,23887
MX,Mexico,surname,52,Vega,vega-sn,M;F,23719
MX,Mexico,surname,53,Carrillo,carrillo-sn,M;F,23176
MX,Mexico,surname,54,Cortes,cortes-sn,M;F,22245
MX,Mexico,surname,55,Marquez,marquez-sn,M;F,22157
MX,Mexico,surname,56,Gonzales,gonzales-sn,F;M,21969
MX,Mexico,surname,57,Rios,rios-sn,M;F,21925
MX,Mexico,surname,58,Sandoval,sandoval-sn,F;M,21316
MX,Mexico,surname,59,Leon,leon-sn,M;F,21005
MX,Mexico,surname,60,Cervantes,cervantes-sn,F;M,20882
MX,Mexico,surname,61,Avila,avila-sn,F;M,20837
MX,Mexico,surname,62,Valdez,valdez-sn,F;M,20608
MX,Mexico,surname,63,Ibarra,ibarra-sn,F;M,20260
MX,Mexico,surname,64,Delgado,delgado-sn,F;M,20109
MX,Mexico,surname,65,Solis,solis-sn,M;F,19998
MX,Mexico,surname,66,Campos,campos-sn,M;F,19664
MX,Mexico,surname,67,Acosta,acosta-sn,F;M,19194
MX,Mexico,surname,68,Santiago,santiago-sn,F;M,19045
MX,Mexico,surname,69,Silva,silva-sn,M;F,18915
MX,Mexico,surname,70,Bautista,bautista-sn,M;F,18861
MX,Mexico,surname,71,Santos,santos-sn,F;M,18593
MX,Mexico,surname,72,Rosas,rosas-sn,F;M,18484
MX,Mexico,surname,73,Camacho,camacho-sn,M;F,18404
MX,Mexico,surname,74,Robles,robles-sn,M;F,17842
MX,Mexico,surname,75,Miranda,miranda-sn,F;M,17132
MX,Mexico,surname,76,Maldonado,maldonado-sn,M;F,17104
MX,Mexico,surname,77,Mejia,mejia-sn,M;F,16995
MX,Mexico,surname,78,Molina,molina-sn,M;F,16405
MX,Mexico,surname,79,Navarro,navarro-sn,F;M,16301
MX,Mexico,surname,80,Salas,salas-sn,M;F,16279
MX,Mexico,surname,81,Pacheco,pacheco-sn,M;F,16271
MX,Mexico,surname,82,Beltran,beltran-sn,M;F,16245
MX,Mexico,surname,83,Nuñez,nunez-sn,M;F,16191
MX,Mexico,surname,84,Rosales,rosales-sn,F;M,16173
MX,Mexico,surname,85,Nava,nava-sn,M;F,16088
MX,Mexico,surname,86,Peña,pena-sn,M;F,15963
MX,Mexico,surname,87,Valencia,valencia-sn,M;F,15700
MX,Mexico,surname,88,Cabrera,cabrera-sn,F;M,15482
MX,Mexico,surname,89,Ochoa,ochoa-sn,M;F,15428
MX,Mexico,surname,90,Aguirre,aguirre-sn,M;F,15187
MX,Mexico,surname,91,Cardenas,cardenas-sn,M;F,14878
MX,Mexico,surname,92,De La Cruz,de-la-cruz-sn,M;F,14867
MX,Mexico,surname,93,Rangel,rangel-sn,M;F,14863
MX,Mexico,surname,94,Fuentes,fuentes-sn,M;F,14815
MX,Mexico,surname,95,Trejo,trejo-sn,M;F,14679
MX,Mexico,surname,96,Meza,meza-sn,M;F,14590
MX,Mexico,surname,97,Mora,mora-sn,M;F,14545
MX,Mexico,surname,98,Arellano,arellano-sn,M;F,14523
MX,Mexico,surname,99,Padilla,padilla-sn,M;F,14333
MX,Mexico,surname,100,Castañeda,castaneda-sn,M;F,14294
MY,Malaysia,forename,1,Mohamed,mohamed-fn,M,393690
MY,Malaysia,forename,2,Nour,nour-fn,F;M,167843
MY,Malaysia,forename,3,Mohd,mohd-fn,M;F,162158
MY,Malaysia,forename,4,Muhammad,muhammad-fn,M;F,100024
MY,Malaysia,forename,5,Nur,nur-fn,M;F,98809
MY,Malaysia,forename,6,Md,md-fn,M;F,73316
MY,Malaysia,forename,7,Siti,siti-fn,F;M,64868
MY,Malaysia,forename,8,Nurul,nurul-fn,M;F,59844
MY,Malaysia,forename,9,Ahmed,ahmed-fn,M,49076
MY,Malaysia,forename,10,Ahmad,ahmad-fn,M;F,47777
MY,Malaysia,forename,11,Nor,nor-fn,F;M,47359
MY,Malaysia,forename,12,Muhd,muhd-fn,M,46537
MY,Malaysia,forename,13,Wan,wan-fn,F;M,40511
MY,Malaysia,forename,14,Lee,lee-fn,M;F,36345
MY,Malaysia,forename,15,Tan,tan-fn,M;F,36344
MY,Malaysia,forename,16,Mohamad,mohamad-fn,M,34195
MY,Malaysia,forename,17,Lim,lim-fn,M;F,31002
MY,Malaysia,forename,18,Abdul,abdul-fn,M,25973
MY,Malaysia,forename,19,Muhamad,muhamad-fn,M,25451
MY,Malaysia,forename,20,Wong,wong-fn,M;F,24569
MY,Malaysia,forename,21,Noor,noor-fn,M;F,21675
MY,Malaysia,forename,22,Amir,amir-fn,M;F,20799
MY,Malaysia,forename,23,Amirul,amirul-fn,M,18056
MY,Malaysia,forename,24,Mohammad,mohammad-fn,M;F,17183
MY,Malaysia,forename,25,Mat,mat-fn,M,14977
MY,Malaysia,forename,26,Khairul,khairul-fn,M,14120
MY,Malaysia,forename,27,Chong,chong-fn,M;F,13902
MY,Malaysia,forename,28,Zul,zul-fn,M,13820
MY,Malaysia,forename,29,Adam,adam-fn,M,13614
MY,Malaysia,forename,30,Aiman,aiman-fn,M,13040
MY,Malaysia,forename,31,Ah,ah-fn,M;F,12822
MY,Malaysia,forename,32,Man,man-fn,M,12624
MY,Malaysia,forename,33,John,john-fn,M,12565
MY,Malaysia,forename,34,Alex,alex-fn,M;F,12117
MY,Malaysia,forename,35,Shah,shah-fn,M;F,12115
MY,Malaysia,forename,36,Chan,chan-fn,M;F,11946
MY,Malaysia,forename,37,Hafiz,hafiz-fn,M,11472
MY,Malaysia,forename,38,Farah,farah-fn,F,11256
MY,Malaysia,forename,39,Nik,nik-fn,M;F,11031
MY,Malaysia,forename,40,Putra,putra-fn,M,10959
MY,Malaysia,forename,41,Ismail,ismail-fn,M,10624
MY,Malaysia,forename,42,Sam,sam-fn,M;F,10503
MY,Malaysia,forename,43,Fatin,fatin-fn,F;M,10456
MY,Malaysia,forename,44,Ali,ali-fn,M;F,10423
MY,Malaysia,forename,45,Saiful,saiful-fn,M,10355
MY,Malaysia,forename,46,Firdaus,firdaus-fn,M,9985
MY,Malaysia,forename,47,Amy,amy-fn,F,9974
MY,Malaysia,forename,48,Azman,azman-fn,M,9923
MY,Malaysia,forename,49,Chin,chin-fn,M;F,9846
MY,Malaysia,forename,50,David,david-fn,M;F,9722
MY,Malaysia,forename,51,Sara,sara-fn,F;M,9490
MY,Malaysia,forename,52,Cik,cik-fn,F,9374
MY,Malaysia,forename,53,Daniel,daniel-fn,M;F,9353
MY,Malaysia,forename,54,Raja,raja-fn,M;F,9280
MY,Malaysia,forename,55,Fadhli,fadhli-fn,M,9108
MY,Malaysia,forename,56,Ong,ong-fn,M;F,9084
MY,Malaysia,forename,57,Faizal,faizal-fn,M,8939
MY,Malaysia,forename,58,Yong,yong-fn,M;F,8814
MY,Malaysia,forename,59,Ain,ain-fn,F,8799
MY,Malaysia,forename,60,Yap,yap-fn,M;F,8638
MY,Malaysia,forename,61,Jack,jack-fn,M,8612
MY,Malaysia,forename,62,Anis,anis-fn,M;F,8499
MY,Malaysia,forename,63,Jason,jason-fn,M,8406
MY,Malaysia,forename,64,Shahrul,shahrul-fn,M,8312
MY,Malaysia,forename,65,May,may-fn,F,8243
MY,Malaysia,forename,66,Jenny,jenny-fn,F,8227
MY,Malaysia,forename,67,Azmi,azmi-fn,M,8186
MY,Malaysia,forename,68,Che,che-fn,M;F,8098
MY,Malaysia,forename,69,Intan,intan-fn,F,8046
MY,Malaysia,forename,70,Michael,michael-fn,M,8014
MY,Malaysia,forename,71,Kamal,kamal-fn,M;F,7997
MY,Malaysia,forename,72,Syed,syed-fn,M,7974
MY,Malaysia,forename,73,Ct,ct-fn,F;M,7926
MY,Malaysia,forename,74,Abu,abu-fn,M;F,7879
MY,Malaysia,forename,75,Andy,andy-fn,M,7825
MY,Malaysia,forename,76,Afiq,afiq-fn,M,7594
MY,Malaysia,forename,77,Alif,alif-fn,M,7580
MY,Malaysia,forename,78,Fatimah,fatimah-fn,F,7549
MY,Malaysia,forename,79,Puteri,puteri-fn,F,7521
MY,Malaysia,forename,80,Steven,steven-fn,M,7398
MY,Malaysia,forename,81,Syafiq,syafiq-fn,M,7391
MY,Malaysia,forename,82,Hesham,hesham-fn,M;F,7374
MY,Malaysia,forename,83,Aisyah,aisyah-fn,F;M,7306
MY,Malaysia,forename,84,James,james-fn,M,7303
MY,Malaysia,forename,85,Noraini,noraini-fn,F,7263
MY,Malaysia,forename,86,Arif,arif-fn,M,7172
MY,Malaysia,forename,87,Joe,joe-fn,M,7164
MY,Malaysia,forename,88,Azhar,azhar-fn,M,7112
MY,Malaysia,forename,89,Kelvin,kelvin-fn,M,7112
MY,Malaysia,forename,90,Imran,imran-fn,M;F,7033
MY,Malaysia,forename,91,Rosli,rosli-fn,F;M,7027
MY,Malaysia,forename,92,Peter,peter-fn,M,6955
MY,Malaysia,forename,93,Ana,ana-fn,F;M,6917
MY,Malaysia,forename,94,Faridah,faridah-fn,F;M,6792
MY,Malaysia,forename,95,Amin,amin-fn,M,6755
MY,Malaysia,forename,96,Amine,amine-fn,M,6755
MY,Malaysia,forename,97,Leong,leong-fn,M;F,6732
MY,Malaysia,forename,98,Azizah,azizah-fn,F,6690
MY,Malaysia,forename,99,Alice,alice-fn,F,6680
MY,Malaysia,forename,100,Lai,lai-fn,F;M,6651
MY,Malaysia,surname,1,Tan,tan-sn,F;M,103495
MY,Malaysia,surname,2,Lee,lee-sn,M;F,97345
MY,Malaysia,surname,3,Lim,lim-sn,M;F,86709
MY,Malaysia,surname,4,Mohamed,mohamed-sn,M;F,72388
MY,Malaysia,surname,5,Wong,wong-sn,M;F,70643
MY,Malaysia,surname,6,Ahmed,ahmed-sn,M;F,68557
MY,Malaysia,surname,7,Ahmad,ahmad-sn,M;F,64894
MY,Malaysia,surname,8,Ng,ng-sn,M;F,52777
MY,Malaysia,surname,9,Abdullah,abdullah-sn,M;F,46954
MY,Malaysia,surname,10,Chong,chong-sn,M;F,40316
MY,Malaysia,surname,11,Ali,ali-sn,M;F,37855
MY,Malaysia,surname,12,Chan,chan-sn,M;F,34653
MY,Malaysia,surname,13,Osman,osman-sn,M;F,34300
MY,Malaysia,surname,14,Ibrahim,ibrahim-sn,M;F,32412
MY,Malaysia,surname,15,Khan,khan-sn,M;F,28239
MY,Malaysia,surname,16,Hossain,hossain-sn,M;F,26932
MY,Malaysia,surname,17,Chin,chin-sn,M;F,26323
MY,Malaysia,surname,18,Ong,ong-sn,M;F,26209
MY,Malaysia,surname,19,Yap,yap-sn,M;F,25104
MY,Malaysia,surname,20,Hassan,hassan-sn,F;M,24567
MY,Malaysia,surname,21,Yousef,yousef-sn,M;F,24076
MY,Malaysia,surname,22,Rahman,rahman-sn,M;F,24015
MY,Malaysia,surname,23,Othman,othman-sn,M;F,23352
MY,Malaysia,surname,24,Aziz,aziz-sn,M;F,23196
MY,Malaysia,surname,25,Hesham,hesham-sn,M;F,23164
MY,Malaysia,surname,26,Nour,nour-sn,F;M,22597
MY,Malaysia,surname,27,Kumar,kumar-sn,M;F,22409
MY,Malaysia,surname,28,Yong,yong-sn,F;M,21404
MY,Malaysia,surname,29,Man,man-sn,M;F,20922
MY,Malaysia,surname,30,Mohamad,mohamad-sn,M;F,20417
MY,Malaysia,surname,31,Low,low-sn,M;F,19492
MY,Malaysia,surname,32,Hashim,hashim-sn,M;F,19378
MY,Malaysia,surname,33,Goh,goh-sn,M;F,19298
MY,Malaysia,surname,34,Yusof,yusof-sn,M;F,18921
MY,Malaysia,surname,35,Shah,shah-sn,M;F,18833
MY,Malaysia,surname,36,Leong,leong-sn,F;M,18712
MY,Malaysia,surname,37,Omar,omar-sn,M;F,18507
MY,Malaysia,surname,38,Wan,wan-sn,M;F,18346
MY,Malaysia,surname,39,Liew,liew-sn,M,18140
MY,Malaysia,surname,40,Ng,ng-fn,M;F,17786
MY,Malaysia,surname,41,Zakaria,zakaria-sn,M;F,17775
MY,Malaysia,surname,42,Lai,lai-sn,M;F,17331
MY,Malaysia,surname,43,Din,din-sn,M;F,16828
MY,Malaysia,surname,44,Ramli,ramli-sn,M;F,16611
MY,Malaysia,surname,45,Mohd,mohd-sn,M;F,16418
MY,Malaysia,surname,46,Salleh,salleh-sn,,15188
MY,Malaysia,surname,47,Nizam,nizam-sn,M;F,14659
MY,Malaysia,surname,48,Anwar,anwar-sn,M;F,14316
MY,Malaysia,surname,49,Lau,lau-sn,M;F,13980
MY,Malaysia,surname,50,Ho,ho-sn,M;F,13748
MY,Malaysia,surname,51,Azmi,azmi-sn,F;M,13528
MY,Malaysia,surname,52,Amin,amin-sn,M;F,13422
MY,Malaysia,surname,53,Amine,amine-sn,M;F,13422
MY,Malaysia,surname,54,Islam,islam-sn,M;F,13421
MY,Malaysia,surname,55,Salman,salman-sn,M;F,13192
MY,Malaysia,surname,56,Sulaiman,sulaiman-sn,M;F,13192
MY,Malaysia,surname,57,Chai,chai-sn,M;F,13184
MY,Malaysia,surname,58,Aiman,aiman-sn,,13153
MY,Malaysia,surname,59,Hamid,hamid-sn,M;F,13006
MY,Malaysia,surname,60,Loh,loh-sn,M;F,12668
MY,Malaysia,surname,61,Rahim,rahim-sn,M;F,12602
MY,Malaysia,surname,62,Yee,yee-sn,F;M,12338
MY,Malaysia,surname,63,Raj,raj-sn,M;F,12204
MY,Malaysia,surname,64,Ling,ling-sn,M;F,12120
MY,Malaysia,surname,65,Firdaus,firdaus-sn,M;F,12066
MY,Malaysia,surname,66,Hakim,hakim-sn,M;F,11981
MY,Malaysia,surname,67,Chew,chew-sn,M;F,11863
MY,Malaysia,surname,68,Ooi,ooi-sn,M;F,11799
MY,Malaysia,surname,69,Hafiz,hafiz-sn,M,11686
MY,Malaysia,surname,70,Ishak,ishak-sn,M;F,11640
MY,Malaysia,surname,71,Anuar,anuar-sn,M;F,11387
MY,Malaysia,surname,72,Harun,harun-sn,M;F,11384
MY,Malaysia,surname,73,Chua,chua-sn,M;F,11225
MY,Malaysia,surname,74,Azman,azman-sn,M;F,11194
MY,Malaysia,surname,75,Ang,ang-sn,M;F,11115
MY,Malaysia,surname,76,Hamzah,hamzah-sn,M;F,11111
MY,Malaysia,surname,77,Yusoff,yusoff-sn,M;F,11044
MY,Malaysia,surname,78,Zainal,zainal-sn,M,10720
MY,Malaysia,surname,79,Muhammad,muhammad-sn,M;F,10700
MY,Malaysia,surname,80,Teh,teh-sn,M;F,10666
MY,Malaysia,surname,81,Adam,adam-sn,M;F,10616
MY,Malaysia,surname,82,Hasan,hasan-sn,M;F,10401
MY,Malaysia,surname,83,Abu Bakar,abu-bakar-sn,F;M,10340
MY,Malaysia,surname,84,Chen,chen-sn,F;M,10217
MY,Malaysia,surname,85,Jamal,jamal-sn,M;F,10032
MY,Malaysia,surname,86,Lan,lan-sn,M;F,10000
MY,Malaysia,surname,87,Razak,razak-sn,M;F,10000
MY,Malaysia,surname,88,Idris,idris-sn,F;M,9953
MY,Malaysia,surname,89,Gan,gan-sn,M;F,9857
MY,Malaysia,surname,90,Nasir,nasir-sn,M;F,9699
MY,Malaysia,surname,91,Nasser,nasser-sn,M;F,9699
MY,Malaysia,surname,92,Daud,daud-sn,M;F,9609
MY,Malaysia,surname,93,Rosli,rosli-sn,M;F,9599
MY,Malaysia,surname,94,Awang,awang-sn,M;F,9597
MY,Malaysia,surname,95,Tang,tang-sn,F;M,9593
MY,Malaysia,surname,96,Lin,lin-sn,F;M,9575
MY,Malaysia,surname,97,Nordin,nordin-sn,M;F,9525
MY,Malaysia,surname,98,Kamal,kamal-sn,M;F,9506
MY,Malaysia,surname,99,Kong,kong-sn,M;F,9346
MY,Malaysia,surname,100,Jaafar,jaafar-sn,,9279
MZ,,surname,1,Maluleke,maluleke-sn,,2000
NG,Nigeria,forename,1,Mohamed,mohamed-fn,M,82340
NG,Nigeria,forename,2,Ibrahim,ibrahim-fn,M;F,60907
NG,Nigeria,forename,3,Emmanuel,emmanuel-fn,M,55957
NG,Nigeria,forename,4,Abubakar,abubakar-fn,M,47632
NG,Nigeria,forename,5,Blessing,blessing-fn,F;M,41120
NG,Nigeria,forename,6,Muhammad,muhammad-fn,M;F,37488
NG,Nigeria,forename,7,John,john-fn,M,36077
NG,Nigeria,forename,8,Samuel,samuel-fn,M;F,33902
NG,Nigeria,forename,9,Abdullah,abdullah-fn,M,33735
NG,Nigeria,forename,10,Michael,michael-fn,M,30648
NG,Nigeria,forename,11,Abdullahi,abdullahi-fn,M;F,30626
NG,Nigeria,forename,12,Sunday,sunday-fn,M;F,30609
NG,Nigeria,forename,13,Omar,omar-fn,M;F,29718
NG,Nigeria,forename,14,Umar,umar-fn,M;F,29718
NG,Nigeria,forename,15,Prince,prince-fn,M,27796
NG,Nigeria,forename,16,Ahmed,ahmed-fn,M,27579
NG,Nigeria,forename,17,Yusuf,yusuf-fn,M,26915
NG,Nigeria,forename,18,Musa,musa-fn,M;F,26901
NG,Nigeria,forename,19,David,david-fn,M;F,26729
NG,Nigeria,forename,20,Usman,usman-fn,M;F,26659
NG,Nigeria,forename,21,Esther,esther-fn,F,26263
NG,Nigeria,forename,22,Joy,joy-fn,M;F,25876
NG,Nigeria,forename,23,Joseph,joseph-fn,M;F,25680
NG,Nigeria,forename,24,Daniel,daniel-fn,M;F,23771
NG,Nigeria,forename,25,Mohammed,mohammed-fn,M;F,22990
NG,Nigeria,forename,26,Victor,victor-fn,M,22984
NG,Nigeria,forename,27,Mary,mary-fn,F,22671
NG,Nigeria,forename,28,Peter,peter-fn,M,22142
NG,Nigeria,forename,29,Aliyu,aliyu-fn,M,21874
NG,Nigeria,forename,30,James,james-fn,M,20770
NG,Nigeria,forename,31,Mariam,mariam-fn,F;M,19054
NG,Nigeria,forename,32,Grace,grace-fn,F,18324
NG,Nigeria,forename,33,Itz,itz-fn,M;F,17916
NG,Nigeria,forename,34,Precious,precious-fn,F;M,17581
NG,Nigeria,forename,35,Aminu,aminu-fn,M,17394
NG,Nigeria,forename,36,Hassan,hassan-fn,M;F,16781
NG,Nigeria,forename,37,Taiwo,taiwo-fn,M;F,16379
NG,Nigeria,forename,38,Mercy,mercy-fn,F,16221
NG,Nigeria,forename,39,Mustapha,mustapha-fn,M;F,16080
NG,Nigeria,forename,40,Sani,sani-fn,M,16067
NG,Nigeria,forename,41,Favour,favour-fn,F,15952
NG,Nigeria,forename,42,Adamu,adamu-fn,M,15718
NG,Nigeria,forename,43,Aisha,aisha-fn,F,15505
NG,Nigeria,forename,44,Paul,paul-fn,M,15399
NG,Nigeria,forename,45,Ahmad,ahmad-fn,M;F,15076
NG,Nigeria,forename,46,Victoria,victoria-fn,F,14914
NG,Nigeria,forename,47,Kingsley,kingsley-fn,M,14878
NG,Nigeria,forename,48,Chioma,chioma-fn,F,14643
NG,Nigeria,forename,49,Emeka,emeka-fn,M,14540
NG,Nigeria,forename,50,Godwin,godwin-fn,M,14050
NG,Nigeria,forename,51,Maryam,maryam-fn,F,13991
NG,Nigeria,forename,52,Adebayo,adebayo-fn,M;F,13884
NG,Nigeria,forename,53,Faith,faith-fn,F,13845
NG,Nigeria,forename,54,Uche,uche-fn,M;F,13768
NG,Nigeria,forename,55,Bello,bello-fn,M;F,13649
NG,Nigeria,forename,56,Ifeanyi,ifeanyi-fn,M,13447
NG,Nigeria,forename,57,Lawal,lawal-fn,M,13422
NG,Nigeria,forename,58,Zainab,zainab-fn,F;M,13055
NG,Nigeria,forename,59,Henry,henry-fn,M,13050
NG,Nigeria,forename,60,Abiodun,abiodun-fn,M;F,12937
NG,Nigeria,forename,61,Moses,moses-fn,M,12930
NG,Nigeria,forename,62,Ngozi,ngozi-fn,F,12899
NG,Nigeria,forename,63,Muhammed,muhammed-fn,M;F,12872
NG,Nigeria,forename,64,Charles,charles-fn,M,12716
NG,Nigeria,forename,65,Anthony,anthony-fn,M,12652
NG,Nigeria,forename,66,Solomon,solomon-fn,M,12182
NG,Nigeria,forename,67,Princess,princess-fn,F;M,12164
NG,Nigeria,forename,68,Gift,gift-fn,M;F,11603
NG,Nigeria,forename,69,Francis,francis-fn,M;F,11423
NG,Nigeria,forename,70,Patience,patience-fn,F,11165
NG,Nigeria,forename,71,Stephen,stephen-fn,M,11125
NG,Nigeria,forename,72,Kehinde,kehinde-fn,M;F,10962
NG,Nigeria,forename,73,Elizabeth,elizabeth-fn,F,10842
NG,Nigeria,forename,74,Idris,idris-fn,M,10657
NG,Nigeria,forename,75,Amaka,amaka-fn,F,10644
NG,Nigeria,forename,76,Stella,stella-fn,F;M,10623
NG,Nigeria,forename,77,Joshua,joshua-fn,M,10616
NG,Nigeria,forename,78,Ifeoma,ifeoma-fn,F,10449
NG,Nigeria,forename,79,Juliet,juliet-fn,F,10402
NG,Nigeria,forename,80,Chinedu,chinedu-fn,M,10316
NG,Nigeria,forename,81,Bashir,bashir-fn,M,10195
NG,Nigeria,forename,82,Isaac,isaac-fn,M,10103
NG,Nigeria,forename,83,Temitope,temitope-fn,F;M,10067
NG,Nigeria,forename,84,Peace,peace-fn,F;M,10022
NG,Nigeria,forename,85,Helen,helen-fn,F,9773
NG,Nigeria,forename,86,Auwal,auwal-fn,M,9758
NG,Nigeria,forename,87,Abdul,abdul-fn,M,9544
NG,Nigeria,forename,88,Haruna,haruna-fn,M,9475
NG,Nigeria,forename,89,Kabiru,kabiru-fn,M,9473
NG,Nigeria,forename,90,Ruth,ruth-fn,F,9386
NG,Nigeria,forename,91,Mhiz,mhiz-fn,F,9250
NG,Nigeria,forename,92,Johnson,johnson-fn,M;F,9240
NG,Nigeria,forename,93,Vivian,vivian-fn,F,9237
NG,Nigeria,forename,94,Abba,abba-fn,M,9199
NG,Nigeria,forename,95,Samson,samson-fn,M,9185
NG,Nigeria,forename,96,Ismail,ismail-fn,M,9178
NG,Nigeria,forename,97,Gabriel,gabriel-fn,M,9129
NG,Nigeria,forename,98,Yahaya,yahaya-fn,M,9110
NG,Nigeria,forename,99,Babatunde,babatunde-fn,M,9080
NG,Nigeria,forename,100,Chinyere,chinyere-fn,F,9078
NG,Nigeria,surname,1,Aliu,aliu-sn,M,162292
NG,Nigeria,surname,2,Mohamed,mohamed-sn,M;F,92974
NG,Nigeria,surname,3,Ibrahim,ibrahim-sn,M;F,60520
NG,Nigeria,surname,4,Charles,charles-sn,,49420
NG,Nigeria,surname,5,Muhammad,muhammad-sn,M;F,45834
NG,Nigeria,surname,6,Abubakar,abubakar-sn,M;F,45339
NG,Nigeria,surname,7,Abdullah,abdullah-sn,M;F,45209
NG,Nigeria,surname,8,Emmanuel,emmanuel-sn,M;F,42463
NG,Nigeria,surname,9,Abdullahi,abdullahi-sn,M;F,41673
NG,Nigeria,surname,10,Musa,musa-sn,M;F,37892
NG,Nigeria,surname,11,John,john-sn,M;F,34561
NG,Nigeria,surname,12,Omar,omar-sn,M;F,33238
NG,Nigeria,surname,13,Umar,umar-sn,M;F,33238
NG,Nigeria,surname,14,Osman,osman-sn,M;F,32727
NG,Nigeria,surname,15,Sunday,sunday-sn,M;F,32107
NG,Nigeria,surname,16,Ahmed,ahmed-sn,M;F,31730
NG,Nigeria,surname,17,Usman,usman-sn,M;F,31399
NG,Nigeria,surname,18,Samuel,samuel-sn,M;F,30718
NG,Nigeria,surname,19,Yousef,yousef-sn,M;F,29337
NG,Nigeria,surname,20,Yusuf,yusuf-sn,M;F,29337
NG,Nigeria,surname,21,Mohammed,mohammed-sn,M;F,25559
NG,Nigeria,surname,22,Joseph,joseph-sn,M;F,25068
NG,Nigeria,surname,23,James,james-sn,M;F,23257
NG,Nigeria,surname,24,David,david-sn,M;F,22583
NG,Nigeria,surname,25,Bello,bello-sn,M;F,22000
NG,Nigeria,surname,26,Daniel,daniel-sn,M;F,21831
NG,Nigeria,surname,27,Adamu,adamu-sn,M,21725
NG,Nigeria,surname,28,Aliyu,aliyu-sn,M;F,21510
NG,Nigeria,surname,29,Lawal,lawal-sn,M;F,21270
NG,Nigeria,surname,30,Sani,sani-sn,M;F,21089
NG,Nigeria,surname,31,Peter,peter-sn,M;F,20988
NG,Nigeria,surname,32,Salman,salman-sn,M;F,19937
NG,Nigeria,surname,33,Hassan,hassan-sn,F;M,18931
NG,Nigeria,surname,34,Michael,michael-sn,M;F,18175
NG,Nigeria,surname,35,Blessing,blessing-sn,F;M,17833
NG,Nigeria,surname,36,Eze,eze-sn,M;F,17697
NG,Nigeria,surname,37,Ahmad,ahmad-sn,M;F,17434
NG,Nigeria,surname,38,Johnson,johnson-sn,M;F,16492
NG,Nigeria,surname,39,Muhammed,muhammed-sn,M;F,16165
NG,Nigeria,surname,40,Okafor,okafor-sn,M;F,14494
NG,Nigeria,surname,41,Idris,idris-sn,F;M,14483
NG,Nigeria,surname,42,Paul,paul-sn,M;F,14470
NG,Nigeria,surname,43,Taiwo,taiwo-sn,,14458
NG,Nigeria,surname,44,Moses,moses-sn,M;F,14256
NG,Nigeria,surname,45,Abiodun,abiodun-sn,M;F,14197
NG,Nigeria,surname,46,Haruna,haruna-sn,,13482
NG,Nigeria,surname,47,Victor,victor-sn,M;F,12885
NG,Nigeria,surname,48,Adam,adam-sn,M;F,12790
NG,Nigeria,surname,49,Ali,ali-sn,M;F,12711
NG,Nigeria,surname,50,Yakubu,yakubu-sn,M;F,12632
NG,Nigeria,surname,51,Garba,garba-sn,M;F,12418
NG,Nigeria,surname,52,Williams,williams-sn,M;F,12055
NG,Nigeria,surname,53,Godwin,godwin-sn,M;F,12008
NG,Nigeria,surname,54,Isah,isah-sn,M;F,11952
NG,Nigeria,surname,55,Okeke,okeke-sn,M;F,11682
NG,Nigeria,surname,56,Mustapha,mustapha-sn,F;M,11385
NG,Nigeria,surname,57,Yahaya,yahaya-sn,,11382
NG,Nigeria,surname,58,Ojo,ojo-sn,M;F,11306
NG,Nigeria,surname,59,Ajayi,ajayi-sn,M;F,11225
NG,Nigeria,surname,60,Joy,joy-sn,F;M,11046
NG,Nigeria,surname,61,Suleiman,suleiman-sn,M;F,11042
NG,Nigeria,surname,62,Solomon,solomon-sn,M;F,11037
NG,Nigeria,surname,63,Obi,obi-sn,M;F,10705
NG,Nigeria,surname,64,Anthony,anthony-sn,M;F,10691
NG,Nigeria,surname,65,Esther,esther-sn,F,10271
NG,Nigeria,surname,66,Francis,francis-sn,M;F,10001
NG,Nigeria,surname,67,Chukwu,chukwu-sn,M;F,9959
NG,Nigeria,surname,68,Akpan,akpan-sn,M;F,9950
NG,Nigeria,surname,69,Stephen,stephen-sn,M;F,9848
NG,Nigeria,surname,70,Babatunde,babatunde-sn,M;F,9795
NG,Nigeria,surname,71,Balogun,balogun-sn,M;F,9710
NG,Nigeria,surname,72,Idowu,idowu-sn,,9666
NG,Nigeria,surname,73,Joshua,joshua-sn,,9653
NG,Nigeria,surname,74,Bassey,bassey-sn,,9626
NG,Nigeria,surname,75,Shehu,shehu-sn,M;F,9604
NG,Nigeria,surname,76,Uche,uche-sn,M;F,9443
NG,Nigeria,surname,77,Nwachukwu,nwachukwu-sn,,9214
NG,Nigeria,surname,78,Isaac,isaac-sn,,9123
NG,Nigeria,surname,79,Adebayo,adebayo-sn,F;M,9108
NG,Nigeria,surname,80,Adeleke,adeleke-sn,F;M,9108
NG,Nigeria,surname,81,Adeyemi,adeyemi-sn,F;M,9108
NG,Nigeria,surname,82,Akerele,akerele-sn,F;M,9108
NG,Nigeria,surname,83,Okoro,okoro-sn,,9108
NG,Nigeria,surname,84,Onwuka,onwuka-sn,F;M,9108
NG,Nigeria,surname,85,Kehinde,kehinde-sn,,9067
NG,Nigeria,surname,86,Mary,mary-sn,F;M,8947
NG,Nigeria,surname,87,Smile,smile-sn,,8940
NG,Nigeria,surname,88,Gabriel,gabriel-sn,M;F,8923
NG,Nigeria,surname,89,Sulaiman,sulaiman-sn,M;F,8895
NG,Nigeria,surname,90,Favour,favour-sn,F;M,8803
NG,Nigeria,surname,91,Adekunle,adekunle-sn,M;F,8796
NG,Nigeria,surname,92,Opeyemi,opeyemi-sn,M;F,8756
NG,Nigeria,surname,93,Adewale,adewale-sn,,8643
NG,Nigeria,surname,94,George,george-sn,M;F,8526
NG,Nigeria,surname,95,Smith,smith-sn,M;F,8513
NG,Nigeria,surname,96,Samson,samson-sn,M;F,8433
NG,Nigeria,surname,97,Okoye,okoye-sn,,8312
NG,Nigeria,surname,98,Aminu,aminu-sn,,8271
NG,Nigeria,surname,99,Gold,gold-sn,,8242
NG,Nigeria,surname,100,Henry,henry-sn,M;F,8152
NL,Netherlands,forename,1,Jan,jan-fn,M;F,51251
NL,Netherlands,forename,2,Peter,peter-fn,M,38182
NL,Netherlands,forename,3,Hans,hans-fn,M,28314
NL,Netherlands,forename,4,Henk,henk-fn,M,28002
NL,Netherlands,forename,5,Jeroen,jeroen-fn,M,22533
NL,Netherlands,forename,6,Pieter,pieter-fn,M,21373
NL,Netherlands,forename,7,Rob,rob-fn,M,21347
NL,Netherlands,forename,8,John,john-fn,M,21135
NL,Netherlands,forename,9,Mark,mark-fn,M,18670
NL,Netherlands,forename,10,Paul,paul-fn,M,18001
NL,Netherlands,forename,11,Dennis,dennis-fn,M;F,17503
NL,Netherlands,forename,12,Monique,monique-fn,F,17460
NL,Netherlands,forename,13,Marcel,marcel-fn,M,16956
NL,Netherlands,forename,14,Mohamed,mohamed-fn,M,16846
NL,Netherlands,forename,15,Johan,johan-fn,M,16433
NL,Netherlands,forename,16,Patrick,patrick-fn,M,16115
NL,Netherlands,forename,17,Frank,frank-fn,M,15844
NL,Netherlands,forename,18,Rene,rene-fn,M;F,15714
NL,Netherlands,forename,19,Wim,wim-fn,M,15421
NL,Netherlands,forename,20,Richard,richard-fn,M,15080
NL,Netherlands,forename,21,Bart,bart-fn,M,15000
NL,Netherlands,forename,22,Marco,marco-fn,M;F,14491
NL,Netherlands,forename,23,Bas,bas-fn,M,14407
NL,Netherlands,forename,24,Erik,erik-fn,M,14277
NL,Netherlands,forename,25,Martijn,martijn-fn,M,13801
NL,Netherlands,forename,26,Sandra,sandra-fn,F,13794
NL,Netherlands,forename,27,Robert,robert-fn,M,13640
NL,Netherlands,forename,28,Tim,tim-fn,M,13277
NL,Netherlands,forename,29,Martin,martin-fn,M,13114
NL,Netherlands,forename,30,Willem,willem-fn,M,12847
NL,Netherlands,forename,31,Yvonne,yvonne-fn,F,12760
NL,Netherlands,forename,32,Linda,linda-fn,F;M,12744
NL,Netherlands,forename,33,Tom,tom-fn,M,12737
NL,Netherlands,forename,34,Karin,karin-fn,F,12553
NL,Netherlands,forename,35,Petra,petra-fn,F,12471
NL,Netherlands,forename,36,Jolanda,jolanda-fn,F,12449
NL,Netherlands,forename,37,Sander,sander-fn,M,12241
NL,Netherlands,forename,38,Bert,bert-fn,M,12236
NL,Netherlands,forename,39,Ria,ria-fn,F,12152
NL,Netherlands,forename,40,Ronald,ronald-fn,M,12096
NL,Netherlands,forename,41,Kees,kees-fn,M,12021
NL,Netherlands,forename,42,Rick,rick-fn,M,11818
NL,Netherlands,forename,43,Kevin,kevin-fn,M,11650
NL,Netherlands,forename,44,Robin,robin-fn,M;F,11619
NL,Netherlands,forename,45,Gerard,gerard-fn,M,11505
NL,Netherlands,forename,46,Esther,esther-fn,F,11283
NL,Netherlands,forename,47,Mike,mike-fn,M,11069
NL,Netherlands,forename,48,Kim,kim-fn,F;M,11045
NL,Netherlands,forename,49,Michel,michel-fn,M;F,10934
NL,Netherlands,forename,50,Frans,frans-fn,M,10906
NL,Netherlands,forename,51,Nick,nick-fn,M,10905
NL,Netherlands,forename,52,Jos,jos-fn,M,10722
NL,Netherlands,forename,53,Anita,anita-fn,F,10624
NL,Netherlands,forename,54,Niels,niels-fn,M,10568
NL,Netherlands,forename,55,Roy,roy-fn,M,10397
NL,Netherlands,forename,56,Andre,andre-fn,M;F,10366
NL,Netherlands,forename,57,Piet,piet-fn,M,10364
NL,Netherlands,forename,58,Michael,michael-fn,M,10337
NL,Netherlands,forename,59,Theo,theo-fn,M,10158
NL,Netherlands,forename,60,Joke,joke-fn,F,10157
NL,Netherlands,forename,61,Danny,danny-fn,M;F,9930
NL,Netherlands,forename,62,Ingrid,ingrid-fn,F,9869
NL,Netherlands,forename,63,Stefan,stefan-fn,M,9839
NL,Netherlands,forename,64,Anne,anne-fn,F;M,9558
NL,Netherlands,forename,65,Thomas,thomas-fn,M,9544
NL,Netherlands,forename,66,Laura,laura-fn,F,9370
NL,Netherlands,forename,67,Ron,ron-fn,M,9338
NL,Netherlands,forename,68,Daniel,daniel-fn,M;F,9328
NL,Netherlands,forename,69,Marc,marc-fn,M,9280
NL,Netherlands,forename,70,Ellen,ellen-fn,F,9203
NL,Netherlands,forename,71,Daan,daan-fn,M,9173
NL,Netherlands,forename,72,Anneke,anneke-fn,F;M,9150
NL,Netherlands,forename,73,Sanne,sanne-fn,F,8992
NL,Netherlands,forename,74,Ton,ton-fn,M,8966
NL,Netherlands,forename,75,Anja,anja-fn,F,8933
NL,Netherlands,forename,76,Chris,chris-fn,M;F,8863
NL,Netherlands,forename,77,Ruud,ruud-fn,M,8852
NL,Netherlands,forename,78,Edwin,edwin-fn,M,8817
NL,Netherlands,forename,79,Maarten,maarten-fn,M,8735
NL,Netherlands,forename,80,Marianne,marianne-fn,F,8670
NL,Netherlands,forename,81,Eric,eric-fn,M,8605
NL,Netherlands,forename,82,Wilma,wilma-fn,F,8406
NL,Netherlands,forename,83,Lisa,lisa-fn,F,8385
NL,Netherlands,forename,84,Bram,bram-fn,M,8384
NL,Netherlands,forename,85,Bianca,bianca-fn,F,8365
NL,Netherlands,forename,86,Ben,ben-fn,M,8340
NL,Netherlands,forename,87,Wendy,wendy-fn,F,8301
NL,Netherlands,forename,88,Jacqueline,jacqueline-fn,F,8284
NL,Netherlands,forename,89,Alex,alex-fn,M;F,8269
NL,Netherlands,forename,90,Danielle,danielle-fn,F,8208
NL,Netherlands,forename,91,Ahmed,ahmed-fn,M,8194
NL,Netherlands,forename,92,Wouter,wouter-fn,M,8026
NL,Netherlands,forename,93,Joost,joost-fn,M,7726
NL,Netherlands,forename,94,Chantal,chantal-fn,F,7706
NL,Netherlands,forename,95,Jaap,jaap-fn,M,7656
NL,Netherlands,forename,96,Jeffrey,jeffrey-fn,M,7616
NL,Netherlands,forename,97,Gerrit,gerrit-fn,M,7540
NL,Netherlands,forename,98,Harry,harry-fn,M,7433
NL,Netherlands,forename,99,Max,max-fn,M,7407
NL,Netherlands,forename,100,Patricia,patricia-fn,F,7327
NL,Netherlands,surname,1,De Jong,de-jong-sn,M;F,21308
NL,Netherlands,surname,2,De Vries,de-vries-sn,M;F,17850
NL,Netherlands,surname,3,Janssen,janssen-sn,,14668
NL,Netherlands,surname,4,Bakker,bakker-sn,,14119
NL,Netherlands,surname,5,Van Dijk,van-dijk-sn,,13460
NL,Netherlands,surname,6,Van Den Berg,van-den-berg-sn,,12483
NL,Netherlands,surname,7,Visser,visser-sn,M;F,12182
NL,Netherlands,surname,8,Smit,smit-sn,M;F,11112
NL,Netherlands,surname,9,Meijer,meijer-sn,,9273
NL,Netherlands,surname,10,De Boer,de-boer-sn,,9214
NL,Netherlands,surname,11,Bos,bos-sn,,9183
NL,Netherlands,surname,12,Mulder,mulder-sn,,9059
NL,Netherlands,surname,13,De Groot,de-groot-sn,M;F,8797
NL,Netherlands,surname,14,Hendriks,hendriks-sn,M;F,7830
NL,Netherlands,surname,15,Peters,peters-sn,M;F,7826
NL,Netherlands,surname,16,Vos,vos-sn,M;F,7734
NL,Netherlands,surname,17,Jansen,jansen-sn,F;M,7590
NL,Netherlands,surname,18,Dekker,dekker-sn,F;M,7217
NL,Netherlands,surname,19,Van Leeuwen,van-leeuwen-sn,M;F,6149
NL,Netherlands,surname,20,Brouwer,brouwer-sn,M;F,6138
NL,Netherlands,surname,21,De Wit,de-wit-sn,M;F,6117
NL,Netherlands,surname,22,Smits,smits-sn,,5730
NL,Netherlands,surname,23,Dijkstra,dijkstra-sn,,5727
NL,Netherlands,surname,24,De Graaf,de-graaf-sn,,5339
NL,Netherlands,surname,25,Vermeulen,vermeulen-sn,M;F,5011
NL,Netherlands,surname,26,Kok,kok-sn,M;F,4996
NL,Netherlands,surname,27,Jacobs,jacobs-sn,M;F,4980
NL,Netherlands,surname,28,De Haan,de-haan-sn,M;F,4640
NL,Netherlands,surname,29,Van Der Meer,van-der-meer-sn,M;F,4538
NL,Netherlands,surname,30,Ali,ali-sn,M;F,4440
NL,Netherlands,surname,31,Van Der Linden,van-der-linden-sn,M;F,4369
NL,Netherlands,surname,32,Schouten,schouten-sn,M;F,4203
NL,Netherlands,surname,33,Willems,willems-sn,M;F,4174
NL,Netherlands,surname,34,Van Den Heuvel,van-den-heuvel-sn,M;F,4071
NL,Netherlands,surname,35,Van Der Veen,van-der-veen-sn,M;F,4064
NL,Netherlands,surname,36,Van Beek,van-beek-sn,M;F,4019
NL,Netherlands,surname,37,Van Den Broek,van-den-broek-sn,M;F,4002
NL,Netherlands,surname,38,Verhoeven,verhoeven-sn,M;F,3883
NL,Netherlands,surname,39,Maas,maas-sn,M;F,3873
NL,Netherlands,surname,40,Koster,koster-sn,M;F,3848
NL,Netherlands,surname,41,Prins,prins-sn,M;F,3779
NL,Netherlands,surname,42,Van Vliet,van-vliet-sn,M;F,3744
NL,Netherlands,surname,43,Hoekstra,hoekstra-sn,M;F,3738
NL,Netherlands,surname,44,De Bruijn,de-bruijn-sn,M;F,3666
NL,Netherlands,surname,45,Blom,blom-sn,M;F,3625
NL,Netherlands,surname,46,Van Dam,van-dam-sn,M;F,3607
NL,Netherlands,surname,47,Huisman,huisman-sn,M;F,3550
NL,Netherlands,surname,48,Kuipers,kuipers-sn,M;F,3479
NL,Netherlands,surname,49,Van Der Heijden,van-der-heijden-sn,M;F,3478
NL,Netherlands,surname,50,Post,post-sn,M;F,3449
NL,Netherlands,surname,51,Peeters,peeters-sn,M;F,3432
NL,Netherlands,surname,52,Van Veen,van-veen-sn,M;F,3331
NL,Netherlands,surname,53,Kuiper,kuiper-sn,M;F,3317
NL,Netherlands,surname,54,Krämer,kramer-sn,M;F,3280
NL,Netherlands,surname,55,Veenstra,veenstra-sn,M;F,3269
NL,Netherlands,surname,56,Boer,boer-sn,M;F,3232
NL,Netherlands,surname,57,De Jonge,de-jonge-sn,M;F,3167
NL,Netherlands,surname,58,Scholten,scholten-sn,M;F,3161
NL,Netherlands,surname,59,Martens,martens-sn,M;F,2986
NL,Netherlands,surname,60,Vink,vink-sn,M;F,2982
NL,Netherlands,surname,61,Groen,groen-sn,M;F,2973
NL,Netherlands,surname,62,Van Der Wal,van-der-wal-sn,M;F,2961
NL,Netherlands,surname,63,De Ruiter,de-ruiter-sn,M;F,2912
NL,Netherlands,surname,64,Gerritsen,gerritsen-sn,M;F,2898
NL,Netherlands,surname,65,Koning,koning-sn,M;F,2884
NL,Netherlands,surname,66,Postma,postma-sn,M;F,2882
NL,Netherlands,surname,67,Bosch,bosch-sn,M;F,2834
NL,Netherlands,surname,68,Jonker,jonker-sn,M;F,2832
NL,Netherlands,surname,69,Timmermans,timmermans-sn,M;F,2789
NL,Netherlands,surname,70,Willemsen,willemsen-sn,M;F,2786
NL,Netherlands,surname,71,Van Wijk,van-wijk-sn,M;F,2775
NL,Netherlands,surname,72,El,el-sn,M;F,2752
NL,Netherlands,surname,73,Van Den Brink,van-den-brink-sn,M;F,2717
NL,Netherlands,surname,74,Evers,evers-sn,M;F,2709
NL,Netherlands,surname,75,De Vos,de-vos-sn,M;F,2702
NL,Netherlands,surname,76,Schipper,schipper-sn,M;F,2670
NL,Netherlands,surname,77,Van Loon,van-loon-sn,M;F,2615
NL,Netherlands,surname,78,De Lange,de-lange-sn,,2589
NL,Netherlands,surname,79,Smeets,smeets-sn,M;F,2583
NL,Netherlands,surname,80,Roos,roos-sn,F;M,2580
NL,Netherlands,surname,81,Sanders,sanders-sn,M;F,2579
NL,Netherlands,surname,82,Driessen,driessen-sn,M;F,2571
NL,Netherlands,surname,83,Groot,groot-sn,M;F,2558
NL,Netherlands,surname,84,Hermans,hermans-sn,M;F,2550
NL,Netherlands,surname,85,Van Doorn,van-doorn-sn,M;F,2516
NL,Netherlands,surname,86,Hofman,hofman-sn,M;F,2515
NL,Netherlands,surname,87,De Koning,de-koning-sn,M;F,2502
NL,Netherlands,surname,88,Wolters,wolters-sn,M;F,2493
NL,Netherlands,surname,89,Verbeek,verbeek-sn,M;F,2453
NL,Netherlands,surname,90,Van Der Laan,van-der-laan-sn,M;F,2452
NL,Netherlands,surname,91,Molenaar,molenaar-sn,M;F,2441
NL,Netherlands,surname,92,Van De Ven,van-de-ven-sn,M;F,2439
NL,Netherlands,surname,93,Bosman,bosman-sn,M;F,2423
NL,Netherlands,surname,94,Van Dongen,van-dongen-sn,M;F,2421
NL,Netherlands,surname,95,Kroon,kroon-sn,M;F,2379
NL,Netherlands,surname,96,Mol,mol-sn,M;F,2373
NL,Netherlands,surname,97,De Leeuw,de-leeuw-sn,M;F,2369
NL,Netherlands,surname,98,Stam,stam-sn,M;F,2321
NL,Netherlands,surname,99,Müller,muller-sn,M;F,2276
NL,Netherlands,surname,100,Van Der Velden,van-der-velden-sn,M;F,2180
NO,Norway,forename,1,Olaf,olaf-fn,M,8932
NO,Norway,forename,2,Thomas,thomas-fn,M,2098
NO,Norway,forename,3,Anne,anne-fn,F;M,1860
NO,Norway,forename,4,Morten,morten-fn,M,1783
NO,Norway,forename,5,Bjorn,bjorn-fn,M,1736
NO,Norway,forename,6,Lars,lars-fn,M,1710
NO,Norway,forename,7,Jan,jan-fn,M;F,1674
NO,Norway,forename,8,Andreas,andreas-fn,M,1631
NO,Norway,forename,9,Martin,martin-fn,M,1587
NO,Norway,forename,10,Anders,anders-fn,M,1563
NO,Norway,forename,11,Daniel,daniel-fn,M;F,1510
NO,Norway,forename,12,Erik,erik-fn,M,1485
NO,Norway,forename,13,Rune,rune-fn,M,1363
NO,Norway,forename,14,Terje,terje-fn,M,1335
NO,Norway,forename,15,Marianne,marianne-fn,F,1331
NO,Norway,forename,16,Geir,geir-fn,M,1322
NO,Norway,forename,17,Per,per-fn,M,1319
NO,Norway,forename,18,Kristin,kristin-fn,F,1305
NO,Norway,forename,19,Nina,nina-fn,F,1304
NO,Norway,forename,20,Elisabeth,elisabeth-fn,F,1290
NO,Norway,forename,21,Christian,christian-fn,M;F,1280
NO,Norway,forename,22,Ole,ole-fn,M,1267
NO,Norway,forename,23,Espen,espen-fn,M,1260
NO,Norway,forename,24,Marit,marit-fn,F,1218
NO,Norway,forename,25,Stian,stian-fn,M,1209
NO,Norway,forename,26,Marius,marius-fn,M,1185
NO,Norway,forename,27,Kristian,kristian-fn,M,1170
NO,Norway,forename,28,Hilde,hilde-fn,F,1153
NO,Norway,forename,29,Trond,trond-fn,M,1150
NO,Norway,forename,30,Camilla,camilla-fn,F,1145
NO,Norway,forename,31,Ingrid,ingrid-fn,F,1135
NO,Norway,forename,32,Kari,kari-fn,M;F,1125
NO,Norway,forename,33,Fredrik,fredrik-fn,M,1122
NO,Norway,forename,34,Knut,knut-fn,M,1095
NO,Norway,forename,35,Øyvind,oyvind-fn,M,1078
NO,Norway,forename,36,Heidi,heidi-fn,F,1076
NO,Norway,forename,37,Magnus,magnus-fn,M,1055
NO,Norway,forename,38,Silje,silje-fn,F,1051
NO,Norway,forename,39,Eirik,eirik-fn,M,1049
NO,Norway,forename,40,Hanne,hanne-fn,F,1030
NO,Norway,forename,41,Linda,linda-fn,F;M,1022
NO,Norway,forename,42,Bente,bente-fn,F,1015
NO,Norway,forename,43,Steffen,steffen-fn,M,1000
NO,Norway,forename,44,Nils,nils-fn,F;M,520
NO,Norway,forename,45,Beate,beate-fn,F;M,375
NO,Norway,forename,46,Sofie,sofie-fn,F;M,375
NO,Norway,forename,47,Aina,aina-fn,F;M,311
NO,Norway,forename,48,Elena,elena-fn,F;M,275
NO,Norway,forename,49,Krzysztof,krzysztof-fn,F;M,198
NO,Norway,forename,50,Beata,beata-fn,F;M,109
NO,Norway,forename,51,Carolina,carolina-fn,F;M,57
NO,Norway,forename,52,Zainab,zainab-fn,F;M,44
NO,Norway,forename,53,Stella,stella-fn,F;M,39
NO,Norway,forename,54,Sina,sina-fn,F;M,38
NO,Norway,forename,55,Hiba,hiba-fn,F;M,34
NO,Norway,forename,56,Hakan,hakan-fn,F;M,31
NO,Norway,forename,57,Przemek,przemek-fn,F;M,31
NO,Norway,forename,58,Yohana,yohana-fn,F;M,24
NO,Norway,forename,59,Elaine,elaine-fn,F;M,23
NO,Norway,forename,60,Faysal,faysal-fn,M,22
NO,Norway,forename,61,Rina,rina-fn,F;M,22
NO,Norway,forename,62,Ayoub,ayoub-fn,M,21
NO,Norway,forename,63,Mirosław,miroslaw-fn,M,20
NO,Norway,forename,64,Rudolf,rudolf-fn,M,20
NO,Norway,forename,65,Ghassan,ghassan-fn,F;M,19
NO,Norway,forename,66,Adeel,adeel-fn,F;M,17
NO,Norway,forename,67,Ghada,ghada-fn,F;M,17
NO,Norway,forename,68,Fadia,fadia-fn,F;M,16
NO,Norway,forename,69,Jeanine,jeanine-fn,F;M,16
NO,Norway,forename,70,Nahid,nahid-fn,F;M,16
NO,Norway,forename,71,Marin,marin-fn,F;M,15
NO,Norway,forename,72,Shan,shan-fn,F;M,15
NO,Norway,forename,73,Алмас,almas-fn,M;F,14
NO,Norway,forename,74,Marja,marja-fn,F;M,14
NO,Norway,forename,75,Wahab,wahab-fn,F;M,13
NO,Norway,forename,76,Maximilian,maximilian-fn,F;M,11
NO,Norway,forename,77,Emmy,emmy-fn,F;M,10
NO,Norway,forename,78,Krista,krista-fn,F;M,10
NO,Norway,forename,79,Titti,titti-fn,F;M,10
NO,Norway,forename,80,Zahir,zahir-fn,F;M,10
NO,Norway,forename,81,Annemarie,annemarie-fn,F;M,9
NO,Norway,forename,82,Anneke,anneke-fn,F;M,8
NO,Norway,forename,83,Hellen,hellen-fn,F,8
NO,Norway,forename,84,Inez,inez-fn,F;M,8
NO,Norway,forename,85,Nazmi,nazmi-fn,M,8
NO,Norway,forename,86,Noora,noora-fn,F;M,8
NO,Norway,forename,87,Nura,nura-fn,F;M,8
NO,Norway,forename,88,Vanda,vanda-fn,F;M,8
NO,Norway,forename,89,Emeline,emeline-fn,F;M,7
NO,Norway,forename,90,Josip,josip-fn,F;M,7
NO,Norway,forename,91,Mikel,mikel-fn,M,7
NO,Norway,forename,92,Ange,ange-fn,F;M,6
NO,Norway,forename,93,Mohit,mohit-fn,M,6
NO,Norway,forename,94,Riyad,riyad-fn,F;M,6
NO,Norway,forename,95,Seema,seema-fn,F;M,6
NO,Norway,forename,96,Sissi,sissi-fn,F;M,6
NO,Norway,forename,97,Tanvir,tanvir-fn,F;M,6
NO,Norway,forename,98,Ash,ash-fn,F;M,5
NO,Norway,forename,99,Cahit,cahit-fn,F;M,5
NO,Norway,forename,100,Hilmi,hilmi-fn,F;M,5
NO,Norway,surname,1,Hansen,hansen-sn,M;F,2871
NO,Norway,surname,2,Olsen,olsen-sn,,2635
NO,Norway,surname,3,Johansen,johansen-sn,M;F,2546
NO,Norway,surname,4,Larsen,larsen-sn,M;F,1145
NO,Norway,surname,5,Andersen,andersen-sn,,1112
NO,Norway,surname,6,Pedersen,pedersen-sn,M;F,1103
NO,Norway,surname,7,Hassan,hassan-sn,F;M,518
NO,Norway,surname,8,Le,le-sn,F;M,135
NO,Norway,surname,9,Persson,persson-sn,,111
NO,Norway,surname,10,Ma,ma-sn,F;M,49
NO,Norway,surname,11,Falk,falk-sn,F;M,32
NO,Norway,surname,12,Haidar,haidar-sn,F;M,20
NO,Norway,surname,13,Arıkan,arikan-sn,F;M,18
NO,Norway,surname,14,Zhao,zhao-sn,F;M,18
NO,Norway,surname,15,Gharib,gharib-sn,,14
NO,Norway,surname,16,Vasile,vasile-sn,F;M,14
NO,Norway,surname,17,Caroline,caroline-sn,,12
NO,Norway,surname,18,Nichols,nichols-sn,F;M,12
NO,Norway,surname,19,Power,power-sn,,12
NO,Norway,surname,20,Agha,agha-sn,F;M,11
NO,Norway,surname,21,Bruce,bruce-sn,F;M,11
NO,Norway,surname,22,Amen,amen-sn,F;M,10
NO,Norway,surname,23,Hale,hale-sn,,9
NO,Norway,surname,24,Warda,warda-sn,,9
NO,Norway,surname,25,Ayman,ayman-sn,F;M,8
NO,Norway,surname,26,Fall,fall-sn,,8
NO,Norway,surname,27,Bowen,bowen-sn,F;M,7
NO,Norway,surname,28,Dib,dib-sn,F;M,7
NO,Norway,surname,29,Groß,gross-sn,,7
NO,Norway,surname,30,Kar,kar-sn,F;M,7
NO,Norway,surname,31,Popa,popa-sn,F;M,7
NO,Norway,surname,32,Tarek,tarek-sn,M;F,7
NO,Norway,surname,33,Waqas,waqas-sn,,7
NO,Norway,surname,34,Fatah,fatah-sn,M;F,6
NO,Norway,surname,35,Parra,parra-sn,F;M,6
NO,Norway,surname,36,Rm,rm-sn,F;M,6
NO,Norway,surname,37,Shukla,shukla-sn,M;F,6
NO,Norway,surname,38,Степанов,stepanov-sn,F;M,6
NO,Norway,surname,39,Zheng,zheng-sn,F;M,6
NO,Norway,surname,40,Ertaş,ertas-sn,,5
NO,Norway,surname,41,Mariam,mariam-sn,F;M,5
NO,Norway,surname,42,Pisani,pisani-sn,F;M,5
NO,Norway,surname,43,Tyler,tyler-sn,,5
NO,Norway,surname,44,Angelo,angelo-sn,,4
NO,Norway,surname,45,Baxter,baxter-sn,F;M,4
NO,Norway,surname,46,Deva,deva-sn,F;M,4
NO,Norway,surname,47,Jana,jana-sn,F;M,4
NO,Norway,surname,48,Maurer,maurer-sn,F;M,4
NO,Norway,surname,49,Moro,moro-sn,F;M,4
NO,Norway,surname,50,Morton,morton-sn,F;M,4
NO,Norway,surname,51,Sahoo,sahoo-sn,F;M,4
NO,Norway,surname,52,Selçuk,selcuk-sn,F;M,4
NO,Norway,surname,53,Dev,dev-sn,F;M,3
NO,Norway,surname,54,Glover,glover-sn,F;M,3
NO,Norway,surname,55,Horton,horton-sn,F;M,3
NO,Norway,surname,56,كوباني,kwbany-sn,,3
NO,Norway,surname,57,Neira,neira-sn,F;M,3
NO,Norway,surname,58,Ouni,ouni-sn,F;M,3
NO,Norway,surname,59,Rahma,rahma-sn,F;M,3
NO,Norway,surname,60,Santo,santo-sn,F;M,3
NO,Norway,surname,61,Schmid,schmid-sn,F;M,3
NO,Norway,surname,62,Townsend,townsend-sn,F;M,3
NO,Norway,surname,63,Abba,abba-sn,F;M,2
NO,Norway,surname,64,Ayesha,ayesha-sn,F;M,2
NO,Norway,surname,65,Castellano,castellano-sn,,2
NO,Norway,surname,66,Duma,duma-sn,F;M,2
NO,Norway,surname,67,Enrique,enrique-sn,F;M,2
NO,Norway,surname,68,Faria,faria-sn,,2
NO,Norway,surname,69,Фролова,frolova-sn,F;M,2
NO,Norway,surname,70,Garner,garner-sn,,2
NO,Norway,surname,71,Greene,greene-sn,F;M,2
NO,Norway,surname,72,Kwong,kwong-sn,F;M,2
NO,Norway,surname,73,Manar,manar-sn,F;M,2
NO,Norway,surname,74,Mancilla,mancilla-sn,F;M,2
NO,Norway,surname,75,Manzano,manzano-sn,F;M,2
NO,Norway,surname,76,Омарова,omarova-sn,F;M,2
NO,Norway,surname,77,Osullivan,osullivan-sn,F;M,2
NO,Norway,surname,78,Pagani,pagani-sn,F;M,2
NO,Norway,surname,79,Ranya,ranya-sn,F;M,2
NO,Norway,surname,80,Raymond,raymond-sn,F;M,2
NO,Norway,surname,81,Stephenson,stephenson-sn,F;M,2
NO,Norway,surname,82,Torre,torre-sn,F;M,2
NO,Norway,surname,83,Viola,viola-sn,M;F,2
NO,Norway,surname,84,Zidan,zidan-sn,F;M,2
OM,Oman,forename,1,Md,md-fn,M;F,309087
OM,Oman,forename,2,Mohamed,mohamed-fn,M,163820
OM,Oman,forename,3,Ahmed,ahmed-fn,M,60211
OM,Oman,forename,4,محمد,mhmd-fn,M;F,47126
OM,Oman,forename,5,Mohammed,mohammed-fn,M;F,36471
OM,Oman,forename,6,Muhammad,muhammad-fn,M;F,31495
OM,Oman,forename,7,Ali,ali-fn,M;F,28846
OM,Oman,forename,8,احمد,ahmd-fn,M;F,27784
OM,Oman,forename,9,Salem,salem-fn,M,26156
OM,Oman,forename,10,Abdul,abdul-fn,M,25396
OM,Oman,forename,11,Mohammad,mohammad-fn,M;F,24331
OM,Oman,forename,12,Nasser,nasser-fn,M;F,16980
OM,Oman,forename,13,عبدالله,abdallh-fn,M,16018
OM,Oman,forename,14,علي,aly-fn,M;F,15010
OM,Oman,forename,15,خالد,khald-fn,M,14251
OM,Oman,forename,16,Omar,omar-fn,M;F,14126
OM,Oman,forename,17,سالم,salm-fn,M,13701
OM,Oman,forename,18,Nour,nour-fn,F;M,12803
OM,Oman,forename,19,سعيد,sayd-fn,M;F,12593
OM,Oman,forename,20,Khaled,khaled-fn,M,11682
OM,Oman,forename,21,Salim,salim-fn,M,11195
OM,Oman,forename,22,Mahmoud,mahmoud-fn,M,10891
OM,Oman,forename,23,ابو,abw-fn,M;F,10779
OM,Oman,forename,24,Abdullah,abdullah-fn,M,10754
OM,Oman,forename,25,Hassan,hassan-fn,M;F,10541
OM,Oman,forename,26,Khalid,khalid-fn,M;F,10234
OM,Oman,forename,27,Amir,amir-fn,M;F,9886
OM,Oman,forename,28,Malak,malak-fn,F,9639
OM,Oman,forename,29,Hamad,hamad-fn,M,9179
OM,Oman,forename,30,Imran,imran-fn,M;F,8958
OM,Oman,forename,31,Rajesh,rajesh-fn,M,8565
OM,Oman,forename,32,Abu,abu-fn,M;F,8535
OM,Oman,forename,33,Said,said-fn,M,8413
OM,Oman,forename,34,Rashid,rashid-fn,M,8399
OM,Oman,forename,35,Raju,raju-fn,M;F,7968
OM,Oman,forename,36,Ghulam,ghulam-fn,M,7948
OM,Oman,forename,37,Suresh,suresh-fn,M,7784
OM,Oman,forename,38,حمد,hmd-fn,M,7583
OM,Oman,forename,39,Rana,rana-fn,M;F,7543
OM,Oman,forename,40,Malik,malik-fn,M;F,7061
OM,Oman,forename,41,Faisal,faisal-fn,M;F,7000
OM,Oman,forename,42,Hussein,hussein-fn,M;F,6870
OM,Oman,forename,43,Majid,majid-fn,M,6823
OM,Oman,forename,44,Mohd,mohd-fn,M;F,6818
OM,Oman,forename,45,Ibrahim,ibrahim-fn,M;F,6814
OM,Oman,forename,46,Badr,badr-fn,M;F,6756
OM,Oman,forename,47,Sunil,sunil-fn,M,6704
OM,Oman,forename,48,Noor,noor-fn,M;F,6678
OM,Oman,forename,49,Saif,saif-fn,M;F,6532
OM,Oman,forename,50,Salah,salah-fn,M;F,6519
OM,Oman,forename,51,Anil,anil-fn,M,6377
OM,Oman,forename,52,ناصر,nasr-fn,M;F,6334
OM,Oman,forename,53,Ramesh,ramesh-fn,M,6241
OM,Oman,forename,54,Sara,sara-fn,F;M,6027
OM,Oman,forename,55,Jamal,jamal-fn,M;F,5984
OM,Oman,forename,56,محمود,mhmwd-fn,M;F,5929
OM,Oman,forename,57,يوسف,ywsf-fn,M;F,5898
OM,Oman,forename,58,Raja,raja-fn,M;F,5834
OM,Oman,forename,59,Manoj,manoj-fn,M,5805
OM,Oman,forename,60,Asif,asif-fn,M;F,5520
OM,Oman,forename,61,Muhammed,muhammed-fn,M;F,5439
OM,Oman,forename,62,Shahid,shahid-fn,M;F,5428
OM,Oman,forename,63,Hamouda,hamouda-fn,M;F,5350
OM,Oman,forename,64,Kamal,kamal-fn,M;F,5317
OM,Oman,forename,65,Nasir,nasir-fn,M;F,5280
OM,Oman,forename,66,سلطان,sltan-fn,M;F,5252
OM,Oman,forename,67,Adnan,adnan-fn,M,5184
OM,Oman,forename,68,Sultan,sultan-fn,M;F,5062
OM,Oman,forename,69,Babu,babu-fn,M,4969
OM,Oman,forename,70,Arif,arif-fn,M,4934
OM,Oman,forename,71,Anwar,anwar-fn,M,4897
OM,Oman,forename,72,মোঃ,-E0-A6-AE-E0-A7-8B-E0-A6-83-fn,M,4846
OM,Oman,forename,73,Raj,raj-fn,M;F,4839
OM,Oman,forename,74,Bilal,bilal-fn,M;F,4836
OM,Oman,forename,75,Ahmad,ahmad-fn,M;F,4814
OM,Oman,forename,76,عمر,amr-fn,M;F,4721
OM,Oman,forename,77,Abul,abul-fn,M,4715
OM,Oman,forename,78,راشد,rashd-fn,M,4676
OM,Oman,forename,79,Vinod,vinod-fn,M,4538
OM,Oman,forename,80,بدر,bdr-fn,M;F,4490
OM,Oman,forename,81,Hamid,hamid-fn,M;F,4488
OM,Oman,forename,82,Sumon,sumon-fn,M,4488
OM,Oman,forename,83,Ram,ram-fn,M;F,4436
OM,Oman,forename,84,Ravi,ravi-fn,M,4307
OM,Oman,forename,85,Yasser,yasser-fn,M;F,4263
OM,Oman,forename,86,Ismail,ismail-fn,M,4219
OM,Oman,forename,87,Arun,arun-fn,M,4190
OM,Oman,forename,88,Saiful,saiful-fn,M,4152
OM,Oman,forename,89,Asad,asad-fn,M,4056
OM,Oman,forename,90,Walid,walid-fn,M;F,3909
OM,Oman,forename,91,Al,al-fn,M;F,3868
OM,Oman,forename,92,Vijay,vijay-fn,M,3859
OM,Oman,forename,93,Khan,khan-fn,M;F,3855
OM,Oman,forename,94,Sanjay,sanjay-fn,M,3828
OM,Oman,forename,95,Rubel,rubel-fn,M,3821
OM,Oman,forename,96,Hamed,hamed-fn,M,3803
OM,Oman,forename,97,ماجد,majd-fn,M;F,3802
OM,Oman,forename,98,ابراهيم,abrahym-fn,M;F,3801
OM,Oman,forename,99,Usman,usman-fn,M;F,3780
OM,Oman,forename,100,سليمان,slyman-fn,M,3770
OM,Oman,surname,1,Khan,khan-sn,M;F,119090
OM,Oman,surname,2,Ali,ali-sn,M;F,88864
OM,Oman,surname,3,Ahmed,ahmed-sn,M;F,69966
OM,Oman,surname,4,Kumar,kumar-sn,M;F,69790
OM,Oman,surname,5,Hossain,hossain-sn,M;F,63741
OM,Oman,surname,6,Mohamed,mohamed-sn,M;F,38579
OM,Oman,surname,7,البلوشي,alblwshy-sn,M;F,36351
OM,Oman,surname,8,Islam,islam-sn,M;F,35087
OM,Oman,surname,9,Singh,singh-sn,M;F,34856
OM,Oman,surname,10,Oman,oman-sn,F;M,26805
OM,Oman,surname,11,Uddin,uddin-sn,M;F,25979
OM,Oman,surname,12,Alam,alam-sn,M;F,22913
OM,Oman,surname,13,Ahmad,ahmad-sn,M;F,18981
OM,Oman,surname,14,Hussain,hussain-sn,M;F,17891
OM,Oman,surname,15,Rahman,rahman-sn,M;F,16481
OM,Oman,surname,16,Yadav,yadav-sn,M;F,13892
OM,Oman,surname,17,Salem,salem-sn,M;F,13459
OM,Oman,surname,18,المعمري,almamry-sn,M;F,12857
OM,Oman,surname,19,Said,said-sn,M;F,12589
OM,Oman,surname,20,Rana,rana-sn,M;F,12578
OM,Oman,surname,21,Das,das-sn,M;F,11997
OM,Oman,surname,22,Hasan,hasan-sn,M;F,11266
OM,Oman,surname,23,محمد,mhmd-sn,M;F,11224
OM,Oman,surname,24,العامري,alaamry-sn,M;F,10178
OM,Oman,surname,25,Albalushi,albalushi-sn,M;F,10048
OM,Oman,surname,26,Raj,raj-sn,M;F,9963
OM,Oman,surname,27,Mohammed,mohammed-sn,M;F,9804
OM,Oman,surname,28,Ansari,ansari-sn,M;F,9616
OM,Oman,surname,29,Mia,mia-sn,M;F,8554
OM,Oman,surname,30,Salim,salim-sn,M;F,8392
OM,Oman,surname,31,السعدي,alsady-sn,M;F,8380
OM,Oman,surname,32,Babu,babu-sn,M;F,7610
OM,Oman,surname,33,Iqbal,iqbal-sn,M;F,7542
OM,Oman,surname,34,Miah,miah-sn,M;F,7442
OM,Oman,surname,35,الوهيبي,alwhyby-sn,F;M,7410
OM,Oman,surname,36,Shaikh,shaikh-sn,M;F,7384
OM,Oman,surname,37,Abbas,abbas-sn,M;F,7283
OM,Oman,surname,38,الجابري,aljabry-sn,M;F,7126
OM,Oman,surname,39,Hassan,hassan-sn,F;M,7111
OM,Oman,surname,40,Shah,shah-sn,M;F,7024
OM,Oman,surname,41,Mahmoud,mahmoud-sn,M;F,6861
OM,Oman,surname,42,Ullah,ullah-sn,M;F,6803
OM,Oman,surname,43,Rashid,rashid-sn,M;F,6356
OM,Oman,surname,44,Farouk,farouk-sn,M;F,6345
OM,Oman,surname,45,Faruk,faruk-sn,M,6345
OM,Oman,surname,46,الهنائي,alhnaey-sn,M,6305
OM,Oman,surname,47,المقبالي,almqbaly-sn,M,6203
OM,Oman,surname,48,الفارسي,alfarsy-sn,M;F,6123
OM,Oman,surname,49,Nasser,nasser-sn,M;F,6088
OM,Oman,surname,50,Malik,malik-sn,M;F,6047
OM,Oman,surname,51,Jutt,jutt-sn,M;F,6017
OM,Oman,surname,52,علي,aly-sn,M;F,5848
OM,Oman,surname,53,Patel,patel-sn,M;F,5643
OM,Oman,surname,54,Sumon,sumon-sn,M,5501
OM,Oman,surname,55,Ram,ram-sn,M;F,5450
OM,Oman,surname,56,Chauhan,chauhan-sn,M;F,5384
OM,Oman,surname,57,Amin,amin-sn,M;F,5380
OM,Oman,surname,58,Amine,amine-sn,M;F,5380
OM,Oman,surname,59,العبري,alabry-sn,,5335
OM,Oman,surname,60,Al Balushi,al-balushi-sn,,5259
OM,Oman,surname,61,Mamun,mamun-sn,M,5196
OM,Oman,surname,62,Gujjar,gujjar-sn,M;F,5170
OM,Oman,surname,63,Hossen,hossen-sn,M,5112
OM,Oman,surname,64,Raju,raju-sn,M,5101
OM,Oman,surname,65,العلوي,alalwy-sn,M,5056
OM,Oman,surname,66,السيابي,alsyaby-sn,M,4999
OM,Oman,surname,67,Kamal,kamal-sn,M;F,4901
OM,Oman,surname,68,Akter,akter-sn,F;M,4897
OM,Oman,surname,69,احمد,ahmd-sn,M;F,4835
OM,Oman,surname,70,Rubel,rubel-sn,M,4802
OM,Oman,surname,71,Nair,nair-sn,M;F,4783
OM,Oman,surname,72,Raja,raja-sn,M;F,4656
OM,Oman,surname,73,Abdullah,abdullah-sn,M;F,4634
OM,Oman,surname,74,Mohammad,mohammad-sn,M;F,4545
OM,Oman,surname,75,Prasad,prasad-sn,M;F,4507
OM,Oman,surname,76,الرواحي,alrwahy-sn,M,4458
OM,Oman,surname,77,Alom,alom-sn,M,4449
OM,Oman,surname,78,Muhammad,muhammad-sn,M;F,4418
OM,Oman,surname,79,Arif,arif-sn,M;F,4340
OM,Oman,surname,80,Hossin,hossin-sn,M,4323
OM,Oman,surname,81,Thomas,thomas-sn,M;F,4286
OM,Oman,surname,82,Imran,imran-sn,M;F,4262
OM,Oman,surname,83,Butt,butt-sn,M;F,4192
OM,Oman,surname,84,Raza,raza-sn,M,4151
OM,Oman,surname,85,Lal,lal-sn,M,4079
OM,Oman,surname,86,Ibrahim,ibrahim-sn,M;F,4074
OM,Oman,surname,87,سالم,salm-sn,M;F,4033
OM,Oman,surname,88,Nour,nour-sn,F;M,3894
OM,Oman,surname,89,الحارثي,alharthy-sn,M;F,3890
OM,Oman,surname,90,Hossan,hossan-sn,M,3873
OM,Oman,surname,91,Baloch,baloch-sn,M,3816
OM,Oman,surname,92,البوسعيدي,albwsaydy-sn,M,3804
OM,Oman,surname,93,Al,al-sn,M;F,3788
OM,Oman,surname,94,سعيد,sayd-sn,M;F,3782
OM,Oman,surname,95,Jamal,jamal-sn,M;F,3753
OM,Oman,surname,96,الغافري,alghafry-sn,M,3746
OM,Oman,surname,97,الزدجالي,alzdjaly-sn,M;F,3670
OM,Oman,surname,98,Rasel,rasel-sn,,3611
OM,Oman,surname,99,الشكيلي,alshkyly-sn,M,3600
OM,Oman,surname,100,الحسني,alhsny-sn,M;F,3591
PA,Panama,forename,1,Jose,jose-fn,M;F,26631
PA,Panama,forename,2,Luis,luis-fn,M;F,20265
PA,Panama,forename,3,Carlos,carlos-fn,M;F,17063
PA,Panama,forename,4,Juan,juan-fn,M,11510
PA,Panama,forename,5,Jorge,jorge-fn,M,10143
PA,Panama,forename,6,Ana,ana-fn,F;M,7962
PA,Panama,forename,7,Manuel,manuel-fn,M,7440
PA,Panama,forename,8,Javier,javier-fn,M,7306
PA,Panama,forename,9,Ricardo,ricardo-fn,M,6959
PA,Panama,forename,10,Daniel,daniel-fn,M;F,6408
PA,Panama,forename,11,Miguel,miguel-fn,M,6242
PA,Panama,forename,12,Antonio,antonio-fn,M;F,6015
PA,Panama,forename,13,Angel,angel-fn,F;M,5914
PA,Panama,forename,14,David,david-fn,M;F,5911
PA,Panama,forename,15,Eduardo,eduardo-fn,M,5883
PA,Panama,forename,16,Alberto,alberto-fn,M,5847
PA,Panama,forename,17,Roberto,roberto-fn,M,5689
PA,Panama,forename,18,Victor,victor-fn,M,5562
PA,Panama,forename,19,Alexis,alexis-fn,M;F,5148
PA,Panama,forename,20,Abdiel,abdiel-fn,M,5123
PA,Panama,forename,21,Edwin,edwin-fn,M,5077
PA,Panama,forename,22,Alexander,alexander-fn,M,4989
PA,Panama,forename,23,Carmen,carmen-fn,F,4704
PA,Panama,forename,24,Gabriel,gabriel-fn,M,4447
PA,Panama,forename,25,Joel,joel-fn,M,4431
PA,Panama,forename,26,Francisco,francisco-fn,M,4358
PA,Panama,forename,27,Cesar,cesar-fn,M,4345
PA,Panama,forename,28,Alex,alex-fn,M;F,4148
PA,Panama,forename,29,Rosa,rosa-fn,F,4067
PA,Panama,forename,30,Jesus,jesus-fn,M,4039
PA,Panama,forename,31,Fernando,fernando-fn,M,4017
PA,Panama,forename,32,Julio,julio-fn,M,3913
PA,Panama,forename,33,Ariel,ariel-fn,M;F,3898
PA,Panama,forename,34,Elizabeth,elizabeth-fn,F,3844
PA,Panama,forename,35,Edgar,edgar-fn,M,3579
PA,Panama,forename,36,Hector,hector-fn,M,3531
PA,Panama,forename,37,Omar,omar-fn,M;F,3463
PA,Panama,forename,38,Jonathan,jonathan-fn,M,3445
PA,Panama,forename,39,Pedro,pedro-fn,M,3435
PA,Panama,forename,40,Mario,mario-fn,M,3400
PA,Panama,forename,41,Oscar,oscar-fn,M,3387
PA,Panama,forename,42,Rafael,rafael-fn,M,3371
PA,Panama,forename,43,Erick,erick-fn,M,3296
PA,Panama,forename,44,Raul,raul-fn,M,3221
PA,Panama,forename,45,Enrique,enrique-fn,M,3211
PA,Panama,forename,46,Kevin,kevin-fn,M,3074
PA,Panama,forename,47,Alejandro,alejandro-fn,M,3056
PA,Panama,forename,48,Eric,eric-fn,M,2982
PA,Panama,forename,49,Andres,andres-fn,M;F,2967
PA,Panama,forename,50,Jaime,jaime-fn,M,2914
PA,Panama,forename,51,Diana,diana-fn,F,2861
PA,Panama,forename,52,Josue,josue-fn,M,2729
PA,Panama,forename,53,Ruben,ruben-fn,M,2599
PA,Panama,forename,54,Orlando,orlando-fn,M,2544
PA,Panama,forename,55,Anthony,anthony-fn,M,2517
PA,Panama,forename,56,Cristian,cristian-fn,M,2466
PA,Panama,forename,57,Ivan,ivan-fn,M,2465
PA,Panama,forename,58,Moises,moises-fn,M,2398
PA,Panama,forename,59,Rolando,rolando-fn,M,2374
PA,Panama,forename,60,Isabel,isabel-fn,F,2361
PA,Panama,forename,61,Marcos,marcos-fn,M,2326
PA,Panama,forename,62,Isaac,isaac-fn,M,2308
PA,Panama,forename,63,Samuel,samuel-fn,M;F,2286
PA,Panama,forename,64,Ernesto,ernesto-fn,M,2257
PA,Panama,forename,65,Armando,armando-fn,M,2253
PA,Panama,forename,66,Katherine,katherine-fn,F,2245
PA,Panama,forename,67,Carolina,carolina-fn,F;M,2210
PA,Panama,forename,68,Guillermo,guillermo-fn,M,2207
PA,Panama,forename,69,Diego,diego-fn,M,2176
PA,Panama,forename,70,Yamileth,yamileth-fn,F,2145
PA,Panama,forename,71,Maritza,maritza-fn,F,2138
PA,Panama,forename,72,Pablo,pablo-fn,M,2138
PA,Panama,forename,73,Alfredo,alfredo-fn,M,2071
PA,Panama,forename,74,Esther,esther-fn,F,2066
PA,Panama,forename,75,Adrian,adrian-fn,M,2041
PA,Panama,forename,76,Gustavo,gustavo-fn,M,2010
PA,Panama,forename,77,Andrea,andrea-fn,F;M,2009
PA,Panama,forename,78,Felix,felix-fn,M,1995
PA,Panama,forename,79,Maribel,maribel-fn,F,1978
PA,Panama,forename,80,Itzel,itzel-fn,F,1929
PA,Panama,forename,81,Luz,luz-fn,F,1926
PA,Panama,forename,82,Eliecer,eliecer-fn,M,1923
PA,Panama,forename,83,Gilberto,gilberto-fn,M,1888
PA,Panama,forename,84,Nelson,nelson-fn,M,1864
PA,Panama,forename,85,Karina,karina-fn,F,1839
PA,Panama,forename,86,Milagros,milagros-fn,F,1826
PA,Panama,forename,87,Franklin,franklin-fn,M,1817
PA,Panama,forename,88,Vielka,vielka-fn,F,1814
PA,Panama,forename,89,Iris,iris-fn,F,1810
PA,Panama,forename,90,Mary,mary-fn,F,1802
PA,Panama,forename,91,Abel,abel-fn,M,1756
PA,Panama,forename,92,Yaneth,yaneth-fn,F,1734
PA,Panama,forename,93,Gloria,gloria-fn,F,1701
PA,Panama,forename,94,Ismael,ismael-fn,M,1691
PA,Panama,forename,95,Sergio,sergio-fn,M,1688
PA,Panama,forename,96,Lisbeth,lisbeth-fn,F,1666
PA,Panama,forename,97,Edith,edith-fn,F,1624
PA,Panama,forename,98,Damaris,damaris-fn,F,1622
PA,Panama,forename,99,Gabriela,gabriela-fn,F,1622
PA,Panama,forename,100,Lorena,lorena-fn,F,1610
PA,Panama,surname,1,Rodriguez,rodriguez-sn,F;M,40319
PA,Panama,surname,2,Castillo,castillo-sn,F;M,19798
PA,Panama,surname,3,Martinez,martinez-sn,F;M,19727
PA,Panama,surname,4,Perez,perez-sn,F;M,18908
PA,Panama,surname,5,Hernandez,hernandez-sn,M;F,11593
PA,Panama,surname,6,Garcia,garcia-sn,M;F,10771
PA,Panama,surname,7,Morales,morales-sn,M;F,10399
PA,Panama,surname,8,Moreno,moreno-sn,F;M,10290
PA,Panama,surname,9,Lopez,lopez-sn,F;M,10041
PA,Panama,surname,10,Ortega,ortega-sn,M;F,9380
PA,Panama,surname,11,Mendoza,mendoza-sn,F;M,8463
PA,Panama,surname,12,Quintero,quintero-sn,M;F,8408
PA,Panama,surname,13,Abrego,abrego-sn,,8150
PA,Panama,surname,14,Jimenez,jimenez-sn,F;M,8143
PA,Panama,surname,15,Diaz,diaz-sn,F;M,8124
PA,Panama,surname,16,Gomez,gomez-sn,F;M,7644
PA,Panama,surname,17,Guerra,guerra-sn,M;F,7442
PA,Panama,surname,18,Herrera,herrera-sn,F;M,7340
PA,Panama,surname,19,Miranda,miranda-sn,F;M,7186
PA,Panama,surname,20,Batista,batista-sn,M;F,7053
PA,Panama,surname,21,Rivera,rivera-sn,M;F,6804
PA,Panama,surname,22,Caballero,caballero-sn,M;F,6748
PA,Panama,surname,23,Cedeño,cedeno-sn,F;M,6722
PA,Panama,surname,24,Vega,vega-sn,M;F,6362
PA,Panama,surname,25,Ramos,ramos-sn,M;F,6241
PA,Panama,surname,26,Santos,santos-sn,F;M,6055
PA,Panama,surname,27,Torres,torres-sn,F;M,6031
PA,Panama,surname,28,Flores,flores-sn,F;M,5807
PA,Panama,surname,29,Rios,rios-sn,M;F,5770
PA,Panama,surname,30,Arauz,arauz-sn,,5654
PA,Panama,surname,31,Gonzales,gonzales-sn,F;M,5607
PA,Panama,surname,32,Aguilar,aguilar-sn,M;F,5601
PA,Panama,surname,33,Vasquez,vasquez-sn,M;F,5482
PA,Panama,surname,34,Valdes,valdes-sn,M;F,5270
PA,Panama,surname,35,Ruiz,ruiz-sn,M;F,5265
PA,Panama,surname,36,Pineda,pineda-sn,M;F,5096
PA,Panama,surname,37,Reyes,reyes-sn,M;F,5069
PA,Panama,surname,38,Vargas,vargas-sn,M;F,5035
PA,Panama,surname,39,Muñoz,munoz-sn,F;M,4951
PA,Panama,surname,40,Espinosa,espinosa-sn,M;F,4681
PA,Panama,surname,41,Villarreal,villarreal-sn,F;M,4640
PA,Panama,surname,42,Vergara,vergara-sn,M;F,4611
PA,Panama,surname,43,Gutierrez,gutierrez-sn,M;F,4509
PA,Panama,surname,44,Nuñez,nunez-sn,M;F,4433
PA,Panama,surname,45,Ortiz,ortiz-sn,M;F,4431
PA,Panama,surname,46,Dominguez,dominguez-sn,M;F,4279
PA,Panama,surname,47,Montenegro,montenegro-sn,M;F,4233
PA,Panama,surname,48,Delgado,delgado-sn,F;M,4192
PA,Panama,surname,49,Cruz,cruz-sn,F;M,4184
PA,Panama,surname,50,De Leon,de-leon-sn,M;F,4182
PA,Panama,surname,51,Castro,castro-sn,M;F,4080
PA,Panama,surname,52,Acosta,acosta-sn,F;M,3987
PA,Panama,surname,53,Navarro,navarro-sn,F;M,3882
PA,Panama,surname,54,Palacio,palacio-sn,F;M,3761
PA,Panama,surname,55,Atencio,atencio-sn,M;F,3758
PA,Panama,surname,56,Barria,barria-sn,F;M,3700
PA,Panama,surname,57,Bonilla,bonilla-sn,M;F,3687
PA,Panama,surname,58,Serrano,serrano-sn,F;M,3583
PA,Panama,surname,59,Murillo,murillo-sn,M;F,3433
PA,Panama,surname,60,Pinto,pinto-sn,M;F,3410
PA,Panama,surname,61,Medina,medina-sn,M;F,3389
PA,Panama,surname,62,Solis,solis-sn,M;F,3333
PA,Panama,surname,63,Alvarado,alvarado-sn,M;F,3295
PA,Panama,surname,64,Fernandez,fernandez-sn,F;M,3265
PA,Panama,surname,65,De Gracia,de-gracia-sn,M;F,3210
PA,Panama,surname,66,Pimentel,pimentel-sn,F;M,3138
PA,Panama,surname,67,Avila,avila-sn,F;M,3100
PA,Panama,surname,68,Rojas,rojas-sn,M;F,3097
PA,Panama,surname,69,Romero,romero-sn,F;M,3063
PA,Panama,surname,70,Moran,moran-sn,M;F,3046
PA,Panama,surname,71,Alvarez,alvarez-sn,F;M,2981
PA,Panama,surname,72,Guevara,guevara-sn,M;F,2951
PA,Panama,surname,73,Smith,smith-sn,M;F,2931
PA,Panama,surname,74,Salazar,salazar-sn,M;F,2925
PA,Panama,surname,75,Santamaria,santamaria-sn,M;F,2843
PA,Panama,surname,76,Samaniego,samaniego-sn,M;F,2769
PA,Panama,surname,77,Barrios,barrios-sn,M;F,2738
PA,Panama,surname,78,Santo,santo-sn,F;M,2702
PA,Panama,surname,79,Cordoba,cordoba-sn,M;F,2684
PA,Panama,surname,80,Marin,marin-sn,M;F,2677
PA,Panama,surname,81,Rivas,rivas-sn,M;F,2660
PA,Panama,surname,82,Samudio,samudio-sn,M;F,2600
PA,Panama,surname,83,Sanjur,sanjur-sn,M;F,2592
PA,Panama,surname,84,Bernal,bernal-sn,M;F,2566
PA,Panama,surname,85,Soto,soto-sn,M;F,2558
PA,Panama,surname,86,Camarena,camarena-sn,M;F,2545
PA,Panama,surname,87,Ramirez,ramirez-sn,M;F,2543
PA,Panama,surname,88,Jaen,jaen-sn,M;F,2535
PA,Panama,surname,89,Chavez,chavez-sn,M;F,2504
PA,Panama,surname,90,Madrid,madrid-sn,M;F,2489
PA,Panama,surname,91,Aparicio,aparicio-sn,M;F,2455
PA,Panama,surname,92,Mojica,mojica-sn,M;F,2445
PA,Panama,surname,93,Fuentes,fuentes-sn,M;F,2424
PA,Panama,surname,94,Saldaña,saldana-sn,,2400
PA,Panama,surname,95,Campos,campos-sn,M;F,2357
PA,Panama,surname,96,Jaramillo,jaramillo-sn,M;F,2348
PA,Panama,surname,97,Franco,franco-sn,M;F,2305
PA,Panama,surname,98,Mendez,mendez-sn,F;M,2302
PA,Panama,surname,99,Montero,montero-sn,M;F,2290
PA,Panama,surname,100,Arias,arias-sn,M;F,2250
PE,Peru,forename,1,Jose,jose-fn,M;F,85118
PE,Peru,forename,2,Luis,luis-fn,M;F,83437
PE,Peru,forename,3,Carlos,carlos-fn,M;F,78562
PE,Peru,forename,4,Juan,juan-fn,M,67644
PE,Peru,forename,5,Jorge,jorge-fn,M,47480
PE,Peru,forename,6,Cesar,cesar-fn,M,40211
PE,Peru,forename,7,Rosa,rosa-fn,F,37721
PE,Peru,forename,8,Miguel,miguel-fn,M,35900
PE,Peru,forename,9,Victor,victor-fn,M,34660
PE,Peru,forename,10,Jesus,jesus-fn,M,31034
PE,Peru,forename,11,Manuel,manuel-fn,M,30804
PE,Peru,forename,12,Carmen,carmen-fn,F,30662
PE,Peru,forename,13,David,david-fn,M;F,29904
PE,Peru,forename,14,Julio,julio-fn,M,28492
PE,Peru,forename,15,Daniel,daniel-fn,M;F,27748
PE,Peru,forename,16,Alex,alex-fn,M;F,26509
PE,Peru,forename,17,Javier,javier-fn,M,26503
PE,Peru,forename,18,Pedro,pedro-fn,M,24960
PE,Peru,forename,19,Fernando,fernando-fn,M,23933
PE,Peru,forename,20,Angel,angel-fn,F;M,23378
PE,Peru,forename,21,Raul,raul-fn,M,23084
PE,Peru,forename,22,Elizabeth,elizabeth-fn,F,22838
PE,Peru,forename,23,Juan Carlos,juan-carlos-fn,M,22681
PE,Peru,forename,24,Ana,ana-fn,F;M,22078
PE,Peru,forename,25,Diego,diego-fn,M,21703
PE,Peru,forename,26,Oscar,oscar-fn,M,20612
PE,Peru,forename,27,Milagros,milagros-fn,F,20525
PE,Peru,forename,28,Walter,walter-fn,M,20429
PE,Peru,forename,29,Jose Luis,jose-luis-fn,M,20153
PE,Peru,forename,30,Eduardo,eduardo-fn,M,20147
PE,Peru,forename,31,Ricardo,ricardo-fn,M,19436
PE,Peru,forename,32,Jhon,jhon-fn,M,18867
PE,Peru,forename,33,Edwin,edwin-fn,M,18477
PE,Peru,forename,34,Alejandro,alejandro-fn,M,18457
PE,Peru,forename,35,Mary,mary-fn,F,18093
PE,Peru,forename,36,Luz,luz-fn,F,18068
PE,Peru,forename,37,Diana,diana-fn,F,17456
PE,Peru,forename,38,Edgar,edgar-fn,M,17060
PE,Peru,forename,39,Mario,mario-fn,M,17008
PE,Peru,forename,40,Jaime,jaime-fn,M,16771
PE,Peru,forename,41,Isabel,isabel-fn,F,16632
PE,Peru,forename,42,Roberto,roberto-fn,M,16336
PE,Peru,forename,43,Antonio,antonio-fn,M;F,16299
PE,Peru,forename,44,Marco,marco-fn,M;F,15778
PE,Peru,forename,45,Alexander,alexander-fn,M,15724
PE,Peru,forename,46,Flor,flor-fn,F,15309
PE,Peru,forename,47,Alberto,alberto-fn,M,15273
PE,Peru,forename,48,Nancy,nancy-fn,F,15170
PE,Peru,forename,49,Sonia,sonia-fn,F,14378
PE,Peru,forename,50,Andrea,andrea-fn,F;M,14279
PE,Peru,forename,51,Rocio,rocio-fn,F,14255
PE,Peru,forename,52,Percy,percy-fn,M,14041
PE,Peru,forename,53,Richard,richard-fn,M,13919
PE,Peru,forename,54,Alfredo,alfredo-fn,M,13876
PE,Peru,forename,55,Hugo,hugo-fn,M,13657
PE,Peru,forename,56,Patricia,patricia-fn,F,13647
PE,Peru,forename,57,Karina,karina-fn,F,13576
PE,Peru,forename,58,Wilder,wilder-fn,M,13494
PE,Peru,forename,59,Cristian,cristian-fn,M,13407
PE,Peru,forename,60,Andres,andres-fn,M;F,13363
PE,Peru,forename,61,Martin,martin-fn,M,13332
PE,Peru,forename,62,Gladys,gladys-fn,F,13083
PE,Peru,forename,63,Ruben,ruben-fn,M,12995
PE,Peru,forename,64,Maribel,maribel-fn,F,12699
PE,Peru,forename,65,Hector,hector-fn,M,12691
PE,Peru,forename,66,Francisco,francisco-fn,M,12661
PE,Peru,forename,67,Sandra,sandra-fn,F,12635
PE,Peru,forename,68,Ronald,ronald-fn,M,12529
PE,Peru,forename,69,Enrique,enrique-fn,M,12455
PE,Peru,forename,70,Juana,juana-fn,F,12447
PE,Peru,forename,71,Silvia,silvia-fn,F,12435
PE,Peru,forename,72,Kevin,kevin-fn,M,12377
PE,Peru,forename,73,Joel,joel-fn,M,12370
PE,Peru,forename,74,Roxana,roxana-fn,F,12368
PE,Peru,forename,75,Bryan,bryan-fn,M,12330
PE,Peru,forename,76,Claudia,claudia-fn,F,12319
PE,Peru,forename,77,Sebastian,sebastian-fn,M,12239
PE,Peru,forename,78,Miguel Angel,miguel-angel-fn,M,12229
PE,Peru,forename,79,Luis Alberto,luis-alberto-fn,M,12098
PE,Peru,forename,80,Fredy,fredy-fn,M,11944
PE,Peru,forename,81,Rosario,rosario-fn,F;M,11932
PE,Peru,forename,82,Gloria,gloria-fn,F,11904
PE,Peru,forename,83,Jorge Luis,jorge-luis-fn,M,11848
PE,Peru,forename,84,Pablo,pablo-fn,M,11784
PE,Peru,forename,85,Julia,julia-fn,F,11431
PE,Peru,forename,86,Ruth,ruth-fn,F,11136
PE,Peru,forename,87,Martha,martha-fn,F,11085
PE,Peru,forename,88,Rafael,rafael-fn,M,11043
PE,Peru,forename,89,Henry,henry-fn,M,11013
PE,Peru,forename,90,Liliana,liliana-fn,F,10909
PE,Peru,forename,91,Veronica,veronica-fn,F,10907
PE,Peru,forename,92,Elmer,elmer-fn,M,10703
PE,Peru,forename,93,Christian,christian-fn,M;F,10696
PE,Peru,forename,94,Monica,monica-fn,F,10565
PE,Peru,forename,95,Segundo,segundo-fn,M,10548
PE,Peru,forename,96,Jessica,jessica-fn,F,10517
PE,Peru,forename,97,Elena,elena-fn,F;M,10433
PE,Peru,forename,98,Maritza,maritza-fn,F,10385
PE,Peru,forename,99,Frank,frank-fn,M,10358
PE,Peru,forename,100,Edith,edith-fn,F,10331
PE,Peru,surname,1,Quispe,quispe-sn,M;F,38138
PE,Peru,surname,2,Flores,flores-sn,F;M,36433
PE,Peru,surname,3,Rodriguez,rodriguez-sn,F;M,35305
PE,Peru,surname,4,Garcia,garcia-sn,M;F,30852
PE,Peru,surname,5,Lopez,lopez-sn,F;M,28355
PE,Peru,surname,6,Rojas,rojas-sn,M;F,27738
PE,Peru,surname,7,Perez,perez-sn,F;M,26528
PE,Peru,surname,8,Torres,torres-sn,F;M,26110
PE,Peru,surname,9,Mendoza,mendoza-sn,F;M,24039
PE,Peru,surname,10,Ramos,ramos-sn,M;F,23578
PE,Peru,surname,11,Ramirez,ramirez-sn,M;F,23068
PE,Peru,surname,12,Vasquez,vasquez-sn,M;F,22124
PE,Peru,surname,13,Diaz,diaz-sn,F;M,21918
PE,Peru,surname,14,Gonzales,gonzales-sn,F;M,21863
PE,Peru,surname,15,Durand,durand-sn,M;F,21058
PE,Peru,surname,16,Castillo,castillo-sn,F;M,20180
PE,Peru,surname,17,Chavez,chavez-sn,M;F,19750
PE,Peru,surname,18,Fernandez,fernandez-sn,F;M,19125
PE,Peru,surname,19,Mamani,mamani-sn,M;F,18116
PE,Peru,surname,20,Espinoza,espinoza-sn,M;F,17864
PE,Peru,surname,21,Gutierrez,gutierrez-sn,M;F,17796
PE,Peru,surname,22,Vargas,vargas-sn,M;F,17571
PE,Peru,surname,23,Huaman,huaman-sn,M;F,16678
PE,Peru,surname,24,Romero,romero-sn,F;M,13920
PE,Peru,surname,25,Gomez,gomez-sn,F;M,13879
PE,Peru,surname,26,Martinez,martinez-sn,F;M,13504
PE,Peru,surname,27,Ruiz,ruiz-sn,M;F,13429
PE,Peru,surname,28,Castro,castro-sn,M;F,13320
PE,Peru,surname,29,Cruz,cruz-sn,F;M,13318
PE,Peru,surname,30,De La Cruz,de-la-cruz-sn,M;F,12900
PE,Peru,surname,31,Paredes,paredes-sn,M;F,12257
PE,Peru,surname,32,Salazar,salazar-sn,M;F,12067
PE,Peru,surname,33,Rivera,rivera-sn,M;F,11667
PE,Peru,surname,34,Medina,medina-sn,M;F,11650
PE,Peru,surname,35,Reyes,reyes-sn,M;F,11553
PE,Peru,surname,36,Morales,morales-sn,M;F,11082
PE,Peru,surname,37,Aguilar,aguilar-sn,M;F,10734
PE,Peru,surname,38,Silva,silva-sn,M;F,10498
PE,Peru,surname,39,Leon,leon-sn,M;F,10485
PE,Peru,surname,40,Palomino,palomino-sn,M;F,10471
PE,Peru,surname,41,Alvarez,alvarez-sn,F;M,9810
PE,Peru,surname,42,Herrera,herrera-sn,F;M,9730
PE,Peru,surname,43,Cordova,cordova-sn,F;M,9361
PE,Peru,surname,44,Campos,campos-sn,M;F,9065
PE,Peru,surname,45,Condori,condori-sn,M;F,9051
PE,Peru,surname,46,Vega,vega-sn,M;F,8787
PE,Peru,surname,47,Delgado,delgado-sn,F;M,8593
PE,Peru,surname,48,Villanueva,villanueva-sn,M;F,8447
PE,Peru,surname,49,Rios,rios-sn,M;F,8333
PE,Peru,surname,50,Cardenas,cardenas-sn,M;F,8316
PE,Peru,surname,51,Alvarado,alvarado-sn,M;F,7989
PE,Peru,surname,52,Huamani,huamani-sn,M;F,7865
PE,Peru,surname,53,Soto,soto-sn,M;F,7801
PE,Peru,surname,54,Peña,pena-sn,M;F,7706
PE,Peru,surname,55,Velasquez,velasquez-sn,M;F,7485
PE,Peru,surname,56,Calderon,calderon-sn,M;F,7390
PE,Peru,surname,57,Salas,salas-sn,M;F,7312
PE,Peru,surname,58,Guevara,guevara-sn,M;F,7283
PE,Peru,surname,59,Ortiz,ortiz-sn,M;F,7249
PE,Peru,surname,60,Muñoz,munoz-sn,F;M,7084
PE,Peru,surname,61,Guerrero,guerrero-sn,M;F,7042
PE,Peru,surname,62,Palacios,palacios-sn,M;F,7027
PE,Peru,surname,63,Apaza,apaza-sn,M;F,6936
PE,Peru,surname,64,Sandoval,sandoval-sn,F;M,6820
PE,Peru,surname,65,Contreras,contreras-sn,F;M,6752
PE,Peru,surname,66,Miranda,miranda-sn,F;M,6742
PE,Peru,surname,67,Jimenez,jimenez-sn,F;M,6640
PE,Peru,surname,68,Hernandez,hernandez-sn,M;F,6562
PE,Peru,surname,69,Saavedra,saavedra-sn,M;F,6556
PE,Peru,surname,70,Navarro,navarro-sn,F;M,6484
PE,Peru,surname,71,Choque,choque-sn,M;F,6270
PE,Peru,surname,72,Nuñez,nunez-sn,M;F,6134
PE,Peru,surname,73,Cabrera,cabrera-sn,F;M,6035
PE,Peru,surname,74,Moreno,moreno-sn,F;M,5987
PE,Peru,surname,75,Zapata,zapata-sn,F;M,5693
PE,Peru,surname,76,Vera,vera-sn,F;M,5498
PE,Peru,surname,77,Meza,meza-sn,M;F,5478
PE,Peru,surname,78,Vilca,vilca-sn,M;F,5459
PE,Peru,surname,79,Suarez,suarez-sn,F;M,5418
PE,Peru,surname,80,Carrasco,carrasco-sn,M;F,5385
PE,Peru,surname,81,Santos,santos-sn,F;M,5292
PE,Peru,surname,82,Valencia,valencia-sn,M;F,5265
PE,Peru,surname,83,Aguirre,aguirre-sn,M;F,5126
PE,Peru,surname,84,Arias,arias-sn,M;F,5093
PE,Peru,surname,85,Ch,ch-sn,M;F,5014
PE,Peru,surname,86,Luna,luna-sn,F;M,4934
PE,Peru,surname,87,Pacheco,pacheco-sn,M;F,4916
PE,Peru,surname,88,Caceres,caceres-sn,M;F,4762
PE,Peru,surname,89,Rosales,rosales-sn,F;M,4723
PE,Peru,surname,90,Valdivia,valdivia-sn,,4680
PE,Peru,surname,91,Guerra,guerra-sn,M;F,4621
PE,Peru,surname,92,Quiroz,quiroz-sn,M;F,4507
PE,Peru,surname,93,Tello,tello-sn,M;F,4503
PE,Peru,surname,94,Lozano,lozano-sn,M;F,4494
PE,Peru,surname,95,Bravo,bravo-sn,M;F,4489
PE,Peru,surname,96,Mejia,mejia-sn,M;F,4479
PE,Peru,surname,97,Bustamante,bustamante-sn,M;F,4433
PE,Peru,surname,98,Guzman,guzman-sn,F;M,4347
PE,Peru,surname,99,Ayala,ayala-sn,M;F,4292
PE,Peru,surname,100,Acosta,acosta-sn,F;M,4264
PH,Philippines,forename,1,Rosalinda,rosalinda-fn,F,6364
PH,Philippines,forename,2,Mark,mark-fn,M,3085
PH,Philippines,forename,3,John,john-fn,M,3034
PH,Philippines,forename,4,Reyna,reyna-fn,F,3000
PH,Philippines,forename,5,Michael,michael-fn,M,2410
PH,Philippines,forename,6,James,james-fn,M,2180
PH,Philippines,forename,7,Grace,grace-fn,F,1669
PH,Philippines,forename,8,Rose,rose-fn,F,1599
PH,Philippines,forename,9,Michelle,michelle-fn,F,1479
PH,Philippines,forename,10,Jay,jay-fn,M;F,1462
PH,Philippines,forename,11,Joseph,joseph-fn,M;F,1440
PH,Philippines,forename,12,Christian,christian-fn,M;F,1433
PH,Philippines,forename,13,Richard,richard-fn,M,1419
PH,Philippines,forename,14,Joy,joy-fn,M;F,1383
PH,Philippines,forename,15,Ryan,ryan-fn,M;F,1371
PH,Philippines,forename,16,Angel,angel-fn,F;M,1370
PH,Philippines,forename,17,Jane,jane-fn,F,1350
PH,Philippines,forename,18,Joel,joel-fn,M,1318
PH,Philippines,forename,19,Princess,princess-fn,F;M,1233
PH,Philippines,forename,20,Anne,anne-fn,F;M,1188
PH,Philippines,forename,21,Jennifer,jennifer-fn,F,1130
PH,Philippines,forename,22,Jun,jun-fn,M,1099
PH,Philippines,forename,23,Jenny,jenny-fn,F,1093
PH,Philippines,forename,24,Ronald,ronald-fn,M,1069
PH,Philippines,forename,25,Lyn,lyn-fn,F,1039
PH,Philippines,forename,26,Jocelyn,jocelyn-fn,F;M,1024
PH,Philippines,forename,27,Jonathan,jonathan-fn,M,1017
PH,Philippines,forename,28,Alvin,alvin-fn,M,1009
PH,Philippines,forename,29,Elena,elena-fn,F;M,365
PH,Philippines,forename,30,Elaine,elaine-fn,F;M,327
PH,Philippines,forename,31,Rina,rina-fn,F;M,222
PH,Philippines,forename,32,Ash,ash-fn,F;M,189
PH,Philippines,forename,33,Harvey,harvey-fn,F;M,167
PH,Philippines,forename,34,Boy,boy-fn,M,148
PH,Philippines,forename,35,Stella,stella-fn,F;M,142
PH,Philippines,forename,36,Shan,shan-fn,F;M,137
PH,Philippines,forename,37,Letty,letty-fn,F;M,131
PH,Philippines,forename,38,Eleanor,eleanor-fn,F,125
PH,Philippines,forename,39,Trish,trish-fn,F;M,115
PH,Philippines,forename,40,Carolina,carolina-fn,F;M,114
PH,Philippines,forename,41,Mikel,mikel-fn,M,74
PH,Philippines,forename,42,Paz,paz-fn,F;M,68
PH,Philippines,forename,43,Aina,aina-fn,F;M,64
PH,Philippines,forename,44,Jef,jef-fn,F;M,53
PH,Philippines,forename,45,Mart,mart-fn,M,49
PH,Philippines,forename,46,Maki,maki-fn,F;M,46
PH,Philippines,forename,47,Sidney,sidney-fn,F;M,40
PH,Philippines,forename,48,Sofie,sofie-fn,F;M,40
PH,Philippines,forename,49,Ange,ange-fn,F;M,35
PH,Philippines,forename,50,Krista,krista-fn,F;M,35
PH,Philippines,forename,51,Rudolf,rudolf-fn,M,26
PH,Philippines,forename,52,Clinton,clinton-fn,M,25
PH,Philippines,forename,53,Emmy,emmy-fn,F;M,23
PH,Philippines,forename,54,Hilario,hilario-fn,M,22
PH,Philippines,forename,55,Nery,nery-fn,F;M,16
PH,Philippines,forename,56,Zainab,zainab-fn,F;M,14
PH,Philippines,forename,57,Inez,inez-fn,F;M,13
PH,Philippines,forename,58,Rosella,rosella-fn,F;M,13
PH,Philippines,forename,59,Vidal,vidal-fn,F;M,12
PH,Philippines,forename,60,Ham,ham-fn,F;M,11
PH,Philippines,forename,61,Jeanine,jeanine-fn,F;M,11
PH,Philippines,forename,62,Rhys,rhys-fn,F;M,11
PH,Philippines,forename,63,Sumit,sumit-fn,F;M,11
PH,Philippines,forename,64,Ct,ct-fn,F;M,10
PH,Philippines,forename,65,Hellen,hellen-fn,F,10
PH,Philippines,forename,66,Mohit,mohit-fn,M,10
PH,Philippines,forename,67,Remon,remon-fn,F;M,10
PH,Philippines,forename,68,Heidy,heidy-fn,F;M,9
PH,Philippines,forename,69,Patti,patti-fn,F;M,9
PH,Philippines,forename,70,Leroy,leroy-fn,F;M,8
PH,Philippines,forename,71,Seema,seema-fn,F;M,8
PH,Philippines,forename,72,Chika,chika-fn,F;M,7
PH,Philippines,forename,73,Leandra,leandra-fn,F;M,7
PH,Philippines,forename,74,Loly,loly-fn,F;M,7
PH,Philippines,forename,75,Matheo,matheo-fn,M,7
PH,Philippines,forename,76,Sina,sina-fn,F;M,7
PH,Philippines,forename,77,Debby,debby-fn,F;M,5
PH,Philippines,forename,78,Eze,eze-fn,F;M,5
PH,Philippines,forename,79,Haifa,haifa-fn,F;M,5
PH,Philippines,forename,80,Vikram,vikram-fn,F;M,5
PH,Philippines,forename,81,Dil,dil-fn,F;M,4
PH,Philippines,forename,82,Emeline,emeline-fn,F;M,4
PH,Philippines,forename,83,Faridah,faridah-fn,F;M,4
PH,Philippines,forename,84,Kishor,kishor-fn,F;M,4
PH,Philippines,forename,85,Marin,marin-fn,F;M,4
PH,Philippines,forename,86,Neva,neva-fn,F;M,4
PH,Philippines,forename,87,Shreya,shreya-fn,F;M,4
PH,Philippines,forename,88,Annemarie,annemarie-fn,F;M,3
PH,Philippines,forename,89,Eyal,eyal-fn,F;M,3
PH,Philippines,forename,90,Ibra,ibra-fn,M,3
PH,Philippines,forename,91,Ruan,ruan-fn,F;M,3
PH,Philippines,forename,92,Wail,wail-fn,F;M,3
PH,Philippines,forename,93,Xuan,xuan-fn,F;M,3
PH,Philippines,forename,94,Biba,biba-fn,F;M,2
PH,Philippines,forename,95,Ghassan,ghassan-fn,F;M,2
PH,Philippines,forename,96,Hiba,hiba-fn,F;M,2
PH,Philippines,forename,97,Marcio,marcio-fn,F;M,2
PH,Philippines,forename,98,Nils,nils-fn,F;M,2
PH,Philippines,forename,99,Pier,pier-fn,F;M,2
PH,Philippines,forename,100,Saja,saja-fn,F,2
PH,Philippines,surname,1,Asuncion,asuncion-sn,F;M,7590
PH,Philippines,surname,2,Isidro,isidro-sn,F;M,7590
PH,Philippines,surname,3,Cruz,cruz-sn,F;M,4571
PH,Philippines,surname,4,Reyes,reyes-sn,M;F,4538
PH,Philippines,surname,5,Santos,santos-sn,F;M,4485
PH,Philippines,surname,6,Garcia,garcia-sn,M;F,4074
PH,Philippines,surname,7,Mendoza,mendoza-sn,F;M,3427
PH,Philippines,surname,8,Tan,tan-sn,F;M,3129
PH,Philippines,surname,9,Ramos,ramos-sn,M;F,2846
PH,Philippines,surname,10,Lopez,lopez-sn,F;M,2528
PH,Philippines,surname,11,Lee,lee-sn,M;F,2522
PH,Philippines,surname,12,Gonzales,gonzales-sn,F;M,2451
PH,Philippines,surname,13,Bautista,bautista-sn,M;F,2397
PH,Philippines,surname,14,Lim,lim-sn,M;F,2373
PH,Philippines,surname,15,Toledo,toledo-sn,M;F,1682
PH,Philippines,surname,16,Valenzuela,valenzuela-sn,M;F,1682
PH,Philippines,surname,17,Rosario,rosario-sn,,1500
PH,Philippines,surname,18,Almanza,almanza-sn,,1264
PH,Philippines,surname,19,Fernandez,fernandez-sn,F;M,1245
PH,Philippines,surname,20,Flores,flores-sn,F;M,1199
PH,Philippines,surname,21,Villanueva,villanueva-sn,M;F,1061
PH,Philippines,surname,22,Perez,perez-sn,F;M,1045
PH,Philippines,surname,23,Angeles,angeles-sn,F;M,750
PH,Philippines,surname,24,Manzano,manzano-sn,F;M,340
PH,Philippines,surname,25,Espino,espino-sn,F;M,202
PH,Philippines,surname,26,Angelo,angelo-sn,,164
PH,Philippines,surname,27,Belen,belen-sn,F;M,164
PH,Philippines,surname,28,Ma,ma-sn,F;M,141
PH,Philippines,surname,29,Torre,torre-sn,F;M,101
PH,Philippines,surname,30,Hassan,hassan-sn,F;M,94
PH,Philippines,surname,31,Dejesus,dejesus-sn,F;M,79
PH,Philippines,surname,32,Rain,rain-sn,,70
PH,Philippines,surname,33,Zara,zara-sn,F;M,61
PH,Philippines,surname,34,Viola,viola-sn,M;F,59
PH,Philippines,surname,35,Le,le-sn,F;M,51
PH,Philippines,surname,36,Enrique,enrique-sn,F;M,41
PH,Philippines,surname,37,Zheng,zheng-sn,F;M,41
PH,Philippines,surname,38,Jurado,jurado-sn,F;M,39
PH,Philippines,surname,39,Zhao,zhao-sn,F;M,38
PH,Philippines,surname,40,Valero,valero-sn,F;M,33
PH,Philippines,surname,41,Seven,seven-sn,F;M,32
PH,Philippines,surname,42,Bruce,bruce-sn,F;M,31
PH,Philippines,surname,43,Tyler,tyler-sn,,30
PH,Philippines,surname,44,Castellano,castellano-sn,,25
PH,Philippines,surname,45,Power,power-sn,,25
PH,Philippines,surname,46,Mancilla,mancilla-sn,F;M,24
PH,Philippines,surname,47,Amen,amen-sn,F;M,23
PH,Philippines,surname,48,Hale,hale-sn,,22
PH,Philippines,surname,49,Moro,moro-sn,F;M,22
PH,Philippines,surname,50,Raymond,raymond-sn,F;M,21
PH,Philippines,surname,51,Dev,dev-sn,F;M,20
PH,Philippines,surname,52,Ayesha,ayesha-sn,F;M,18
PH,Philippines,surname,53,Duma,duma-sn,F;M,18
PH,Philippines,surname,54,Crespo,crespo-sn,F;M,17
PH,Philippines,surname,55,Dia,dia-sn,,17
PH,Philippines,surname,56,Poh,poh-sn,F;M,15
PH,Philippines,surname,57,Rm,rm-sn,F;M,15
PH,Philippines,surname,58,Erazo,erazo-sn,F;M,14
PH,Philippines,surname,59,Parra,parra-sn,F;M,14
PH,Philippines,surname,60,Jana,jana-sn,F;M,13
PH,Philippines,surname,61,Mariam,mariam-sn,F;M,11
PH,Philippines,surname,62,Caroline,caroline-sn,,9
PH,Philippines,surname,63,Santo,santo-sn,F;M,9
PH,Philippines,surname,64,Fall,fall-sn,,8
PH,Philippines,surname,65,Kwong,kwong-sn,F;M,8
PH,Philippines,surname,66,Matta,matta-sn,F;M,8
PH,Philippines,surname,67,Greene,greene-sn,F;M,7
PH,Philippines,surname,68,Nichols,nichols-sn,F;M,7
PH,Philippines,surname,69,Schmid,schmid-sn,F;M,7
PH,Philippines,surname,70,Dağlı,dagli-sn,,6
PH,Philippines,surname,71,Leblanc,leblanc-sn,F;M,6
PH,Philippines,surname,72,Shukla,shukla-sn,M;F,6
PH,Philippines,surname,73,Tirado,tirado-sn,F;M,6
PH,Philippines,surname,74,Groß,gross-sn,,5
PH,Philippines,surname,75,Horton,horton-sn,F;M,4
PH,Philippines,surname,76,Popa,popa-sn,F;M,4
PH,Philippines,surname,77,Stephenson,stephenson-sn,F;M,4
PH,Philippines,surname,78,Cheah,cheah-sn,,3
PH,Philippines,surname,79,Dela Cruz,dela-cruz-sn,,3
PH,Philippines,surname,80,Glover,glover-sn,F;M,3
PH,Philippines,surname,81,Maurer,maurer-sn,F;M,3
PH,Philippines,surname,82,Osullivan,osullivan-sn,F;M,3
PH,Philippines,surname,83,Viera,viera-sn,,3
PH,Philippines,surname,84,Waqas,waqas-sn,,3
PH,Philippines,surname,85,Abba,abba-sn,F;M,2
PH,Philippines,surname,86,Ayman,ayman-sn,F;M,2
PH,Philippines,surname,87,Baxter,baxter-sn,F;M,2
PH,Philippines,surname,88,Bowen,bowen-sn,F;M,2
PH,Philippines,surname,89,Chandler,chandler-sn,F;M,2
PH,Philippines,surname,90,Chevalier,chevalier-sn,F;M,2
PH,Philippines,surname,91,Damato,damato-sn,F;M,2
PH,Philippines,surname,92,Didi,didi-sn,F;M,2
PH,Philippines,surname,93,Faria,faria-sn,,2
PH,Philippines,surname,94,Garner,garner-sn,,2
PH,Philippines,surname,95,Kar,kar-sn,F;M,2
PH,Philippines,surname,96,Loi,loi-sn,F;M,2
PH,Philippines,surname,97,Maheshwari,maheshwari-sn,F;M,2
PH,Philippines,surname,98,Morton,morton-sn,F;M,2
PH,Philippines,surname,99,Persson,persson-sn,,2
PH,Philippines,surname,100,Rathore,rathore-sn,F;M,2
PK,,forename,1,Fatima,fatima-fn,F,13500
PK,,forename,2,Ishaq,ishaq-fn,M,4561
PK,,forename,3,Akram,akram-fn,M,4554
PK,,forename,4,Faiz,faiz-fn,M,4554
PK,,forename,5,Ayaz,ayaz-fn,M,2000
PK,,forename,6,Muneer,muneer-fn,M,1500
PK,,forename,7,Yaseen,yaseen-fn,M,800
PK,,surname,1,Akhtar,akhtar-sn,F;M,9108
PK,,surname,2,Deen,deen-sn,,8940
PK,,surname,3,Ayaz,ayaz-sn,F;M,3036
PL,Poland,forename,1,Anna,anna-fn,F;M,64301
PL,Poland,forename,2,Agnieszka,agnieszka-fn,F,49609
PL,Poland,forename,3,Piotr,piotr-fn,M,46943
PL,Poland,forename,4,Marcin,marcin-fn,M,42941
PL,Poland,forename,5,Pawel,pawel-fn,M,42320
PL,Poland,forename,6,Michal,michal-fn,M;F,40750
PL,Poland,forename,7,Krzysztof,krzysztof-fn,F;M,39360
PL,Poland,forename,8,Katarzyna,katarzyna-fn,F,39050
PL,Poland,forename,9,Monika,monika-fn,F,36864
PL,Poland,forename,10,Ewa,ewa-fn,F,36781
PL,Poland,forename,11,Malgorzata,malgorzata-fn,F,36048
PL,Poland,forename,12,Tomasz,tomasz-fn,M,36021
PL,Poland,forename,13,Lukasz,lukasz-fn,M,35882
PL,Poland,forename,14,Joanna,joanna-fn,F,31749
PL,Poland,forename,15,Magdalena,magdalena-fn,F,31699
PL,Poland,forename,16,Mateusz,mateusz-fn,M,30534
PL,Poland,forename,17,Andrzej,andrzej-fn,M,29095
PL,Poland,forename,18,Marta,marta-fn,F,27787
PL,Poland,forename,19,Karolina,karolina-fn,F,27394
PL,Poland,forename,20,Marek,marek-fn,M,26436
PL,Poland,forename,21,Grzegorz,grzegorz-fn,M,25052
PL,Poland,forename,22,Adam,adam-fn,M,24724
PL,Poland,forename,23,Beata,beata-fn,F;M,24677
PL,Poland,forename,24,Barbara,barbara-fn,F,22496
PL,Poland,forename,25,Rafal,rafal-fn,M,22479
PL,Poland,forename,26,Mariusz,mariusz-fn,M,22368
PL,Poland,forename,27,Aleksandra,aleksandra-fn,F,22030
PL,Poland,forename,28,Justyna,justyna-fn,F,20875
PL,Poland,forename,29,Dorota,dorota-fn,F,20562
PL,Poland,forename,30,Paulina,paulina-fn,F,20549
PL,Poland,forename,31,Kamal,kamal-fn,M;F,20428
PL,Poland,forename,32,Kamil,kamil-fn,M,20428
PL,Poland,forename,33,Natalia,natalia-fn,F,20407
PL,Poland,forename,34,Robert,robert-fn,M,19411
PL,Poland,forename,35,Iwona,iwona-fn,F,19135
PL,Poland,forename,36,Ania,ania-fn,F,18566
PL,Poland,forename,37,Elżbieta,elzbieta-fn,F,18148
PL,Poland,forename,38,Kasia,kasia-fn,F,18120
PL,Poland,forename,39,Dawid,dawid-fn,M,17169
PL,Poland,forename,40,Jacek,jacek-fn,M,16960
PL,Poland,forename,41,Sylwia,sylwia-fn,F,16603
PL,Poland,forename,42,Agata,agata-fn,F,15999
PL,Poland,forename,43,Maciej,maciej-fn,M,15867
PL,Poland,forename,44,Damian,damian-fn,M,15339
PL,Poland,forename,45,Krystyna,krystyna-fn,F,14795
PL,Poland,forename,46,Artur,artur-fn,M,14394
PL,Poland,forename,47,Dariusz,dariusz-fn,M,14256
PL,Poland,forename,48,Jan,jan-fn,M;F,13825
PL,Poland,forename,49,Grażyna,grazyna-fn,F,13748
PL,Poland,forename,50,Jakub,jakub-fn,M,13743
PL,Poland,forename,51,Patrycja,patrycja-fn,F,13743
PL,Poland,forename,52,Sebastian,sebastian-fn,M,13724
PL,Poland,forename,53,Danuta,danuta-fn,F,13547
PL,Poland,forename,54,Dominika,dominika-fn,F,13514
PL,Poland,forename,55,Milena,milena-fn,F,13482
PL,Poland,forename,56,Ewelina,ewelina-fn,F,13470
PL,Poland,forename,57,Aneta,aneta-fn,F,13297
PL,Poland,forename,58,Jolanta,jolanta-fn,F,13174
PL,Poland,forename,59,Daniel,daniel-fn,M;F,13123
PL,Poland,forename,60,Patryk,patryk-fn,M,12912
PL,Poland,forename,61,Renata,renata-fn,F,12803
PL,Poland,forename,62,Teresa,teresa-fn,F,12667
PL,Poland,forename,63,Wojciech,wojciech-fn,M,12362
PL,Poland,forename,64,Bożena,bozena-fn,F,12265
PL,Poland,forename,65,Magda,magda-fn,F,11667
PL,Poland,forename,66,Alicja,alicja-fn,F,11473
PL,Poland,forename,67,Karol,karol-fn,F;M,11077
PL,Poland,forename,68,Klaudia,klaudia-fn,F,11070
PL,Poland,forename,69,Marzena,marzena-fn,F,11060
PL,Poland,forename,70,Adrian,adrian-fn,M,10957
PL,Poland,forename,71,Szymon,szymon-fn,M,10724
PL,Poland,forename,72,Zbigniew,zbigniew-fn,M,10109
PL,Poland,forename,73,Tomek,tomek-fn,M,10037
PL,Poland,forename,74,Kamila,kamila-fn,F,9969
PL,Poland,forename,75,Janusz,janusz-fn,M,9955
PL,Poland,forename,76,Izabela,izabela-fn,F,9807
PL,Poland,forename,77,Bartek,bartek-fn,M,9581
PL,Poland,forename,78,Edyta,edyta-fn,F,9453
PL,Poland,forename,79,Halina,halina-fn,F,9399
PL,Poland,forename,80,Kuba,kuba-fn,M,9247
PL,Poland,forename,81,Julia,julia-fn,F,9115
PL,Poland,forename,82,Ola,ola-fn,F;M,9081
PL,Poland,forename,83,Bartosz,bartosz-fn,M,8940
PL,Poland,forename,84,Jerzy,jerzy-fn,M,8628
PL,Poland,forename,85,Martyna,martyna-fn,F,8594
PL,Poland,forename,86,Kinga,kinga-fn,F,8537
PL,Poland,forename,87,Weronika,weronika-fn,F,8479
PL,Poland,forename,88,Jarosław,jaroslaw-fn,M,8462
PL,Poland,forename,89,Kacper,kacper-fn,M,8223
PL,Poland,forename,90,Irena,irena-fn,F,8110
PL,Poland,forename,91,Urszula,urszula-fn,F,8066
PL,Poland,forename,92,Wojtek,wojtek-fn,M,7957
PL,Poland,forename,93,Dominik,dominik-fn,M,7796
PL,Poland,forename,94,Ryszard,ryszard-fn,M,7697
PL,Poland,forename,95,Krystian,krystian-fn,M,7477
PL,Poland,forename,96,Stanisław,stanislaw-fn,M,7425
PL,Poland,forename,97,Sławomir,slawomir-fn,M,7142
PL,Poland,forename,98,Wiktoria,wiktoria-fn,F,7018
PL,Poland,forename,99,Jadwiga,jadwiga-fn,F,6890
PL,Poland,forename,100,Arkadiusz,arkadiusz-fn,M,6889
PL,Poland,surname,1,Nowak,nowak-sn,M;F,17147
PL,Poland,surname,2,Krawczyk,krawczyk-sn,F;M,13494
PL,Poland,surname,3,Kowalski,kowalski-sn,M,7111
PL,Poland,surname,4,Kowalska,kowalska-sn,,6918
PL,Poland,surname,5,Kowalczyk,kowalczyk-sn,,5604
PL,Poland,surname,6,Wójcik,wojcik-sn,F;M,4761
PL,Poland,surname,7,Mazur,mazur-sn,F;M,4223
PL,Poland,surname,8,Woźniak,wozniak-sn,F;M,4107
PL,Poland,surname,9,Kaczmarek,kaczmarek-sn,F;M,3986
PL,Poland,surname,10,Wieczorek,wieczorek-sn,F;M,3105
PL,Poland,surname,11,Król,krol-sn,F;M,3009
PL,Poland,surname,12,Lewandowska,lewandowska-sn,F,2934
PL,Poland,surname,13,Zając,zajac-sn,F;M,2744
PL,Poland,surname,14,Sikora,sikora-sn,F;M,2714
PL,Poland,surname,15,Wiśniewska,wisniewska-sn,F,2694
PL,Poland,surname,16,Adamczyk,adamczyk-sn,F;M,2689
PL,Poland,surname,17,Dudek,dudek-sn,F;M,2639
PL,Poland,surname,18,Lewandowski,lewandowski-sn,M,2568
PL,Poland,surname,19,Wróbel,wrobel-sn,F;M,2559
PL,Poland,surname,20,Pawlak,pawlak-sn,F;M,2521
PL,Poland,surname,21,Walczak,walczak-sn,F;M,2521
PL,Poland,surname,22,Kamińska,kaminska-sn,F,2385
PL,Poland,surname,23,Wiśniewski,wisniewski-sn,M,2322
PL,Poland,surname,24,Michalak,michalak-sn,F;M,2312
PL,Poland,surname,25,Szewczyk,szewczyk-sn,F;M,2286
PL,Poland,surname,26,Wilk,wilk-sn,M;F,2263
PL,Poland,surname,27,Szymańska,szymanska-sn,F,2235
PL,Poland,surname,28,Baran,baran-sn,F;M,2223
PL,Poland,surname,29,Zielińska,zielinska-sn,F,2222
PL,Poland,surname,30,Stępień,stepien-sn,F;M,2211
PL,Poland,surname,31,Dąbrowska,dabrowska-sn,F,2198
PL,Poland,surname,32,Duda,duda-sn,F;M,2198
PL,Poland,surname,33,Marciniak,marciniak-sn,F;M,2192
PL,Poland,surname,34,Jankowska,jankowska-sn,F,2180
PL,Poland,surname,35,Kwiatkowska,kwiatkowska-sn,F,2176
PL,Poland,surname,36,Pietrzak,pietrzak-sn,F;M,2166
PL,Poland,surname,37,Lis,lis-sn,F;M,2163
PL,Poland,surname,38,Kamiński,kaminski-sn,M,2100
PL,Poland,surname,39,Wojciechowska,wojciechowska-sn,F,2048
PL,Poland,surname,40,Zieliński,zielinski-sn,M,2039
PL,Poland,surname,41,Jankowski,jankowski-sn,M,2012
PL,Poland,surname,42,Szymański,szymanski-sn,M,1910
PL,Poland,surname,43,Wojciechowski,wojciechowski-sn,M,1890
PL,Poland,surname,44,Dąbrowski,dabrowski-sn,M,1861
PL,Poland,surname,45,Ka,ka-sn,F;M,1857
PL,Poland,surname,46,Kwiatkowski,kwiatkowski-sn,M,1853
PL,Poland,surname,47,Kozłowska,kozlowska-sn,F,1842
PL,Poland,surname,48,Kozłowski,kozlowski-sn,M,1767
PL,Poland,surname,49,Piotrowska,piotrowska-sn,F,1762
PL,Poland,surname,50,Michalska,michalska-sn,F,1683
PL,Poland,surname,51,Piotrowski,piotrowski-sn,M,1664
PL,Poland,surname,52,Grabowska,grabowska-sn,F,1656
PL,Poland,surname,53,Nowakowska,nowakowska-sn,F,1619
PL,Poland,surname,54,Michalski,michalski-sn,M,1608
PL,Poland,surname,55,Nowicka,nowicka-sn,F,1508
PL,Poland,surname,56,Nowakowski,nowakowski-sn,M,1500
PL,Poland,surname,57,Majewska,majewska-sn,F,1499
PL,Poland,surname,58,Malinowska,malinowska-sn,F,1466
PL,Poland,surname,59,Grabowski,grabowski-sn,M,1465
PL,Poland,surname,60,Olszewska,olszewska-sn,F,1422
PL,Poland,surname,61,Nowicki,nowicki-sn,M,1402
PL,Poland,surname,62,Pawłowska,pawlowska-sn,F,1376
PL,Poland,surname,63,Ostrowska,ostrowska-sn,F,1363
PL,Poland,surname,64,Jaworska,jaworska-sn,F,1341
PL,Poland,surname,65,Jaworski,jaworski-sn,M,1329
PL,Poland,surname,66,Pawłowski,pawlowski-sn,M,1319
PL,Poland,surname,67,Witkowska,witkowska-sn,F,1313
PL,Poland,surname,68,Rutkowska,rutkowska-sn,F,1273
PL,Poland,surname,69,Majewski,majewski-sn,M,1257
PL,Poland,surname,70,Jabłońska,jablonska-sn,F,1254
PL,Poland,surname,71,Malinowski,malinowski-sn,M,1248
PL,Poland,surname,72,Górska,gorska-sn,F,1236
PL,Poland,surname,73,Olszewski,olszewski-sn,M,1228
PL,Poland,surname,74,Witkowski,witkowski-sn,M,1198
PL,Poland,surname,75,Tomaszewska,tomaszewska-sn,F,1195
PL,Poland,surname,76,Jakubowska,jakubowska-sn,F,1149
PL,Poland,surname,77,Tomaszewski,tomaszewski-sn,M,1144
PL,Poland,surname,78,Zawadzka,zawadzka-sn,F,1135
PL,Poland,surname,79,Jabłoński,jablonski-sn,M,1118
PL,Poland,surname,80,Rutkowski,rutkowski-sn,M,1109
PL,Poland,surname,81,Ostrowski,ostrowski-sn,M,1099
PL,Poland,surname,82,Anna,anna-sn,F,1088
PL,Poland,surname,83,Górski,gorski-sn,M,1058
PL,Poland,surname,84,Kot,kot-sn,,1054
PL,Poland,surname,85,Sadowska,sadowska-sn,F,1048
PL,Poland,surname,86,Zalewska,zalewska-sn,F,1041
PL,Poland,surname,87,Jakubowski,jakubowski-sn,M,1038
PL,Poland,surname,88,Borkowska,borkowska-sn,F,1006
PL,Poland,surname,89,Ma,ma-sn,F;M,641
PL,Poland,surname,90,Warda,warda-sn,,166
PL,Poland,surname,91,Le,le-sn,F;M,159
PL,Poland,surname,92,Duma,duma-sn,F;M,108
PL,Poland,surname,93,Kar,kar-sn,F;M,108
PL,Poland,surname,94,Groß,gross-sn,,97
PL,Poland,surname,95,Okon,okon-sn,F;M,44
PL,Poland,surname,96,Viola,viola-sn,M;F,40
PL,Poland,surname,97,Dia,dia-sn,,39
PL,Poland,surname,98,Falk,falk-sn,F;M,29
PL,Poland,surname,99,Moro,moro-sn,F;M,28
PL,Poland,surname,100,Popa,popa-sn,F;M,28
PR,Puerto Rico,forename,1,Jose,jose-fn,M;F,2872
PR,Puerto Rico,forename,2,Luis,luis-fn,M;F,2322
PR,Puerto Rico,forename,3,Carlos,carlos-fn,M;F,1676
PR,Puerto Rico,forename,4,Carmen,carmen-fn,F,1660
PR,Puerto Rico,forename,5,Angel,angel-fn,F;M,1298
PR,Puerto Rico,forename,6,Juan,juan-fn,M,1254
PR,Puerto Rico,forename,7,Elena,elena-fn,F;M,70
PR,Puerto Rico,forename,8,Carolina,carolina-fn,F;M,54
PR,Puerto Rico,forename,9,Vidal,vidal-fn,F;M,21
PR,Puerto Rico,forename,10,Elaine,elaine-fn,F;M,18
PR,Puerto Rico,forename,11,Nery,nery-fn,F;M,17
PR,Puerto Rico,forename,12,Letty,letty-fn,F;M,14
PR,Puerto Rico,forename,13,Heidy,heidy-fn,F;M,12
PR,Puerto Rico,forename,14,Suhail,suhail-fn,F;M,12
PR,Puerto Rico,forename,15,Stella,stella-fn,F;M,10
PR,Puerto Rico,forename,16,Valery,valery-fn,F;M,8
PR,Puerto Rico,forename,17,Leandra,leandra-fn,F;M,6
PR,Puerto Rico,forename,18,Loly,loly-fn,F;M,6
PR,Puerto Rico,forename,19,Ash,ash-fn,F;M,5
PR,Puerto Rico,forename,20,Emmy,emmy-fn,F;M,5
PR,Puerto Rico,forename,21,Hilario,hilario-fn,M,5
PR,Puerto Rico,forename,22,Hellen,hellen-fn,F,4
PR,Puerto Rico,forename,23,Marilia,marilia-fn,F;M,4
PR,Puerto Rico,forename,24,Andreina,andreina-fn,F,2
PR,Puerto Rico,forename,25,Ange,ange-fn,F;M,2
PR,Puerto Rico,forename,26,Doriana,doriana-fn,F;M,2
PR,Puerto Rico,forename,27,Inez,inez-fn,F;M,2
PR,Puerto Rico,forename,28,Leroy,leroy-fn,F;M,2
PR,Puerto Rico,forename,29,Maximilian,maximilian-fn,F;M,2
PR,Puerto Rico,forename,30,Rina,rina-fn,F;M,2
PR,Puerto Rico,forename,31,Ute,ute-fn,F;M,2
PR,Puerto Rico,forename,32,Yohana,yohana-fn,F;M,2
PR,Puerto Rico,surname,1,Rivera,rivera-sn,M;F,4930
PR,Puerto Rico,surname,2,Rodriguez,rodriguez-sn,F;M,3631
PR,Puerto Rico,surname,3,Torres,torres-sn,F;M,2329
PR,Puerto Rico,surname,4,Crespo,crespo-sn,F;M,252
PR,Puerto Rico,surname,5,Tirado,tirado-sn,F;M,181
PR,Puerto Rico,surname,6,Viera,viera-sn,,82
PR,Puerto Rico,surname,7,Dejesus,dejesus-sn,F;M,72
PR,Puerto Rico,surname,8,Castellano,castellano-sn,,35
PR,Puerto Rico,surname,9,Torre,torre-sn,F;M,31
PR,Puerto Rico,surname,10,Enrique,enrique-sn,F;M,29
PR,Puerto Rico,surname,11,Matta,matta-sn,F;M,26
PR,Puerto Rico,surname,12,Manzano,manzano-sn,F;M,19
PR,Puerto Rico,surname,13,Jurado,jurado-sn,F;M,17
PR,Puerto Rico,surname,14,Tejeda,tejeda-sn,F;M,17
PR,Puerto Rico,surname,15,Erazo,erazo-sn,F;M,16
PR,Puerto Rico,surname,16,Santo,santo-sn,F;M,10
PR,Puerto Rico,surname,17,Belen,belen-sn,F;M,8
PR,Puerto Rico,surname,18,Faria,faria-sn,,8
PR,Puerto Rico,surname,19,Rm,rm-sn,F;M,7
PR,Puerto Rico,surname,20,Espino,espino-sn,F;M,6
PR,Puerto Rico,surname,21,Hdz,hdz-sn,F;M,6
PR,Puerto Rico,surname,22,Parra,parra-sn,F;M,6
PR,Puerto Rico,surname,23,Bonnet,bonnet-sn,F;M,5
PR,Puerto Rico,surname,24,Ma,ma-sn,F;M,5
PR,Puerto Rico,surname,25,Angeles,angeles-sn,F;M,4
PR,Puerto Rico,surname,26,Angelo,angelo-sn,,4
PR,Puerto Rico,surname,27,Chevalier,chevalier-sn,F;M,4
PR,Puerto Rico,surname,28,Hassan,hassan-sn,F;M,2
PR,Puerto Rico,surname,29,Leroux,leroux-sn,,2
PR,Puerto Rico,surname,30,Moro,moro-sn,F;M,2
PR,Puerto Rico,surname,31,Pagani,pagani-sn,F;M,2
PR,Puerto Rico,surname,32,Raymond,raymond-sn,F;M,2
PS,Palestine,forename,1,Mohamed,mohamed-fn,M,105181
PS,Palestine,forename,2,Ahmed,ahmed-fn,M,61315
PS,Palestine,forename,3,محمد,mhmd-fn,M;F,61142
PS,Palestine,forename,4,ام,am-fn,F;M,31005
PS,Palestine,forename,5,احمد,ahmd-fn,M;F,28954
PS,Palestine,forename,6,ابو,abw-fn,M;F,26365
PS,Palestine,forename,7,Mahmoud,mahmoud-fn,M,25457
PS,Palestine,forename,8,Ahmad,ahmad-fn,M;F,23327
PS,Palestine,forename,9,Mohammad,mohammad-fn,M;F,16304
PS,Palestine,forename,10,محمود,mhmwd-fn,M;F,14299
PS,Palestine,forename,11,Nour,nour-fn,F;M,14008
PS,Palestine,forename,12,Alaa,alaa-fn,M,13766
PS,Palestine,forename,13,Mohammed,mohammed-fn,M;F,13585
PS,Palestine,forename,14,Omar,omar-fn,M;F,13474
PS,Palestine,forename,15,Amir,amir-fn,M;F,12816
PS,Palestine,forename,16,اميرة,amyrh-fn,F;M,9804
PS,Palestine,forename,17,زهرة,zhrh-fn,F;M,8697
PS,Palestine,forename,18,Hassan,hassan-fn,M;F,7962
PS,Palestine,forename,19,Sara,sara-fn,F;M,7324
PS,Palestine,forename,20,يوسف,ywsf-fn,M;F,6810
PS,Palestine,forename,21,نور,nwr-fn,F;M,6713
PS,Palestine,forename,22,امير,amyr-fn,M;F,6503
PS,Palestine,forename,23,Ayman,ayman-fn,M,6470
PS,Palestine,forename,24,ابراهيم,abrahym-fn,M;F,6305
PS,Palestine,forename,25,Mohamad,mohamad-fn,M,6295
PS,Palestine,forename,26,Salah,salah-fn,M;F,6021
PS,Palestine,forename,27,خالد,khald-fn,M,5993
PS,Palestine,forename,28,Noor,noor-fn,M;F,5823
PS,Palestine,forename,29,Daniel,daniel-fn,M;F,5789
PS,Palestine,forename,30,Malak,malak-fn,F,5690
PS,Palestine,forename,31,David,david-fn,M;F,5631
PS,Palestine,forename,32,ام محمد,am-mhmd-fn,F,5535
PS,Palestine,forename,33,Khaled,khaled-fn,M,5471
PS,Palestine,forename,34,وردة,wrdh-fn,F,5431
PS,Palestine,forename,35,علي,aly-fn,M;F,5303
PS,Palestine,forename,36,Abd,abd-fn,M;F,5301
PS,Palestine,forename,37,Abdo,abdo-fn,M;F,5301
PS,Palestine,forename,38,Ibrahim,ibrahim-fn,M;F,5107
PS,Palestine,forename,39,Em,em-fn,F;M,5001
PS,Palestine,forename,40,Bilal,bilal-fn,M;F,4942
PS,Palestine,forename,41,Abu,abu-fn,M;F,4778
PS,Palestine,forename,42,Tal,tal-fn,M;F,4624
PS,Palestine,forename,43,عمر,amr-fn,M;F,4602
PS,Palestine,forename,44,משה,-D7-9E-D7-A9-D7-94-fn,M,4473
PS,Palestine,forename,45,Abo,abo-fn,M;F,4438
PS,Palestine,forename,46,Emad,emad-fn,M,4370
PS,Palestine,forename,47,Osama,osama-fn,M,4202
PS,Palestine,forename,48,Asma,asma-fn,F;M,4149
PS,Palestine,forename,49,Adi,adi-fn,M,4094
PS,Palestine,forename,50,Michael,michael-fn,M,4091
PS,Palestine,forename,51,Om,om-fn,F;M,4089
PS,Palestine,forename,52,Aya,aya-fn,F;M,4088
PS,Palestine,forename,53,عبدالله,abdallh-fn,M,4074
PS,Palestine,forename,54,Yossi,-D7-99-D7-95-D7-A1-D7-99-fn,M,4004
PS,Palestine,forename,55,אבי,-D7-90-D7-91-D7-99-fn,M,3984
PS,Palestine,forename,56,رائد,raed-fn,M,3976
PS,Palestine,forename,57,Rami,rami-fn,M,3964
PS,Palestine,forename,58,Alex,alex-fn,M;F,3852
PS,Palestine,forename,59,דוד,-D7-93-D7-95-D7-93-fn,M,3829
PS,Palestine,forename,60,Majid,majid-fn,M,3827
PS,Palestine,forename,61,Lior,lior-fn,M;F,3762
PS,Palestine,forename,62,Eman,eman-fn,F;M,3738
PS,Palestine,forename,63,Amer,amer-fn,M,3723
PS,Palestine,forename,64,حسن,hsn-fn,M;F,3714
PS,Palestine,forename,65,Avi,avi-fn,M,3697
PS,Palestine,forename,66,Hanan,hanan-fn,F;M,3560
PS,Palestine,forename,67,Adam,adam-fn,M,3545
PS,Palestine,forename,68,Abed,abed-fn,M,3529
PS,Palestine,forename,69,Rawan,rawan-fn,F;M,3518
PS,Palestine,forename,70,Jamal,jamal-fn,M;F,3502
PS,Palestine,forename,71,Tamer,tamer-fn,M,3478
PS,Palestine,forename,72,Dana,dana-fn,F;M,3449
PS,Palestine,forename,73,Amit,amit-fn,M;F,3447
PS,Palestine,forename,74,Amal,amal-fn,F;M,3437
PS,Palestine,forename,75,Ameer,ameer-fn,M,3397
PS,Palestine,forename,76,Maya,maya-fn,F;M,3388
PS,Palestine,forename,77,Mustafa,mustafa-fn,M;F,3363
PS,Palestine,forename,78,Yuval,yuval-fn,M;F,3334
PS,Palestine,forename,79,Amjad,amjad-fn,M;F,3292
PS,Palestine,forename,80,Maram,maram-fn,F,3282
PS,Palestine,forename,81,Moshe,moshe-fn,M,3232
PS,Palestine,forename,82,Michal,michal-fn,M;F,3172
PS,Palestine,forename,83,Anas,anas-fn,M;F,3118
PS,Palestine,forename,84,Abdullah,abdullah-fn,M,3116
PS,Palestine,forename,85,Yael,yael-fn,F;M,3051
PS,Palestine,forename,86,Irina,irina-fn,F;M,3042
PS,Palestine,forename,87,Guy,guy-fn,M,2999
PS,Palestine,forename,88,Noa,noa-fn,F;M,2982
PS,Palestine,forename,89,Anna,anna-fn,F;M,2955
PS,Palestine,forename,90,Fadi,fadi-fn,M,2935
PS,Palestine,forename,91,Abood,abood-fn,M,2888
PS,Palestine,forename,92,Gal,gal-fn,M;F,2886
PS,Palestine,forename,93,Hala,hala-fn,F;M,2855
PS,Palestine,forename,94,Maher,maher-fn,M,2853
PS,Palestine,forename,95,Mona,mona-fn,F;M,2826
PS,Palestine,forename,96,מחמד,-D7-9E-D7-97-D7-9E-D7-93-fn,M,2819
PS,Palestine,forename,97,ماجد,majd-fn,M;F,2803
PS,Palestine,forename,98,אלי,-D7-90-D7-9C-D7-99-fn,M,2795
PS,Palestine,forename,99,Samar,samar-fn,F;M,2766
PS,Palestine,forename,100,Elena,elena-fn,F;M,2736
PS,Palestine,surname,1,Mohamed,mohamed-sn,M;F,42572
PS,Palestine,surname,2,Ahmed,ahmed-sn,M;F,36301
PS,Palestine,surname,3,محمد,mhmd-sn,M;F,30432
PS,Palestine,surname,4,احمد,ahmd-sn,M;F,20181
PS,Palestine,surname,5,Cohen,cohen-sn,M;F,12569
PS,Palestine,surname,6,Ana,ana-sn,F;M,12550
PS,Palestine,surname,7,Abu Laila,abw-lyla-sn,M;F,12430
PS,Palestine,surname,8,Abu Rudaynah,abw-rdaynh-sn,M;F,12430
PS,Palestine,surname,9,Abu Shadi,abw-shday-sn,M;F,12430
PS,Palestine,surname,10,כהן,-D7-9B-D7-94-D7-9F-sn,M;F,12422
PS,Palestine,surname,11,Ali,ali-sn,M;F,12326
PS,Palestine,surname,12,Ahmad,ahmad-sn,M;F,10843
PS,Palestine,surname,13,Mahmoud,mahmoud-sn,M;F,8924
PS,Palestine,surname,14,Salah,salah-sn,M;F,8032
PS,Palestine,surname,15,לוי,-D7-9C-D7-95-D7-99-sn,M;F,7695
PS,Palestine,surname,16,Omar,omar-sn,M;F,7058
PS,Palestine,surname,17,محمود,mhmwd-sn,M;F,6260
PS,Palestine,surname,18,علي,aly-sn,M;F,5233
PS,Palestine,surname,19,الحياة,alhyah-sn,F;M,4881
PS,Palestine,surname,20,Mohammed,mohammed-sn,M;F,4811
PS,Palestine,surname,21,فلسطين,flstyn-sn,F;M,4734
PS,Palestine,surname,22,Levi,levi-sn,M;F,4344
PS,Palestine,surname,23,يوسف,ywsf-sn,M;F,4162
PS,Palestine,surname,24,Awad,awad-sn,M;F,4031
PS,Palestine,surname,25,Mohammad,mohammad-sn,M;F,4029
PS,Palestine,surname,26,Hamdan,hamdan-sn,M;F,4026
PS,Palestine,surname,27,المصري,almsry-sn,M;F,3998
PS,Palestine,surname,28,خالد,khald-sn,M;F,3769
PS,Palestine,surname,29,النجار,alnjar-sn,M;F,3595
PS,Palestine,surname,30,حسن,hsn-sn,M;F,3368
PS,Palestine,surname,31,عمر,amr-sn,M;F,3252
PS,Palestine,surname,32,Levy,levy-sn,M;F,3116
PS,Palestine,surname,33,ابراهيم,abrahym-sn,M;F,3023
PS,Palestine,surname,34,Ibrahim,ibrahim-sn,M;F,3023
PS,Palestine,surname,35,Abed,abed-sn,M;F,2954
PS,Palestine,surname,36,Hassan,hassan-sn,F;M,2875
PS,Palestine,surname,37,Taha,taha-sn,M;F,2866
PS,Palestine,surname,38,Sh,sh-sn,M;F,2798
PS,Palestine,surname,39,Odeh,odeh-sn,,2762
PS,Palestine,surname,40,Saleh,saleh-sn,M;F,2673
PS,Palestine,surname,41,ביטון,-D7-91-D7-99-D7-98-D7-95-D7-9F-sn,M;F,2443
PS,Palestine,surname,42,Salem,salem-sn,M;F,2397
PS,Palestine,surname,43,Khaled,khaled-sn,M;F,2388
PS,Palestine,surname,44,פרץ,-D7-A4-D7-A8-D7-A5-sn,,2384
PS,Palestine,surname,45,البيضاء,albydhaa-sn,F;M,2240
PS,Palestine,surname,46,Yousef,yousef-sn,M;F,2224
PS,Palestine,surname,47,Nasser,nasser-sn,M;F,2212
PS,Palestine,surname,48,الامل,alaml-sn,F;M,2058
PS,Palestine,surname,49,Kh,kh-sn,M;F,2042
PS,Palestine,surname,50,الورد,alwrd-sn,F;M,1979
PS,Palestine,surname,51,الربيع,alrbya-sn,F;M,1757
PS,Palestine,surname,52,Abu Fawaz,abw-fwas-sn,M;F,1682
PS,Palestine,surname,53,Abu Ruqayya,abw-rgyh-sn,M;F,1682
PS,Palestine,surname,54,Mohamed Aly,mohamed-aly-sn,M;F,1682
PS,Palestine,surname,55,Jaber,jaber-sn,,1611
PS,Palestine,surname,56,امل,aml-sn,F;M,1519
PS,Palestine,surname,57,ابو محمد,abw-mhmd-sn,M,1509
PS,Palestine,surname,58,النرجس,alnrjs-sn,F;M,1490
PS,Palestine,surname,59,Amer,amer-sn,M;F,1470
PS,Palestine,surname,60,Adam,adam-sn,M;F,1455
PS,Palestine,surname,61,Hossain,hossain-sn,M;F,1454
PS,Palestine,surname,62,حسين,hsyn-sn,M;F,1454
PS,Palestine,surname,63,Alamar,alamr-sn,F;M,1416
PS,Palestine,surname,64,خليل,khlyl-sn,M;F,1398
PS,Palestine,surname,65,ياسين,yasyn-sn,M;F,1380
PS,Palestine,surname,66,صالح,salh-sn,M;F,1360
PS,Palestine,surname,67,حمدان,hmdan-sn,M,1347
PS,Palestine,surname,68,عبدالله,abdallh-sn,M;F,1319
PS,Palestine,surname,69,الخطيب,alkhtyb-sn,M;F,1287
PS,Palestine,surname,70,شاهين,shahyn-sn,M;F,1277
PS,Palestine,surname,71,صلاح,slah-sn,M;F,1269
PS,Palestine,surname,72,Shaheen,shaheen-sn,M;F,1266
PS,Palestine,surname,73,Shahin,shahin-sn,M;F,1266
PS,Palestine,surname,74,الياسمين,alyasmyn-sn,F;M,1249
PS,Palestine,surname,75,Mansour,mansour-sn,M;F,1197
PS,Palestine,surname,76,سالم,salm-sn,M;F,1180
PS,Palestine,surname,77,عوض,awdh-sn,M;F,1169
PS,Palestine,surname,78,Nassar,nassar-sn,M;F,1156
PS,Palestine,surname,79,موسى,mwsa-sn,M;F,1144
PS,Palestine,surname,80,الشاعر,alshaar-sn,M;F,1114
PS,Palestine,surname,81,منصور,mnswr-sn,M;F,1106
PS,Palestine,surname,82,Mohamad,mohamad-sn,M;F,1098
PS,Palestine,surname,83,سليمان,slyman-sn,M;F,1087
PS,Palestine,surname,84,Hamad,hamad-sn,M;F,1067
PS,Palestine,surname,85,Naser,naser-sn,M;F,1056
PS,Palestine,surname,86,מזרחי,-D7-9E-D7-96-D7-A8-D7-97-D7-99-sn,M;F,1045
PS,Palestine,surname,87,Issa,issa-sn,M;F,1044
PS,Palestine,surname,88,Khalil,khalil-sn,M;F,1041
PS,Palestine,surname,89,جابر,jabr-sn,M;F,1040
PS,Palestine,surname,90,Said,said-sn,M;F,1032
PS,Palestine,surname,91,سعيد,sayd-sn,M;F,1032
PS,Palestine,surname,92,Hmd,hmd-sn,M;F,1022
PS,Palestine,surname,93,Amro,amro-sn,M;F,1016
PS,Palestine,surname,94,عيسى,aysa-sn,M;F,1015
PS,Palestine,surname,95,البحر,albhr-sn,F;M,1005
PS,Palestine,surname,96,Hasan,hasan-sn,M;F,1002
PS,Palestine,surname,97,Ayman,ayman-sn,F;M,936
PS,Palestine,surname,98,Zidan,zidan-sn,F;M,527
PS,Palestine,surname,99,لغتي,lghty-sn,,395
PS,Palestine,surname,100,Groß,gross-sn,,381
PT,Portugal,forename,1,João,joao-fn,M,61415
PT,Portugal,forename,2,Ana,ana-fn,F;M,51704
PT,Portugal,forename,3,Pedro,pedro-fn,M,46085
PT,Portugal,forename,4,Jose,jose-fn,M;F,35983
PT,Portugal,forename,5,Luis,luis-fn,M;F,31647
PT,Portugal,forename,6,Paulo,paulo-fn,M,30354
PT,Portugal,forename,7,Carlos,carlos-fn,M;F,30310
PT,Portugal,forename,8,Antonio,antonio-fn,M;F,28441
PT,Portugal,forename,9,Ricardo,ricardo-fn,M,27186
PT,Portugal,forename,10,Rui,rui-fn,M,26978
PT,Portugal,forename,11,Nuno,nuno-fn,M,25982
PT,Portugal,forename,12,Miguel,miguel-fn,M,25713
PT,Portugal,forename,13,Tiago,tiago-fn,M,25252
PT,Portugal,forename,14,Joana,joana-fn,F,23321
PT,Portugal,forename,15,Bruno,bruno-fn,M,21557
PT,Portugal,forename,16,Andre,andre-fn,M;F,21085
PT,Portugal,forename,17,Diogo,diogo-fn,M,21007
PT,Portugal,forename,18,Ines,ines-fn,F,18908
PT,Portugal,forename,19,Jorge,jorge-fn,M,18566
PT,Portugal,forename,20,Catarina,catarina-fn,F,17940
PT,Portugal,forename,21,Carla,carla-fn,F,17429
PT,Portugal,forename,22,Isabel,isabel-fn,F,16733
PT,Portugal,forename,23,Paula,paula-fn,F;M,16400
PT,Portugal,forename,24,Sandra,sandra-fn,F,16064
PT,Portugal,forename,25,Rita,rita-fn,F,16007
PT,Portugal,forename,26,Francisco,francisco-fn,M,15812
PT,Portugal,forename,27,Manuel,manuel-fn,M,15509
PT,Portugal,forename,28,Mariana,mariana-fn,F,15149
PT,Portugal,forename,29,Sara,sara-fn,F;M,14305
PT,Portugal,forename,30,Fernando,fernando-fn,M,14172
PT,Portugal,forename,31,Sofia,sofia-fn,F,13796
PT,Portugal,forename,32,Susana,susana-fn,F,13483
PT,Portugal,forename,33,Filipe,filipe-fn,M,13229
PT,Portugal,forename,34,Patricia,patricia-fn,F,12870
PT,Portugal,forename,35,Marta,marta-fn,F,12519
PT,Portugal,forename,36,Cristina,cristina-fn,F,12318
PT,Portugal,forename,37,Daniel,daniel-fn,M;F,12250
PT,Portugal,forename,38,Hugo,hugo-fn,M,11762
PT,Portugal,forename,39,Vitor,vitor-fn,M,11596
PT,Portugal,forename,40,Beatriz,beatriz-fn,F,11589
PT,Portugal,forename,41,Andreia,andreia-fn,F,11507
PT,Portugal,forename,42,Gonçalo,goncalo-fn,M,11304
PT,Portugal,forename,43,Claudia,claudia-fn,F,10584
PT,Portugal,forename,44,Margarida,margarida-fn,F,10474
PT,Portugal,forename,45,Teresa,teresa-fn,F,10341
PT,Portugal,forename,46,Sergio,sergio-fn,M,10148
PT,Portugal,forename,47,Filipa,filipa-fn,F,10139
PT,Portugal,forename,48,Sonia,sonia-fn,F,10000
PT,Portugal,forename,49,Daniela,daniela-fn,F,9916
PT,Portugal,forename,50,Carolina,carolina-fn,F;M,9738
PT,Portugal,forename,51,David,david-fn,M;F,9217
PT,Portugal,forename,52,Fabio,fabio-fn,M,9161
PT,Portugal,forename,53,Marco,marco-fn,M;F,9151
PT,Portugal,forename,54,Rodrigo,rodrigo-fn,M,8826
PT,Portugal,forename,55,Helena,helena-fn,F,8814
PT,Portugal,forename,56,Raquel,raquel-fn,F,8700
PT,Portugal,forename,57,Mario,mario-fn,M,8602
PT,Portugal,forename,58,Joaquim,joaquim-fn,M,7817
PT,Portugal,forename,59,Rafael,rafael-fn,M,7542
PT,Portugal,forename,60,Alexandre,alexandre-fn,M,7220
PT,Portugal,forename,61,Diana,diana-fn,F,7164
PT,Portugal,forename,62,Carina,carina-fn,F,7158
PT,Portugal,forename,63,Fernanda,fernanda-fn,F,7139
PT,Portugal,forename,64,Ruben,ruben-fn,M,7138
PT,Portugal,forename,65,Catia,catia-fn,F,6939
PT,Portugal,forename,66,Anabela,anabela-fn,F,6728
PT,Portugal,forename,67,Rosa,rosa-fn,F,6691
PT,Portugal,forename,68,Manuela,manuela-fn,F,6409
PT,Portugal,forename,69,Eduardo,eduardo-fn,M,6263
PT,Portugal,forename,70,Nelson,nelson-fn,M,6157
PT,Portugal,forename,71,Alexandra,alexandra-fn,F,6138
PT,Portugal,forename,72,Luisa,luisa-fn,F,6109
PT,Portugal,forename,73,Liliana,liliana-fn,F,6074
PT,Portugal,forename,74,Monica,monica-fn,F,5821
PT,Portugal,forename,75,Vera,vera-fn,F,5660
PT,Portugal,forename,76,Silvia,silvia-fn,F,5601
PT,Portugal,forename,77,Tomas,tomas-fn,M,5374
PT,Portugal,forename,78,Helder,helder-fn,M,5348
PT,Portugal,forename,79,Guilherme,guilherme-fn,M,5018
PT,Portugal,forename,80,Elisabete,elisabete-fn,F,4933
PT,Portugal,forename,81,Henrique,henrique-fn,M,4582
PT,Portugal,forename,82,Afonso,afonso-fn,M,4558
PT,Portugal,forename,83,Lourdes,lourdes-fn,F,4425
PT,Portugal,forename,84,Lurdes,lurdes-fn,F,4425
PT,Portugal,forename,85,Leonor,leonor-fn,F,4416
PT,Portugal,forename,86,Vanessa,vanessa-fn,F,4349
PT,Portugal,forename,87,Vasco,vasco-fn,M,4247
PT,Portugal,forename,88,Zé,ze-fn,M,4239
PT,Portugal,forename,89,Duarte,duarte-fn,M,4122
PT,Portugal,forename,90,Mafalda,mafalda-fn,F,4079
PT,Portugal,forename,91,Barbara,barbara-fn,F,4078
PT,Portugal,forename,92,Bruna,bruna-fn,F,3978
PT,Portugal,forename,93,Marisa,marisa-fn,F,3910
PT,Portugal,forename,94,Bernardo,bernardo-fn,M,3907
PT,Portugal,forename,95,Jessica,jessica-fn,F,3843
PT,Portugal,forename,96,Madalena,madalena-fn,F,3824
PT,Portugal,forename,97,Celia,celia-fn,F,3678
PT,Portugal,forename,98,Angela,angela-fn,F;M,3608
PT,Portugal,forename,99,Marcia,marcia-fn,F,3583
PT,Portugal,forename,100,Bezerra,bezerra-fn,M,3548
PT,Portugal,surname,1,Silva,silva-sn,M;F,87177
PT,Portugal,surname,2,Santos,santos-sn,F;M,62339
PT,Portugal,surname,3,Ferreira,ferreira-sn,F;M,47913
PT,Portugal,surname,4,Pereira,pereira-sn,M;F,45081
PT,Portugal,surname,5,Oliveira,oliveira-sn,F;M,37866
PT,Portugal,surname,6,Costa,costa-sn,M;F,37560
PT,Portugal,surname,7,Rodrigues,rodrigues-sn,F;M,35616
PT,Portugal,surname,8,Martins,martins-sn,F;M,32802
PT,Portugal,surname,9,Sousa,sousa-sn,F;M,30686
PT,Portugal,surname,10,Fernandes,fernandes-sn,M;F,29381
PT,Portugal,surname,11,Gonçalves,goncalves-sn,F;M,26872
PT,Portugal,surname,12,Gomes,gomes-sn,M;F,26465
PT,Portugal,surname,13,Lopes,lopes-sn,F;M,25903
PT,Portugal,surname,14,Ribeiro,ribeiro-sn,F;M,24618
PT,Portugal,surname,15,Marques,marques-sn,F;M,23133
PT,Portugal,surname,16,Carvalho,carvalho-sn,F;M,22810
PT,Portugal,surname,17,Almeida,almeida-sn,F;M,22292
PT,Portugal,surname,18,Pinto,pinto-sn,M;F,21611
PT,Portugal,surname,19,Alves,alves-sn,F;M,21476
PT,Portugal,surname,20,Dias,dias-sn,F;M,18774
PT,Portugal,surname,21,Teixeira,teixeira-sn,F;M,18247
PT,Portugal,surname,22,Correia,correia-sn,F;M,15690
PT,Portugal,surname,23,Mendes,mendes-sn,F;M,15654
PT,Portugal,surname,24,Vieira,vieira-sn,F;M,14156
PT,Portugal,surname,25,Moreira,moreira-sn,F;M,14082
PT,Portugal,surname,26,Soares,soares-sn,F;M,13244
PT,Portugal,surname,27,Miguel,miguel-sn,M;F,13212
PT,Portugal,surname,28,Monteiro,monteiro-sn,F;M,13120
PT,Portugal,surname,29,Cardoso,cardoso-sn,F;M,12600
PT,Portugal,surname,30,Nunes,nunes-sn,F;M,12192
PT,Portugal,surname,31,Duarte,duarte-sn,F;M,11965
PT,Portugal,surname,32,Rocha,rocha-sn,M;F,11732
PT,Portugal,surname,33,Coelho,coelho-sn,M;F,9978
PT,Portugal,surname,34,Reis,reis-sn,F;M,9563
PT,Portugal,surname,35,Ramos,ramos-sn,M;F,9225
PT,Portugal,surname,36,Neves,neves-sn,F;M,9096
PT,Portugal,surname,37,Cruz,cruz-sn,F;M,8996
PT,Portugal,surname,38,Cunha,cunha-sn,F;M,8954
PT,Portugal,surname,39,Freitas,freitas-sn,F;M,8939
PT,Portugal,surname,40,Machado,machado-sn,F;M,8737
PT,Portugal,surname,41,Pires,pires-sn,F;M,8606
PT,Portugal,surname,42,Fonseca,fonseca-sn,F;M,8601
PT,Portugal,surname,43,Barbosa,barbosa-sn,F;M,7976
PT,Portugal,surname,44,Araujo,araujo-sn,F;M,7921
PT,Portugal,surname,45,Lima,lima-sn,M;F,7813
PT,Portugal,surname,46,Matos,matos-sn,M,7777
PT,Portugal,surname,47,Simões,simoes-sn,,7618
PT,Portugal,surname,48,Antunes,antunes-sn,,7264
PT,Portugal,surname,49,Tavares,tavares-sn,M;F,7112
PT,Portugal,surname,50,Castro,castro-sn,M;F,6900
PT,Portugal,surname,51,Andrade,andrade-sn,F;M,6421
PT,Portugal,surname,52,Azevedo,azevedo-sn,,6354
PT,Portugal,surname,53,Borges,borges-sn,M;F,6342
PT,Portugal,surname,54,Figueiredo,figueiredo-sn,F;M,6296
PT,Portugal,surname,55,Faria,faria-sn,,6014
PT,Portugal,surname,56,Miranda,miranda-sn,F;M,5604
PT,Portugal,surname,57,Lourenço,lourenco-sn,F;M,5602
PT,Portugal,surname,58,Barros,barros-sn,F;M,5600
PT,Portugal,surname,59,Filipe,filipe-sn,,5305
PT,Portugal,surname,60,Morais,morais-sn,M;F,5266
PT,Portugal,surname,61,Magalhães,magalhaes-sn,,5254
PT,Portugal,surname,62,Abreu,abreu-sn,F;M,5220
PT,Portugal,surname,63,Batista,batista-sn,M;F,5203
PT,Portugal,surname,64,Henriques,henriques-sn,M;F,5124
PT,Portugal,surname,65,Pedro,pedro-sn,M;F,5076
PT,Portugal,surname,66,Jesus,jesus-sn,M;F,5005
PT,Portugal,surname,67,Afonso,afonso-sn,M;F,4960
PT,Portugal,surname,68,Rosa,rosa-sn,F;M,4865
PT,Portugal,surname,69,Guerreiro,guerreiro-sn,F;M,4828
PT,Portugal,surname,70,Campos,campos-sn,M;F,4746
PT,Portugal,surname,71,Brito,brito-sn,F;M,4621
PT,Portugal,surname,72,Nogueira,nogueira-sn,F;M,4563
PT,Portugal,surname,73,Melo,melo-sn,F;M,4448
PT,Portugal,surname,74,Esteves,esteves-sn,M;F,4192
PT,Portugal,surname,75,Maia,maia-sn,,3985
PT,Portugal,surname,76,Moura,moura-sn,F;M,3932
PT,Portugal,surname,77,Baptista,baptista-sn,M;F,3916
PT,Portugal,surname,78,Neto,neto-sn,,3903
PT,Portugal,surname,79,Garcia,garcia-sn,M;F,3668
PT,Portugal,surname,80,Amaral,amaral-sn,F;M,3627
PT,Portugal,surname,81,Gouveia,gouveia-sn,F;M,3561
PT,Portugal,surname,82,Nascimento,nascimento-sn,F;M,3515
PT,Portugal,surname,83,Jorge,jorge-sn,M;F,3494
PT,Portugal,surname,84,Valente,valente-sn,M;F,3431
PT,Portugal,surname,85,Branco,branco-sn,M;F,3345
PT,Portugal,surname,86,Leite,leite-sn,F;M,3339
PT,Portugal,surname,87,Maria,maria-sn,F;M,3336
PT,Portugal,surname,88,Vaz,vaz-sn,F;M,3313
PT,Portugal,surname,89,Sofia,sofia-sn,,3273
PT,Portugal,surname,90,Pacheco,pacheco-sn,M;F,3244
PT,Portugal,surname,91,Gaspar,gaspar-sn,M;F,3221
PT,Portugal,surname,92,Loureiro,loureiro-sn,M;F,3184
PT,Portugal,surname,93,Pinho,pinho-sn,M;F,3145
PT,Portugal,surname,94,Vicente,vicente-sn,M;F,3134
PT,Portugal,surname,95,Leal,leal-sn,F;M,3131
PT,Portugal,surname,96,Macedo,macedo-sn,,2912
PT,Portugal,surname,97,Torres,torres-sn,F;M,2897
PT,Portugal,surname,98,Cabral,cabral-sn,F;M,2896
PT,Portugal,surname,99,Amorim,amorim-sn,F;M,2791
PT,Portugal,surname,100,Matias,matias-sn,F;M,2690
QA,Qatar,forename,1,Md,md-fn,M;F,76982
QA,Qatar,forename,2,Mohamed,mohamed-fn,M,74526
QA,Qatar,forename,3,Ahmed,ahmed-fn,M,19741
QA,Qatar,forename,4,Mohammed,mohammed-fn,M;F,18849
QA,Qatar,forename,5,Abdul,abdul-fn,M,14617
QA,Qatar,forename,6,Mohammad,mohammad-fn,M;F,13535
QA,Qatar,forename,7,Ali,ali-fn,M;F,11512
QA,Qatar,forename,8,Muhammad,muhammad-fn,M;F,10114
QA,Qatar,forename,9,Ram,ram-fn,M;F,7116
QA,Qatar,forename,10,Khaled,khaled-fn,M,5726
QA,Qatar,forename,11,Raju,raju-fn,M;F,5389
QA,Qatar,forename,12,Omar,omar-fn,M;F,5316
QA,Qatar,forename,13,Raj,raj-fn,M;F,5095
QA,Qatar,forename,14,Ahmad,ahmad-fn,M;F,5036
QA,Qatar,forename,15,Hassan,hassan-fn,M;F,4928
QA,Qatar,forename,16,Ramesh,ramesh-fn,M,4830
QA,Qatar,forename,17,Rajesh,rajesh-fn,M,4528
QA,Qatar,forename,18,Suresh,suresh-fn,M,4381
QA,Qatar,forename,19,Nour,nour-fn,F;M,4329
QA,Qatar,forename,20,Manoj,manoj-fn,M,4158
QA,Qatar,forename,21,Kamal,kamal-fn,M;F,4123
QA,Qatar,forename,22,Mohd,mohd-fn,M;F,4083
QA,Qatar,forename,23,Sunil,sunil-fn,M,3956
QA,Qatar,forename,24,Kumar,kumar-fn,M,3935
QA,Qatar,forename,25,Ibrahim,ibrahim-fn,M;F,3914
QA,Qatar,forename,26,Abu,abu-fn,M;F,3868
QA,Qatar,forename,27,Muhammed,muhammed-fn,M;F,3855
QA,Qatar,forename,28,Santosh,santosh-fn,M;F,3848
QA,Qatar,forename,29,Krishna,krishna-fn,M;F,3712
QA,Qatar,forename,30,Khalid,khalid-fn,M;F,3697
QA,Qatar,forename,31,Sara,sara-fn,F;M,3660
QA,Qatar,forename,32,Nasser,nasser-fn,M;F,3526
QA,Qatar,forename,33,Abdulla,abdulla-fn,M,3483
QA,Qatar,forename,34,Anil,anil-fn,M,3396
QA,Qatar,forename,35,Dinesh,dinesh-fn,M,3263
QA,Qatar,forename,36,Rashid,rashid-fn,M,3256
QA,Qatar,forename,37,Noor,noor-fn,M;F,3255
QA,Qatar,forename,38,Abdullah,abdullah-fn,M,3117
QA,Qatar,forename,39,Imran,imran-fn,M;F,2977
QA,Qatar,forename,40,Raja,raja-fn,M;F,2942
QA,Qatar,forename,41,Sanjay,sanjay-fn,M,2933
QA,Qatar,forename,42,Faisal,faisal-fn,M;F,2830
QA,Qatar,forename,43,Ashraf,ashraf-fn,M,2754
QA,Qatar,forename,44,Mustafa,mustafa-fn,M;F,2730
QA,Qatar,forename,45,Mohamad,mohamad-fn,M,2639
QA,Qatar,forename,46,Hamad,hamad-fn,M,2630
QA,Qatar,forename,47,Syed,syed-fn,M,2589
QA,Qatar,forename,48,Ashok,ashok-fn,M,2583
QA,Qatar,forename,49,Prem,prem-fn,M,2553
QA,Qatar,forename,50,John,john-fn,M,2504
QA,Qatar,forename,51,Ravi,ravi-fn,M,2471
QA,Qatar,forename,52,Prakash,prakash-fn,M,2445
QA,Qatar,forename,53,Ismail,ismail-fn,M,2423
QA,Qatar,forename,54,Khan,khan-fn,M;F,2422
QA,Qatar,forename,55,Babu,babu-fn,M,2386
QA,Qatar,forename,56,Arun,arun-fn,M,2352
QA,Qatar,forename,57,Mariam,mariam-fn,F;M,2341
QA,Qatar,forename,58,Ajay,ajay-fn,M,2337
QA,Qatar,forename,59,Rakesh,rakesh-fn,M,2320
QA,Qatar,forename,60,Ganesh,ganesh-fn,M,2304
QA,Qatar,forename,61,Vijay,vijay-fn,M,2280
QA,Qatar,forename,62,Anwar,anwar-fn,M,2271
QA,Qatar,forename,63,Arjun,arjun-fn,M,2242
QA,Qatar,forename,64,Prince,prince-fn,M,2224
QA,Qatar,forename,65,Mohan,mohan-fn,M,2139
QA,Qatar,forename,66,Deepak,deepak-fn,M,2093
QA,Qatar,forename,67,Mahesh,mahesh-fn,M,2092
QA,Qatar,forename,68,Binod,binod-fn,M,2067
QA,Qatar,forename,69,Salem,salem-fn,M,2053
QA,Qatar,forename,70,Salim,salim-fn,M,2053
QA,Qatar,forename,71,Jamal,jamal-fn,M;F,2027
QA,Qatar,forename,72,Amir,amir-fn,M;F,2026
QA,Qatar,forename,73,Sameer,sameer-fn,M,1977
QA,Qatar,forename,74,Fahad,fahad-fn,M;F,1915
QA,Qatar,forename,75,Roshan,roshan-fn,M,1914
QA,Qatar,forename,76,Umesh,umesh-fn,M,1891
QA,Qatar,forename,77,Shyam,shyam-fn,M,1883
QA,Qatar,forename,78,Rahul,rahul-fn,M;F,1874
QA,Qatar,forename,79,Suman,suman-fn,M;F,1872
QA,Qatar,forename,80,Salman,salman-fn,M;F,1833
QA,Qatar,forename,81,Nasir,nasir-fn,M;F,1777
QA,Qatar,forename,82,Hasan,hasan-fn,M;F,1764
QA,Qatar,forename,83,Arif,arif-fn,M,1752
QA,Qatar,forename,84,Sagar,sagar-fn,M,1742
QA,Qatar,forename,85,Vinod,vinod-fn,M,1686
QA,Qatar,forename,86,Shahid,shahid-fn,M;F,1683
QA,Qatar,forename,87,Mukesh,mukesh-fn,M,1649
QA,Qatar,forename,88,Abul,abul-fn,M,1648
QA,Qatar,forename,89,Rajan,rajan-fn,M,1645
QA,Qatar,forename,90,Suraj,suraj-fn,M,1624
QA,Qatar,forename,91,Asif,asif-fn,M;F,1591
QA,Qatar,forename,92,Saeed,saeed-fn,M,1550
QA,Qatar,forename,93,Irfan,irfan-fn,M,1544
QA,Qatar,forename,94,Gopal,gopal-fn,M,1517
QA,Qatar,forename,95,Malak,malak-fn,F,1511
QA,Qatar,forename,96,Malik,malik-fn,M;F,1511
QA,Qatar,forename,97,Dipak,dipak-fn,M,1502
QA,Qatar,forename,98,Sonu,sonu-fn,M;F,1491
QA,Qatar,forename,99,Sultan,sultan-fn,M;F,1487
QA,Qatar,forename,100,Aslam,aslam-fn,M;F,1460
QA,Qatar,surname,1,Khan,khan-sn,M;F,63431
QA,Qatar,surname,2,Kumar,kumar-sn,M;F,45462
QA,Qatar,surname,3,Ahmed,ahmed-sn,M;F,33134
QA,Qatar,surname,4,Ali,ali-sn,M;F,32853
QA,Qatar,surname,5,Mohamed,mohamed-sn,M;F,24952
QA,Qatar,surname,6,Hossain,hossain-sn,M;F,24567
QA,Qatar,surname,7,Singh,singh-sn,M;F,23748
QA,Qatar,surname,8,Yadav,yadav-sn,M;F,19249
QA,Qatar,surname,9,Islam,islam-sn,M;F,15233
QA,Qatar,surname,10,Ansari,ansari-sn,M;F,12797
QA,Qatar,surname,11,Alam,alam-sn,M;F,11762
QA,Qatar,surname,12,Rahman,rahman-sn,M;F,9732
QA,Qatar,surname,13,Ahmad,ahmad-sn,M;F,9388
QA,Qatar,surname,14,Magar,magar-sn,M;F,8965
QA,Qatar,surname,15,Uddin,uddin-sn,M;F,7749
QA,Qatar,surname,16,Rai,rai-sn,M;F,7588
QA,Qatar,surname,17,Shaikh,shaikh-sn,M;F,7335
QA,Qatar,surname,18,Hussain,hussain-sn,M;F,7297
QA,Qatar,surname,19,Mohammed,mohammed-sn,M;F,7284
QA,Qatar,surname,20,Mandal,mandal-sn,M;F,7218
QA,Qatar,surname,21,Thapa,thapa-sn,M;F,7028
QA,Qatar,surname,22,Raj,raj-sn,M;F,6581
QA,Qatar,surname,23,Tamang,tamang-sn,M;F,6141
QA,Qatar,surname,24,Chaudhary,chaudhary-sn,M;F,6094
QA,Qatar,surname,25,Ram,ram-sn,M;F,5744
QA,Qatar,surname,26,Lama,lama-sn,M;F,5675
QA,Qatar,surname,27,Rana,rana-sn,M;F,5388
QA,Qatar,surname,28,Das,das-sn,M;F,5204
QA,Qatar,surname,29,Hassan,hassan-sn,F;M,5051
QA,Qatar,surname,30,Sah,sah-sn,M,4962
QA,Qatar,surname,31,Miah,miah-sn,M;F,4701
QA,Qatar,surname,32,Babu,babu-sn,M;F,4481
QA,Qatar,surname,33,Hasan,hasan-sn,M;F,4317
QA,Qatar,surname,34,Gurung,gurung-sn,M;F,4266
QA,Qatar,surname,35,Shah,shah-sn,M;F,4204
QA,Qatar,surname,36,Shrestha,shrestha-sn,M;F,4143
QA,Qatar,surname,37,Thakur,thakur-sn,M;F,3845
QA,Qatar,surname,38,Miya,miya-sn,M;F,3508
QA,Qatar,surname,39,Mia,mia-sn,M;F,3468
QA,Qatar,surname,40,Chauhan,chauhan-sn,M;F,3275
QA,Qatar,surname,41,Mahato,mahato-sn,M,3182
QA,Qatar,surname,42,Prasad,prasad-sn,M;F,3122
QA,Qatar,surname,43,Raja,raja-sn,M;F,3111
QA,Qatar,surname,44,Mohammad,mohammad-sn,M;F,3100
QA,Qatar,surname,45,Qtr,qtr-sn,M,3089
QA,Qatar,surname,46,Rain,rain-sn,,2955
QA,Qatar,surname,47,Abdullah,abdullah-sn,M;F,2912
QA,Qatar,surname,48,Ibrahim,ibrahim-sn,M;F,2896
QA,Qatar,surname,49,Lal,lal-sn,M,2827
QA,Qatar,surname,50,Limbu,limbu-sn,M;F,2762
QA,Qatar,surname,51,Karki,karki-sn,M,2703
QA,Qatar,surname,52,KC,kc-sn,,2699
QA,Qatar,surname,53,Bahadur,bahadur-sn,M,2652
QA,Qatar,surname,54,Doha,doha-sn,,2563
QA,Qatar,surname,55,Ullah,ullah-sn,M;F,2512
QA,Qatar,surname,56,Khadka,khadka-sn,M,2452
QA,Qatar,surname,57,Kumara,kumara-sn,M,2435
QA,Qatar,surname,58,Patel,patel-sn,M;F,2346
QA,Qatar,surname,59,Raju,raju-sn,M,2155
QA,Qatar,surname,60,Kamal,kamal-sn,M;F,2111
QA,Qatar,surname,61,Ahamed,ahamed-sn,M;F,2061
QA,Qatar,surname,62,Malik,malik-sn,M;F,2039
QA,Qatar,surname,63,Thomas,thomas-sn,M;F,2012
QA,Qatar,surname,64,Adhikari,adhikari-sn,M,2008
QA,Qatar,surname,65,Muhammad,muhammad-sn,M;F,1977
QA,Qatar,surname,66,Shekh,shekh-sn,M,1943
QA,Qatar,surname,67,Sahani,sahani-sn,M,1913
QA,Qatar,surname,68,Biswas,biswas-sn,M;F,1906
QA,Qatar,surname,69,Iqbal,iqbal-sn,M;F,1892
QA,Qatar,surname,70,Mondal,mondal-sn,M;F,1870
QA,Qatar,surname,71,Amin,amin-sn,M;F,1857
QA,Qatar,surname,72,Amine,amine-sn,M;F,1857
QA,Qatar,surname,73,Giri,giri-sn,M,1844
QA,Qatar,surname,74,Mukhiya,mukhiya-sn,M,1836
QA,Qatar,surname,75,Sk,sk-sn,M;F,1813
QA,Qatar,surname,76,Ray,ray-sn,M;F,1764
QA,Qatar,surname,77,Joseph,joseph-sn,M;F,1762
QA,Qatar,surname,78,Almarri,almarri-sn,M,1737
QA,Qatar,surname,79,Basnet,basnet-sn,M,1698
QA,Qatar,surname,80,Sha,sha-sn,M;F,1690
QA,Qatar,surname,81,Nair,nair-sn,M;F,1675
QA,Qatar,surname,82,Bhandari,bhandari-sn,M,1670
QA,Qatar,surname,83,Hossen,hossen-sn,M,1668
QA,Qatar,surname,84,King,king-sn,M;F,1630
QA,Qatar,surname,85,Sunar,sunar-sn,M,1566
QA,Qatar,surname,86,Bhai,bhai-sn,M,1540
QA,Qatar,surname,87,Muhammed,muhammed-sn,M;F,1535
QA,Qatar,surname,88,Pandey,pandey-sn,M;F,1528
QA,Qatar,surname,89,John,john-sn,M;F,1519
QA,Qatar,surname,90,Abbas,abbas-sn,M;F,1512
QA,Qatar,surname,91,Mathew,mathew-sn,M;F,1498
QA,Qatar,surname,92,Farouk,farouk-sn,M;F,1491
QA,Qatar,surname,93,Faruk,faruk-sn,M,1491
QA,Qatar,surname,94,Abdulla,abdulla-sn,M;F,1452
QA,Qatar,surname,95,Bk,bk-sn,M,1451
QA,Qatar,surname,96,Love,love-sn,F;M,1447
QA,Qatar,surname,97,Baloch,baloch-sn,M,1437
QA,Qatar,surname,98,Mamun,mamun-sn,M,1433
QA,Qatar,surname,99,Chhetri,chhetri-sn,M,1420
QA,Qatar,surname,100,Salem,salem-sn,M;F,1417
RO,,forename,1,Bogdan,bogdan-fn,M,13490
RO,,forename,2,Dragoș,dragos-fn,M,13480
RO,,forename,3,Ion,ion-fn,M,13475
RO,,surname,1,Balogh,balogh-sn,F;M,1500
RS,Serbia,forename,1,Milica,milica-fn,F,13504
RS,Serbia,forename,2,Dragana,dragana-fn,F,13464
RS,Serbia,forename,3,Milivoje,milivoje-fn,M,13460
RS,Serbia,forename,4,Nikola,nikola-fn,F;M,2402
RS,Serbia,forename,5,Marko,marko-fn,M,2157
RS,Serbia,forename,6,Jelena,jelena-fn,F,1970
RS,Serbia,forename,7,Aleksandar,aleksandar-fn,M,1861
RS,Serbia,forename,8,Dragan,dragan-fn,M,1772
RS,Serbia,forename,9,Milan,milan-fn,M,1565
RS,Serbia,forename,10,Marija,marija-fn,F,1523
RS,Serbia,forename,11,Zoran,zoran-fn,M,1496
RS,Serbia,forename,12,Ivan,ivan-fn,M,1465
RS,Serbia,forename,13,Dejan,dejan-fn,M,1396
RS,Serbia,forename,14,Miloš,milos-fn,M,1349
RS,Serbia,forename,15,Goran,goran-fn,M,1345
RS,Serbia,forename,16,Ivana,ivana-fn,F,1219
RS,Serbia,forename,17,Ana,ana-fn,F;M,1209
RS,Serbia,forename,18,Stefan,stefan-fn,M,1089
RS,Serbia,forename,19,Jovana,jovana-fn,F,1029
RS,Serbia,forename,20,Nenad,nenad-fn,M,1002
RS,Serbia,forename,21,Dragoș,dragos-fn,M,1000
RS,Serbia,forename,22,Elena,elena-fn,F;M,137
RS,Serbia,forename,23,Tomislav,tomislav-fn,M,135
RS,Serbia,forename,24,Maki,maki-fn,F;M,40
RS,Serbia,forename,25,Josip,josip-fn,F;M,37
RS,Serbia,forename,26,Marin,marin-fn,F;M,14
RS,Serbia,forename,27,Rina,rina-fn,F;M,9
RS,Serbia,forename,28,Biba,biba-fn,F;M,8
RS,Serbia,forename,29,Nazmi,nazmi-fn,M,8
RS,Serbia,forename,30,Stella,stella-fn,F;M,8
RS,Serbia,forename,31,Yury,yury-fn,F;M,5
RS,Serbia,forename,32,Алмас,almas-fn,M;F,3
RS,Serbia,forename,33,Beata,beata-fn,F;M,3
RS,Serbia,forename,34,Eşref,esref-fn,M,2
RS,Serbia,forename,35,Глеб,gleb-fn,F;M,2
RS,Serbia,forename,36,Ibra,ibra-fn,M,2
RS,Serbia,forename,37,Loka,loka-fn,F;M,2
RS,Serbia,forename,38,Neva,neva-fn,F;M,2
RS,Serbia,forename,39,Valery,valery-fn,F;M,2
RS,Serbia,forename,40,Zahir,zahir-fn,F;M,2
RS,Serbia,surname,1,Jana,jana-sn,F;M,11
RS,Serbia,surname,2,Le,le-sn,F;M,7
RS,Serbia,surname,3,Степанов,stepanov-sn,F;M,7
RS,Serbia,surname,4,Ma,ma-sn,F;M,5
RS,Serbia,surname,5,Popa,popa-sn,F;M,3
RS,Serbia,surname,6,Seven,seven-sn,F;M,3
RS,Serbia,surname,7,Viola,viola-sn,M;F,3
RS,Serbia,surname,8,Zidan,zidan-sn,F;M,3
RS,Serbia,surname,9,Power,power-sn,,2
RS,Serbia,surname,10,Zhao,zhao-sn,F;M,2
RU,Russia,forename,1,Александр,aleksandr-fn,M;F,218232
RU,Russia,forename,2,Olga,olga-fn,F,195563
RU,Russia,forename,3,Sergej,sergej-fn,M;F,186731
RU,Russia,forename,4,Irina,irina-fn,F;M,178390
RU,Russia,forename,5,Татьяна,tatyana-fn,F;M,175379
RU,Russia,forename,6,Наталья,natalya-fn,F;M,169265
RU,Russia,forename,7,Anna,anna-fn,F;M,143028
RU,Russia,forename,8,Svetlana,svetlana-fn,F,142305
RU,Russia,forename,9,Andrej,andrej-fn,M,139102
RU,Russia,forename,10,Алексей,aleksej-fn,M,137155
RU,Russia,forename,11,Екатерина,ekaterina-fn,F,131338
RU,Russia,forename,12,Анастасия,anastasiya-fn,F,121805
RU,Russia,forename,13,Marina,marina-fn,F,116587
RU,Russia,forename,14,Юлия,yuliya-fn,F,115966
RU,Russia,forename,15,Дмитрий,dmitrij-fn,M,108277
RU,Russia,forename,16,Vladimir,vladimir-fn,M,98903
RU,Russia,forename,17,Мария,mariya-fn,F,87559
RU,Russia,forename,18,Ivan,ivan-fn,M,85164
RU,Russia,forename,19,Евгений,evgenij-fn,M,84829
RU,Russia,forename,20,Denis,denis-fn,M;F,72082
RU,Russia,forename,21,Максим,maksim-fn,M,70851
RU,Russia,forename,22,Igor,igor-fn,M,70365
RU,Russia,forename,23,Oksana,oksana-fn,F,63296
RU,Russia,forename,24,Oleg,oleg-fn,M,61410
RU,Russia,forename,25,Roman,roman-fn,M,60629
RU,Russia,forename,26,Виктория,viktoriya-fn,F,59797
RU,Russia,forename,27,Михаил,mihail-fn,M,58979
RU,Russia,forename,28,Pavel,pavel-fn,M,57191
RU,Russia,forename,29,Надежда,nadezhda-fn,F,57184
RU,Russia,forename,30,Людмила,lyudmila-fn,F,55864
RU,Russia,forename,31,Николай,nikolaj-fn,M,55582
RU,Russia,forename,32,Kristina,kristina-fn,F,55101
RU,Russia,forename,33,Nikita,nikita-fn,F;M,55086
RU,Russia,forename,34,Galina,galina-fn,F,54686
RU,Russia,forename,35,Alina,alina-fn,F,53816
RU,Russia,forename,36,Darya,darya-fn,F,52101
RU,Russia,forename,37,Anton,anton-fn,M,51990
RU,Russia,forename,38,Илья,ilya-fn,M,50447
RU,Russia,forename,39,Ruslan,ruslan-fn,M,49584
RU,Russia,forename,40,Elena,elena-fn,F;M,49489
RU,Russia,forename,41,Viktor,viktor-fn,M,46175
RU,Russia,forename,42,Ксения,kseniya-fn,F,45782
RU,Russia,forename,43,Артем,artem-fn,M,44819
RU,Russia,forename,44,Dima,dima-fn,M,43797
RU,Russia,forename,45,Евгения,evgeniya-fn,F,43606
RU,Russia,forename,46,Alena,alena-fn,F,43544
RU,Russia,forename,47,Sasha,sasha-fn,F;M,43053
RU,Russia,forename,48,Кирилл,kirill-fn,M,42770
RU,Russia,forename,49,Aleksandra,aleksandra-fn,F,40404
RU,Russia,forename,50,Юрий,yurij-fn,M,40303
RU,Russia,forename,51,Настя,nastya-fn,F,38155
RU,Russia,forename,52,Valentina,valentina-fn,F,37586
RU,Russia,forename,53,Lyubov,lyubov-fn,F,35061
RU,Russia,forename,54,Yana,yana-fn,F,34361
RU,Russia,forename,55,Sergey,sergey-fn,M,34330
RU,Russia,forename,56,Larisa,larisa-fn,F,33633
RU,Russia,forename,57,Vadim,vadim-fn,M,32870
RU,Russia,forename,58,Diana,diana-fn,F,32161
RU,Russia,forename,59,Konstantin,konstantin-fn,M,31630
RU,Russia,forename,60,Олеся,olesya-fn,F,31388
RU,Russia,forename,61,Katya,katya-fn,F,31312
RU,Russia,forename,62,Виталий,vitalij-fn,M,30946
RU,Russia,forename,63,Полина,polina-fn,F,30721
RU,Russia,forename,64,Vlad,vlad-fn,M,29525
RU,Russia,forename,65,Vera,vera-fn,F,27632
RU,Russia,forename,66,Nataliya,nataliya-fn,F,27316
RU,Russia,forename,67,Егор,egor-fn,M,27239
RU,Russia,forename,68,Artur,artur-fn,M,27134
RU,Russia,forename,69,Andrey,andrey-fn,M,26336
RU,Russia,forename,70,Вячеслав,vyacheslav-fn,M,25712
RU,Russia,forename,71,Nina,nina-fn,F,24799
RU,Russia,forename,72,Anastasia,anastasia-fn,F,24075
RU,Russia,forename,73,Artyom,artyom-fn,M,23855
RU,Russia,forename,74,Valeriya,valeriya-fn,F,23652
RU,Russia,forename,75,Vasilij,vasilij-fn,M,23614
RU,Russia,forename,76,Danil,danil-fn,M,23443
RU,Russia,forename,77,Tanya,tanya-fn,F,23425
RU,Russia,forename,78,Inna,inna-fn,F,23005
RU,Russia,forename,79,Lena,lena-fn,F,22686
RU,Russia,forename,80,Даша,dasha-fn,F,22094
RU,Russia,forename,81,Анатолий,anatolij-fn,M,21991
RU,Russia,forename,82,Владислав,vladislav-fn,M,21245
RU,Russia,forename,83,Olya,olya-fn,F,21237
RU,Russia,forename,84,Alex,alex-fn,M;F,21204
RU,Russia,forename,85,Karina,karina-fn,F,21115
RU,Russia,forename,86,Алёна,alyona-fn,F,20843
RU,Russia,forename,87,Maks,maks-fn,M,20248
RU,Russia,forename,88,Елизавета,elizaveta-fn,F,20155
RU,Russia,forename,89,Natasha,natasha-fn,F,20081
RU,Russia,forename,90,Veronika,veronika-fn,F,19524
RU,Russia,forename,91,Margarita,margarita-fn,F,19379
RU,Russia,forename,92,Madina,madina-fn,F,19140
RU,Russia,forename,93,Marat,marat-fn,M,19028
RU,Russia,forename,94,Валерий,valerij-fn,M,18911
RU,Russia,forename,95,Лилия,liliya-fn,F,18897
RU,Russia,forename,96,Dmitry,dmitry-fn,M,18835
RU,Russia,forename,97,Timur,timur-fn,M,18832
RU,Russia,forename,98,Alexandr,alexandr-fn,M,18681
RU,Russia,forename,99,Даниил,daniil-fn,M,18420
RU,Russia,forename,100,Alla,alla-fn,M;F,18299
RU,Russia,surname,1,Ivanov,ivanov-sn,M,47525
RU,Russia,surname,2,Ivanova,ivanova-sn,F,47056
RU,Russia,surname,3,Petrov,petrov-sn,M,21169
RU,Russia,surname,4,Магомедов,magomedov-sn,M,19691
RU,Russia,surname,5,Смирнова,smirnova-sn,F,17804
RU,Russia,surname,6,Petrova,petrova-sn,F,17591
RU,Russia,surname,7,Попова,popova-sn,,16023
RU,Russia,surname,8,Кузнецова,kuznecova-sn,F,15541
RU,Russia,surname,9,Smirnov,smirnov-sn,,14054
RU,Russia,surname,10,Алиев,aliev-sn,M,13957
RU,Russia,surname,11,Popov,popov-sn,M,13679
RU,Russia,surname,12,Vasileva,vasileva-sn,F,13628
RU,Russia,surname,13,Belov,belov-sn,F;M,13488
RU,Russia,surname,14,Magomedova,magomedova-sn,,13313
RU,Russia,surname,15,Волкова,volkova-sn,F,12260
RU,Russia,surname,16,Кузнецов,kuznecov-sn,M;F,12201
RU,Russia,surname,17,Романова,romanova-sn,F,11577
RU,Russia,surname,18,Vasilev,vasilev-sn,M,11570
RU,Russia,surname,19,Новикова,novikova-sn,F,10887
RU,Russia,surname,20,Морозова,morozova-sn,F,10447
RU,Russia,surname,21,Андреева,andreeva-sn,F,10442
RU,Russia,surname,22,Соколова,sokolova-sn,F,10353
RU,Russia,surname,23,Алиева,alieva-sn,F,10221
RU,Russia,surname,24,Павлова,pavlova-sn,F,10082
RU,Russia,surname,25,Kim,kim-sn,M;F,9612
RU,Russia,surname,26,Волков,volkov-sn,,9403
RU,Russia,surname,27,Макарова,makarova-sn,,9176
RU,Russia,surname,28,Alekseeva,alekseeva-sn,,8940
RU,Russia,surname,29,Сергеева,sergeeva-sn,,8869
RU,Russia,surname,30,Андреев,andreev-sn,,8560
RU,Russia,surname,31,Егорова,egorova-sn,,8447
RU,Russia,surname,32,Николаева,nikolaeva-sn,,8447
RU,Russia,surname,33,Степанова,stepanova-sn,F,8058
RU,Russia,surname,34,Павлов,pavlov-sn,M,8012
RU,Russia,surname,35,Соколов,sokolov-sn,M,7951
RU,Russia,surname,36,Новиков,novikov-sn,M,7904
RU,Russia,surname,37,Орлова,orlova-sn,F,7871
RU,Russia,surname,38,Сергеев,sergeev-sn,M,7854
RU,Russia,surname,39,Никитина,nikitina-sn,F,7835
RU,Russia,surname,40,Федорова,fedorova-sn,F,7797
RU,Russia,surname,41,Морозов,morozov-sn,M,7797
RU,Russia,surname,42,Романов,romanov-sn,M,7747
RU,Russia,surname,43,Михайлова,mihajlova-sn,F,7745
RU,Russia,surname,44,Ибрагимов,ibragimov-sn,,7721
RU,Russia,surname,45,Семенова,semenova-sn,F,7562
RU,Russia,surname,46,Макаров,makarov-sn,,7456
RU,Russia,surname,47,Lebedeva,lebedeva-sn,F,7319
RU,Russia,surname,48,Яковлева,yakovleva-sn,F,7079
RU,Russia,surname,49,Егоров,egorov-sn,M,7027
RU,Russia,surname,50,Миронова,mironova-sn,F,6992
RU,Russia,surname,51,Козлова,kozlova-sn,,6921
RU,Russia,surname,52,Борисова,borisova-sn,F,6557
RU,Russia,surname,53,Белова,belova-sn,F,6551
RU,Russia,surname,54,Шевченко,shevchenko-sn,F;M,6460
RU,Russia,surname,55,Захарова,zaharova-sn,F,6443
RU,Russia,surname,56,Ахмедов,ahmedov-sn,M,6394
RU,Russia,surname,57,Михайлов,mihajlov-sn,M,6280
RU,Russia,surname,58,Мамедов,mamedov-sn,M,6279
RU,Russia,surname,59,Алексеев,alekseev-sn,M,6258
RU,Russia,surname,60,Федоров,fedorov-sn,M,6250
RU,Russia,surname,61,Козлов,kozlov-sn,M,6222
RU,Russia,surname,62,Семенов,semenov-sn,M,6101
RU,Russia,surname,63,Никитин,nikitin-sn,M,6043
RU,Russia,surname,64,Кузьмина,kuzmina-sn,F,5984
RU,Russia,surname,65,Орлов,orlov-sn,M,5949
RU,Russia,surname,66,Дмитриева,dmitrieva-sn,F,5922
RU,Russia,surname,67,Медведева,medvedeva-sn,F,5875
RU,Russia,surname,68,Каримов,karimov-sn,M,5832
RU,Russia,surname,69,Исаев,isaev-sn,M,5818
RU,Russia,surname,70,Зайцева,zajceva-sn,,5797
RU,Russia,surname,71,Isaeva,isaeva-sn,F,5712
RU,Russia,surname,72,Антонова,antonova-sn,,5700
RU,Russia,surname,73,Александрова,aleksandrova-sn,,5666
RU,Russia,surname,74,Elena,elena-sn,F,5663
RU,Russia,surname,75,Тарасова,tarasova-sn,,5627
RU,Russia,surname,76,Назаров,nazarov-sn,,5617
RU,Russia,surname,77,Матвеева,matveeva-sn,F,5505
RU,Russia,surname,78,Григорьева,grigoreva-sn,F,5466
RU,Russia,surname,79,Мельникова,melnikova-sn,F,5437
RU,Russia,surname,80,Фролов,frolov-sn,,5306
RU,Russia,surname,81,Власова,vlasova-sn,,5266
RU,Russia,surname,82,Ковалева,kovaleva-sn,,5260
RU,Russia,surname,83,Юсупов,yusupov-sn,M,5249
RU,Russia,surname,84,Захаров,zaharov-sn,M,5207
RU,Russia,surname,85,Борисов,borisov-sn,M,5195
RU,Russia,surname,86,Сорокина,sorokina-sn,F,5192
RU,Russia,surname,87,Королева,koroleva-sn,F,5179
RU,Russia,surname,88,Бондаренко,bondarenko-sn,F;M,5150
RU,Russia,surname,89,Максимова,maksimova-sn,F,5150
RU,Russia,surname,90,Лебедев,lebedev-sn,M,5137
RU,Russia,surname,91,Сергеевна,sergeevna-sn,F,5124
RU,Russia,surname,92,Антонов,antonov-sn,M,5072
RU,Russia,surname,93,Коваленко,kovalenko-sn,F;M,5001
RU,Russia,surname,94,Богданова,bogdanova-sn,F,4991
RU,Russia,surname,95,Данилова,danilova-sn,F,4986
RU,Russia,surname,96,Абдуллаев,abdullaev-sn,M,4801
RU,Russia,surname,97,Киселева,kiseleva-sn,F,4738
RU,Russia,surname,98,Назарова,nazarova-sn,F,4704
RU,Russia,surname,99,Kot,kot-sn,,4679
RU,Russia,surname,100,Зайцев,zajcev-sn,M,4667
SA,Saudi Arabia,forename,1,Mohamed,mohamed-fn,M,1482714
SA,Saudi Arabia,forename,2,محمد,mhmd-fn,M;F,585918
SA,Saudi Arabia,forename,3,Ahmed,ahmed-fn,M,543643
SA,Saudi Arabia,forename,4,Md,md-fn,M;F,366621
SA,Saudi Arabia,forename,5,احمد,ahmd-fn,M;F,279742
SA,Saudi Arabia,forename,6,ابو,abw-fn,M;F,253058
SA,Saudi Arabia,forename,7,Muhammad,muhammad-fn,M;F,236316
SA,Saudi Arabia,forename,8,عبدالله,abdallh-fn,M,204612
SA,Saudi Arabia,forename,9,Mohammed,mohammed-fn,M;F,184381
SA,Saudi Arabia,forename,10,Ali,ali-fn,M;F,171535
SA,Saudi Arabia,forename,11,خالد,khald-fn,M,168607
SA,Saudi Arabia,forename,12,علي,aly-fn,M;F,161789
SA,Saudi Arabia,forename,13,Abdul,abdul-fn,M,152038
SA,Saudi Arabia,forename,14,Mohammad,mohammad-fn,M;F,145998
SA,Saudi Arabia,forename,15,Hassan,hassan-fn,M;F,132436
SA,Saudi Arabia,forename,16,Omar,omar-fn,M;F,130987
SA,Saudi Arabia,forename,17,Salah,salah-fn,M;F,98552
SA,Saudi Arabia,forename,18,Mahmoud,mahmoud-fn,M,97098
SA,Saudi Arabia,forename,19,Abdullah,abdullah-fn,M,94320
SA,Saudi Arabia,forename,20,Nour,nour-fn,F;M,91041
SA,Saudi Arabia,forename,21,Nasser,nasser-fn,M;F,89769
SA,Saudi Arabia,forename,22,Ahmad,ahmad-fn,M;F,87285
SA,Saudi Arabia,forename,23,Khaled,khaled-fn,M,86994
SA,Saudi Arabia,forename,24,Hussein,hussein-fn,M;F,84272
SA,Saudi Arabia,forename,25,Mohd,mohd-fn,M;F,82846
SA,Saudi Arabia,forename,26,فهد,fhd-fn,M;F,82317
SA,Saudi Arabia,forename,27,عبدالرحمن,abdalrhmn-fn,M;F,76051
SA,Saudi Arabia,forename,28,Sara,sara-fn,F;M,75425
SA,Saudi Arabia,forename,29,Malak,malak-fn,F,74015
SA,Saudi Arabia,forename,30,ابراهيم,abrahym-fn,M;F,65770
SA,Saudi Arabia,forename,31,حسن,hsn-fn,M;F,64296
SA,Saudi Arabia,forename,32,فيصل,fysl-fn,M;F,63547
SA,Saudi Arabia,forename,33,Yasser,yasser-fn,M;F,63454
SA,Saudi Arabia,forename,34,عمر,amr-fn,M;F,62689
SA,Saudi Arabia,forename,35,Abu,abu-fn,M;F,60168
SA,Saudi Arabia,forename,36,Imran,imran-fn,M;F,59958
SA,Saudi Arabia,forename,37,Majid,majid-fn,M,59604
SA,Saudi Arabia,forename,38,Salem,salem-fn,M,58284
SA,Saudi Arabia,forename,39,Amir,amir-fn,M;F,57812
SA,Saudi Arabia,forename,40,Ibrahim,ibrahim-fn,M;F,56221
SA,Saudi Arabia,forename,41,Khalid,khalid-fn,M;F,51600
SA,Saudi Arabia,forename,42,صالح,salh-fn,M;F,51517
SA,Saudi Arabia,forename,43,Malik,malik-fn,M;F,51132
SA,Saudi Arabia,forename,44,محمود,mhmwd-fn,M;F,50379
SA,Saudi Arabia,forename,45,عبدالعزيز,abdalazyz-fn,M;F,50178
SA,Saudi Arabia,forename,46,Faisal,faisal-fn,M;F,49972
SA,Saudi Arabia,forename,47,Khan,khan-fn,M;F,49668
SA,Saudi Arabia,forename,48,Salman,salman-fn,M;F,49337
SA,Saudi Arabia,forename,49,حسين,hsyn-fn,M;F,49258
SA,Saudi Arabia,forename,50,سلطان,sltan-fn,M;F,47383
SA,Saudi Arabia,forename,51,ماجد,majd-fn,M;F,45442
SA,Saudi Arabia,forename,52,Badr,badr-fn,M;F,44951
SA,Saudi Arabia,forename,53,يوسف,ywsf-fn,M;F,44326
SA,Saudi Arabia,forename,54,Noor,noor-fn,M;F,42895
SA,Saudi Arabia,forename,55,ناصر,nasr-fn,M;F,42263
SA,Saudi Arabia,forename,56,Rana,rana-fn,M;F,41476
SA,Saudi Arabia,forename,57,Abdo,abdo-fn,M;F,41382
SA,Saudi Arabia,forename,58,ام,am-fn,F;M,41310
SA,Saudi Arabia,forename,59,سعد,sad-fn,M,41230
SA,Saudi Arabia,forename,60,وليد,wlyd-fn,M,41162
SA,Saudi Arabia,forename,61,Fahad,fahad-fn,M;F,40165
SA,Saudi Arabia,forename,62,تركي,trky-fn,M;F,38864
SA,Saudi Arabia,forename,63,نواف,nwaf-fn,M;F,38223
SA,Saudi Arabia,forename,64,نايف,nayf-fn,M,37952
SA,Saudi Arabia,forename,65,Anwar,anwar-fn,M,37475
SA,Saudi Arabia,forename,66,Jamal,jamal-fn,M;F,36826
SA,Saudi Arabia,forename,67,Fares,fares-fn,M,36319
SA,Saudi Arabia,forename,68,Osama,osama-fn,M,35870
SA,Saudi Arabia,forename,69,Kamal,kamal-fn,M;F,35331
SA,Saudi Arabia,forename,70,Rashid,rashid-fn,M,35162
SA,Saudi Arabia,forename,71,Ayman,ayman-fn,M,35138
SA,Saudi Arabia,forename,72,Shahid,shahid-fn,M;F,34631
SA,Saudi Arabia,forename,73,Raja,raja-fn,M;F,34569
SA,Saudi Arabia,forename,74,سعيد,sayd-fn,M;F,34320
SA,Saudi Arabia,forename,75,Mustafa,mustafa-fn,M;F,34306
SA,Saudi Arabia,forename,76,ياسر,yasr-fn,M;F,33271
SA,Saudi Arabia,forename,77,Sultan,sultan-fn,M;F,33111
SA,Saudi Arabia,forename,78,Asif,asif-fn,M;F,32161
SA,Saudi Arabia,forename,79,Adel,aadl-fn,M,32126
SA,Saudi Arabia,forename,80,Hamad,hamad-fn,M,31941
SA,Saudi Arabia,forename,81,Bilal,bilal-fn,M;F,31465
SA,Saudi Arabia,forename,82,سعود,sawd-fn,M;F,31296
SA,Saudi Arabia,forename,83,Alaa,alaa-fn,M,30729
SA,Saudi Arabia,forename,84,سالم,salm-fn,M,30535
SA,Saudi Arabia,forename,85,Abo,abo-fn,M;F,30253
SA,Saudi Arabia,forename,86,Saad,saad-fn,M;F,30193
SA,Saudi Arabia,forename,87,بدر,bdr-fn,M;F,30147
SA,Saudi Arabia,forename,88,Haji,haji-fn,M,29941
SA,Saudi Arabia,forename,89,فارس,fars-fn,M;F,29933
SA,Saudi Arabia,forename,90,Saeed,saeed-fn,M,28306
SA,Saudi Arabia,forename,91,Amjad,amjad-fn,M;F,27953
SA,Saudi Arabia,forename,92,Muhammed,muhammed-fn,M;F,27935
SA,Saudi Arabia,forename,93,Emad,emad-fn,M,27539
SA,Saudi Arabia,forename,94,Adnan,adnan-fn,M,27405
SA,Saudi Arabia,forename,95,Walid,walid-fn,M;F,27341
SA,Saudi Arabia,forename,96,Irfan,irfan-fn,M,27174
SA,Saudi Arabia,forename,97,Ram,ram-fn,M;F,26753
SA,Saudi Arabia,forename,98,Nasir,nasir-fn,M;F,26056
SA,Saudi Arabia,forename,99,Hossam,hossam-fn,M,25951
SA,Saudi Arabia,forename,100,Ashraf,ashraf-fn,M,25910
SA,Saudi Arabia,surname,1,Khan,khan-sn,M;F,1067298
SA,Saudi Arabia,surname,2,Ali,ali-sn,M;F,634430
SA,Saudi Arabia,surname,3,Ahmed,ahmed-sn,M;F,582292
SA,Saudi Arabia,surname,4,Mohamed,mohamed-sn,M;F,527005
SA,Saudi Arabia,surname,5,Hossain,hossain-sn,M;F,288666
SA,Saudi Arabia,surname,6,محمد,mhmd-sn,M;F,234737
SA,Saudi Arabia,surname,7,Ahmad,ahmad-sn,M;F,211431
SA,Saudi Arabia,surname,8,الحربي,alhrby-sn,M;F,200882
SA,Saudi Arabia,surname,9,Kumar,kumar-sn,M;F,175968
SA,Saudi Arabia,surname,10,العتيبي,alatyby-sn,M;F,142124
SA,Saudi Arabia,surname,11,احمد,ahmd-sn,M;F,128414
SA,Saudi Arabia,surname,12,Ansari,ansari-sn,M;F,123857
SA,Saudi Arabia,surname,13,العنزي,alanzy-sn,M;F,120432
SA,Saudi Arabia,surname,14,Hussain,hussain-sn,M;F,110937
SA,Saudi Arabia,surname,15,Alam,alam-sn,M;F,104747
SA,Saudi Arabia,surname,16,القحطاني,alqhtany-sn,M;F,104736
SA,Saudi Arabia,surname,17,علي,aly-sn,M;F,102406
SA,Saudi Arabia,surname,18,الشمري,alshmry-sn,M;F,97222
SA,Saudi Arabia,surname,19,Islam,islam-sn,M;F,92144
SA,Saudi Arabia,surname,20,Rahman,rahman-sn,M;F,90857
SA,Saudi Arabia,surname,21,Mohammed,mohammed-sn,M;F,80920
SA,Saudi Arabia,surname,22,Ibrahim,ibrahim-sn,M;F,79645
SA,Saudi Arabia,surname,23,الدوسري,aldwsry-sn,M;F,75842
SA,Saudi Arabia,surname,24,Shaikh,shaikh-sn,M;F,73617
SA,Saudi Arabia,surname,25,عبدالله,abdallh-sn,M;F,71466
SA,Saudi Arabia,surname,26,Salah,salah-sn,M;F,70373
SA,Saudi Arabia,surname,27,الزهراني,alzhrany-sn,M;F,68785
SA,Saudi Arabia,surname,28,Mahmoud,mahmoud-sn,M;F,68388
SA,Saudi Arabia,surname,29,المطيري,almtyry-sn,M;F,68297
SA,Saudi Arabia,surname,30,Ullah,ullah-sn,M;F,66963
SA,Saudi Arabia,surname,31,الغامدي,alghamdy-sn,M;F,63494
SA,Saudi Arabia,surname,32,الشهري,alshhry-sn,M;F,62117
SA,Saudi Arabia,surname,33,Singh,singh-sn,M;F,61221
SA,Saudi Arabia,surname,34,Abdullah,abdullah-sn,M;F,60142
SA,Saudi Arabia,surname,35,Omar,omar-sn,M;F,60042
SA,Saudi Arabia,surname,36,Sk,sk-sn,M;F,59579
SA,Saudi Arabia,surname,37,Said,said-sn,M;F,58748
SA,Saudi Arabia,surname,38,Yadav,yadav-sn,M;F,58516
SA,Saudi Arabia,surname,39,Malik,malik-sn,M;F,57180
SA,Saudi Arabia,surname,40,Uddin,uddin-sn,M;F,55584
SA,Saudi Arabia,surname,41,Al,al-sn,M;F,54296
SA,Saudi Arabia,surname,42,Shah,shah-sn,M;F,51002
SA,Saudi Arabia,surname,43,Hassan,hassan-sn,F;M,49966
SA,Saudi Arabia,surname,44,Nasser,nasser-sn,M;F,48286
SA,Saudi Arabia,surname,45,Abbas,abbas-sn,M;F,47594
SA,Saudi Arabia,surname,46,Saad,saad-sn,M;F,46795
SA,Saudi Arabia,surname,47,Salem,salem-sn,M;F,43868
SA,Saudi Arabia,surname,48,Mohammad,mohammad-sn,M;F,42519
SA,Saudi Arabia,surname,49,Muhammad,muhammad-sn,M;F,41658
SA,Saudi Arabia,surname,50,Alharbi,alharbi-sn,M;F,41651
SA,Saudi Arabia,surname,51,حسن,hsn-sn,M;F,39376
SA,Saudi Arabia,surname,52,المالكي,almalky-sn,M;F,38517
SA,Saudi Arabia,surname,53,Iqbal,iqbal-sn,M;F,38144
SA,Saudi Arabia,surname,54,الجهني,aljhny-sn,M;F,37066
SA,Saudi Arabia,surname,55,Hasan,hasan-sn,M;F,36909
SA,Saudi Arabia,surname,56,Miah,miah-sn,M;F,36795
SA,Saudi Arabia,surname,57,عسيري,asyry-sn,M;F,36234
SA,Saudi Arabia,surname,58,Nour,nour-sn,F;M,35527
SA,Saudi Arabia,surname,59,خالد,khald-sn,M;F,35487
SA,Saudi Arabia,surname,60,Khaled,khaled-sn,M;F,34682
SA,Saudi Arabia,surname,61,الحارثي,alharthy-sn,M;F,34607
SA,Saudi Arabia,surname,62,الشريف,alshryf-sn,M;F,34004
SA,Saudi Arabia,surname,63,Jamal,jamal-sn,M;F,33769
SA,Saudi Arabia,surname,64,العمري,alamry-sn,M;F,33484
SA,Saudi Arabia,surname,65,الشهراني,alshhrany-sn,M;F,33458
SA,Saudi Arabia,surname,66,Rana,rana-sn,M;F,32965
SA,Saudi Arabia,surname,67,Gujjar,gujjar-sn,M;F,32341
SA,Saudi Arabia,surname,68,ابراهيم,abrahym-sn,M;F,29781
SA,Saudi Arabia,surname,69,Abdo,abdo-sn,M;F,29591
SA,Saudi Arabia,surname,70,صالح,salh-sn,M;F,29540
SA,Saudi Arabia,surname,71,السبيعي,alsbyay-sn,M;F,28974
SA,Saudi Arabia,surname,72,Jan,jan-sn,M;F,28923
SA,Saudi Arabia,surname,73,Rashid,rashid-sn,M;F,28564
SA,Saudi Arabia,surname,74,Jutt,jutt-sn,M;F,28274
SA,Saudi Arabia,surname,75,العسيري,alasyry-sn,M;F,28099
SA,Saudi Arabia,surname,76,Kamal,kamal-sn,M;F,27829
SA,Saudi Arabia,surname,77,القرني,alqrny-sn,M;F,27766
SA,Saudi Arabia,surname,78,الرشيدي,alrshydy-sn,M;F,26515
SA,Saudi Arabia,surname,79,Raja,raja-sn,M;F,25932
SA,Saudi Arabia,surname,80,حسين,hsyn-sn,M;F,25750
SA,Saudi Arabia,surname,81,Imran,imran-sn,M;F,25579
SA,Saudi Arabia,surname,82,Raj,raj-sn,M;F,25459
SA,Saudi Arabia,surname,83,Magar,magar-sn,M;F,25410
SA,Saudi Arabia,surname,84,Chaudhary,chaudhary-sn,M;F,25215
SA,Saudi Arabia,surname,85,عمر,amr-sn,M;F,25182
SA,Saudi Arabia,surname,86,Osman,osman-sn,M;F,24831
SA,Saudi Arabia,surname,87,اليامي,alyamy-sn,M;F,24653
SA,Saudi Arabia,surname,88,Mia,mia-sn,M;F,24599
SA,Saudi Arabia,surname,89,Saleem,saleem-sn,M;F,23254
SA,Saudi Arabia,surname,90,Sayed,sayed-sn,M;F,23001
SA,Saudi Arabia,surname,91,محمود,mhmwd-sn,M;F,22794
SA,Saudi Arabia,surname,92,Salman,salman-sn,M;F,22570
SA,Saudi Arabia,surname,93,Alali,alali-sn,M;F,22561
SA,Saudi Arabia,surname,94,Saeed,saeed-sn,M;F,22353
SA,Saudi Arabia,surname,95,Amine,amine-sn,M;F,22316
SA,Saudi Arabia,surname,96,Raza,raza-sn,M,22210
SA,Saudi Arabia,surname,97,يوسف,ywsf-sn,M;F,22151
SA,Saudi Arabia,surname,98,Khalid,khalid-sn,M;F,22090
SA,Saudi Arabia,surname,99,سعيد,sayd-sn,M;F,22037
SA,Saudi Arabia,surname,100,Mostafa,mostafa-sn,M;F,21971
SD,Sudan,forename,1,Mohamed,mohamed-fn,M,376324
SD,Sudan,forename,2,محمد,mhmd-fn,M;F,264561
SD,Sudan,forename,3,Ahmed,ahmed-fn,M,170321
SD,Sudan,forename,4,احمد,ahmd-fn,M;F,110419
SD,Sudan,forename,5,ام,am-fn,F;M,65425
SD,Sudan,forename,6,Omar,omar-fn,M;F,58881
SD,Sudan,forename,7,Mohammed,mohammed-fn,M;F,48596
SD,Sudan,forename,8,Hassan,hassan-fn,M;F,46351
SD,Sudan,forename,9,عبدالله,abdallh-fn,M,43866
SD,Sudan,forename,10,علي,aly-fn,M;F,42186
SD,Sudan,forename,11,ود,wd-fn,M,40110
SD,Sudan,forename,12,عمر,amr-fn,M;F,39386
SD,Sudan,forename,13,ابراهيم,abrahym-fn,M;F,38941
SD,Sudan,forename,14,ابو,abw-fn,M;F,37585
SD,Sudan,forename,15,حسن,hsn-fn,M;F,33642
SD,Sudan,forename,16,ادم,adm-fn,M,31699
SD,Sudan,forename,17,Salah,salah-fn,M;F,30094
SD,Sudan,forename,18,عثمان,athman-fn,M,28577
SD,Sudan,forename,19,خالد,khald-fn,M,28414
SD,Sudan,forename,20,يوسف,ywsf-fn,M;F,26545
SD,Sudan,forename,21,Yasser,yasser-fn,M;F,23173
SD,Sudan,forename,22,Ayman,ayman-fn,M,21729
SD,Sudan,forename,23,الطيب,altyb-fn,M,19966
SD,Sudan,forename,24,عبدالرحمن,abdalrhmn-fn,M;F,19812
SD,Sudan,forename,25,Sara,sara-fn,F;M,19398
SD,Sudan,forename,26,Mahmoud,mahmoud-fn,M,19341
SD,Sudan,forename,27,Hussein,hussein-fn,M;F,18646
SD,Sudan,forename,28,Ali,ali-fn,M;F,18042
SD,Sudan,forename,29,مصطفي,mstfy-fn,M,17998
SD,Sudan,forename,30,حسين,hsyn-fn,M;F,16896
SD,Sudan,forename,31,Abdo,abdo-fn,M;F,16549
SD,Sudan,forename,32,مصعب,msab-fn,M,16530
SD,Sudan,forename,33,ياسر,yasr-fn,M;F,15914
SD,Sudan,forename,34,محمود,mhmwd-fn,M;F,15734
SD,Sudan,forename,35,Omer,omer-fn,M,15352
SD,Sudan,forename,36,Khaled,khaled-fn,M,14819
SD,Sudan,forename,37,الصادق,alsadq-fn,M,14745
SD,Sudan,forename,38,Amar,amar-fn,M;F,14361
SD,Sudan,forename,39,Amir,amir-fn,M;F,14135
SD,Sudan,forename,40,فاطمة,fatmh-fn,F;M,13969
SD,Sudan,forename,41,Abu Bakr,abwbkr-fn,M,13916
SD,Sudan,forename,42,عبدو,abdw-fn,M;F,13487
SD,Sudan,forename,43,Hamed,hamed-fn,M,13362
SD,Sudan,forename,44,صلاح,slah-fn,M;F,13301
SD,Sudan,forename,45,عوض,awdh-fn,M,13204
SD,Sudan,forename,46,سليمان,slyman-fn,M,13173
SD,Sudan,forename,47,مهند,mhnd-fn,M;F,13068
SD,Sudan,forename,48,Mujahid,mjahd-fn,M,13009
SD,Sudan,forename,49,اسماعيل,asmaayl-fn,M,12757
SD,Sudan,forename,50,زهرة,zhrh-fn,F;M,12608
SD,Sudan,forename,51,Mustafa,mustafa-fn,M;F,12593
SD,Sudan,forename,52,بكري,bkry-fn,M,12133
SD,Sudan,forename,53,Osama,osama-fn,M,12096
SD,Sudan,forename,54,مبارك,mbark-fn,M,11882
SD,Sudan,forename,55,Adel,aadl-fn,M,11852
SD,Sudan,forename,56,حامد,hamd-fn,M,11845
SD,Sudan,forename,57,ايمن,aymn-fn,M;F,11531
SD,Sudan,forename,58,بت,bt-fn,F,11485
SD,Sudan,forename,59,Osman,osman-fn,M,11458
SD,Sudan,forename,60,Issam,issam-fn,M;F,11332
SD,Sudan,forename,61,مصطفى,mstfa-fn,M,11271
SD,Sudan,forename,62,وليد,wlyd-fn,M,10751
SD,Sudan,forename,63,امير,amyr-fn,M;F,10571
SD,Sudan,forename,64,بشير,bshyr-fn,M,10503
SD,Sudan,forename,65,Emad,emad-fn,M,10410
SD,Sudan,forename,66,زول,zwl-fn,M,10343
SD,Sudan,forename,67,اميرة,amyrh-fn,F;M,10334
SD,Sudan,forename,68,موسي,mwsy-fn,M,10320
SD,Sudan,forename,69,Ibrahim,ibrahim-fn,M;F,10207
SD,Sudan,forename,70,Jamal,jamal-fn,M;F,10170
SD,Sudan,forename,71,Alaa,alaa-fn,M,10135
SD,Sudan,forename,72,عصام,asam-fn,M;F,10119
SD,Sudan,forename,73,صالح,salh-fn,M;F,9961
SD,Sudan,forename,74,Abbas,abas-fn,M;F,9868
SD,Sudan,forename,75,صديق,sdyq-fn,M,9864
SD,Sudan,forename,76,Kamal,kamal-fn,M;F,9361
SD,Sudan,forename,77,طارق,tarq-fn,M;F,9308
SD,Sudan,forename,78,Khalid,khalid-fn,M;F,9304
SD,Sudan,forename,79,سارة,sarh-fn,F;M,9169
SD,Sudan,forename,80,بابكر,babkr-fn,M,9020
SD,Sudan,forename,81,ام محمد,am-mhmd-fn,F,8966
SD,Sudan,forename,82,محمد احمد,mhmd-ahmd-fn,M,8942
SD,Sudan,forename,83,Hamada,hamada-fn,M;F,8586
SD,Sudan,forename,84,Zeinab,zeinab-fn,F,8521
SD,Sudan,forename,85,Malak,malak-fn,F,8514
SD,Sudan,forename,86,عبدالرحيم,abdalrhym-fn,M,8394
SD,Sudan,forename,87,Adam,adam-fn,M,8293
SD,Sudan,forename,88,جمال,jmal-fn,M;F,8279
SD,Sudan,forename,89,Sahar,sahar-fn,F;M,8219
SD,Sudan,forename,90,عبدالعزيز,abdalazyz-fn,M;F,8212
SD,Sudan,forename,91,وعد,wad-fn,F;M,8169
SD,Sudan,forename,92,عماد,amad-fn,M;F,7868
SD,Sudan,forename,93,حنين,hnyn-fn,F;M,7851
SD,Sudan,forename,94,Mona,mona-fn,F;M,7824
SD,Sudan,forename,95,Abdul Aziz,abd-alazyz-fn,M,7514
SD,Sudan,forename,96,معتصم,matsm-fn,M,7420
SD,Sudan,forename,97,اسامة,asamh-fn,M,7346
SD,Sudan,forename,98,Mazen,mazen-fn,M;F,7330
SD,Sudan,forename,99,هاشم,hashm-fn,M,7278
SD,Sudan,forename,100,عزالدين,azaldyn-fn,M,7265
SD,Sudan,surname,1,Mohamed,mohamed-sn,M;F,367618
SD,Sudan,surname,2,محمد,mhmd-sn,M;F,287441
SD,Sudan,surname,3,Ahmed,ahmed-sn,M;F,231246
SD,Sudan,surname,4,احمد,ahmd-sn,M;F,164018
SD,Sudan,surname,5,Ali,ali-sn,M;F,137406
SD,Sudan,surname,6,Ibrahim,ibrahim-sn,M;F,109447
SD,Sudan,surname,7,عبدالله,abdallh-sn,M;F,97604
SD,Sudan,surname,8,علي,aly-sn,M;F,88408
SD,Sudan,surname,9,ادم,adm-sn,M;F,84893
SD,Sudan,surname,10,Omar,omar-sn,M;F,80467
SD,Sudan,surname,11,ابراهيم,abrahym-sn,M;F,73209
SD,Sudan,surname,12,حسن,hsn-sn,M;F,64429
SD,Sudan,surname,13,عمر,amr-sn,M;F,55523
SD,Sudan,surname,14,Salah,salah-sn,M;F,53939
SD,Sudan,surname,15,عثمان,athman-sn,M;F,52176
SD,Sudan,surname,16,يوسف,ywsf-sn,M;F,39320
SD,Sudan,surname,17,Mohammed,mohammed-sn,M;F,35185
SD,Sudan,surname,18,Hossain,hossain-sn,M;F,33385
SD,Sudan,surname,19,Hamed,hamed-sn,M;F,32358
SD,Sudan,surname,20,سليمان,slyman-sn,M;F,31977
SD,Sudan,surname,21,حسين,hsyn-sn,M;F,30402
SD,Sudan,surname,22,Mahmoud,mahmoud-sn,M;F,28821
SD,Sudan,surname,23,عبدالرحمن,abdalrhmn-sn,M;F,28092
SD,Sudan,surname,24,حامد,hamd-sn,M;F,27247
SD,Sudan,surname,25,Hassan,hassan-sn,F;M,25902
SD,Sudan,surname,26,Osman,osman-sn,M;F,25302
SD,Sudan,surname,27,الطيب,altyb-sn,M;F,25030
SD,Sudan,surname,28,محمود,mhmwd-sn,M;F,24502
SD,Sudan,surname,29,اسماعيل,asmaayl-sn,M;F,23497
SD,Sudan,surname,30,صالح,salh-sn,M;F,23163
SD,Sudan,surname,31,موسي,mwsy-sn,M;F,22668
SD,Sudan,surname,32,Adam,adam-sn,M;F,22554
SD,Sudan,surname,33,Abakar,abkr-sn,M;F,21682
SD,Sudan,surname,34,Babkr,babkr-sn,M;F,20584
SD,Sudan,surname,35,Abdo,abdo-sn,M;F,20087
SD,Sudan,surname,36,ادريس,adrys-sn,M;F,19785
SD,Sudan,surname,37,Omer,omer-sn,M;F,19627
SD,Sudan,surname,38,Abdullah,abdullah-sn,M;F,18826
SD,Sudan,surname,39,بشير,bshyr-sn,M;F,18706
SD,Sudan,surname,40,الحاج,alhaj-sn,M;F,18635
SD,Sudan,surname,41,عوض,awdh-sn,M;F,18566
SD,Sudan,surname,42,Said,said-sn,M;F,18481
SD,Sudan,surname,43,عبدو,abdw-sn,M;F,16629
SD,Sudan,surname,44,مصطفي,mstfy-sn,M;F,15965
SD,Sudan,surname,45,يحي,yhy-sn,M;F,15809
SD,Sudan,surname,46,عباس,abas-sn,M;F,15402
SD,Sudan,surname,47,خالد,khald-sn,M;F,15266
SD,Sudan,surname,48,Kamal,kamal-sn,M;F,15206
SD,Sudan,surname,49,الجعلي,aljaly-sn,M;F,14963
SD,Sudan,surname,50,صديق,sdyq-sn,M;F,14877
SD,Sudan,surname,51,سعيد,sayd-sn,M;F,14119
SD,Sudan,surname,52,موسى,mwsa-sn,M;F,13885
SD,Sudan,surname,53,يعقوب,yaqwb-sn,M,13735
SD,Sudan,surname,54,الشيخ,alshykh-sn,M;F,13330
SD,Sudan,surname,55,صلاح,slah-sn,M;F,13321
SD,Sudan,surname,56,يناير,ynayr-sn,M;F,12741
SD,Sudan,surname,57,هارون,harwn-sn,M;F,12450
SD,Sudan,surname,58,الطاهر,altahr-sn,M,12413
SD,Sudan,surname,59,الصادق,alsadq-sn,M;F,12387
SD,Sudan,surname,60,Al-Amin,alamyn-sn,M;F,11944
SD,Sudan,surname,61,عبد الله,abd-allh-sn,M;F,11498
SD,Sudan,surname,62,إبراهيم,ibrahym-sn,M;F,11031
SD,Sudan,surname,63,Abdalla,abdalla-sn,M;F,10930
SD,Sudan,surname,64,الهادي,alhady-sn,F;M,10528
SD,Sudan,surname,65,Hamada,hamada-sn,M;F,10276
SD,Sudan,surname,66,محمد احمد,mhmd-ahmd-sn,,10273
SD,Sudan,surname,67,عبدالقادر,abdalqadr-sn,M;F,9859
SD,Sudan,surname,68,على,ala-sn,M;F,9810
SD,Sudan,surname,69,سوداني,swdany-sn,M;F,9771
SD,Sudan,surname,70,Jamal,jamal-sn,M;F,9724
SD,Sudan,surname,71,جعليه,jalyh-sn,,9508
SD,Sudan,surname,72,Mostafa,mostafa-sn,M;F,9502
SD,Sudan,surname,73,عيسي,aysy-sn,M;F,9472
SD,Sudan,surname,74,مصطفى,mstfa-sn,M;F,9426
SD,Sudan,surname,75,Awad,awad-sn,M;F,9401
SD,Sudan,surname,76,حماد,hmad-sn,M;F,9128
SD,Sudan,surname,77,Hmd,hmd-sn,M;F,9062
SD,Sudan,surname,78,Musa,musa-sn,M;F,9000
SD,Sudan,surname,79,Ahmad,ahmad-sn,M;F,8935
SD,Sudan,surname,80,عبدالرحيم,abdalrhym-sn,M;F,8923
SD,Sudan,surname,81,Saad,saad-sn,M;F,8916
SD,Sudan,surname,82,جمعه,jmah-sn,M;F,8914
SD,Sudan,surname,83,عبدالكريم,abdalkrym-sn,M;F,8691
SD,Sudan,surname,84,فضل,fdhl-sn,M;F,8670
SD,Sudan,surname,85,Yousef,yousef-sn,M;F,8541
SD,Sudan,surname,86,Yousif,yousif-sn,M;F,8541
SD,Sudan,surname,87,Bakheet,bkhyt-sn,M;F,8538
SD,Sudan,surname,88,التوم,altwm-sn,M;F,8415
SD,Sudan,surname,89,Mustafa,mustafa-sn,M;F,8384
SD,Sudan,surname,90,مارس,mars-sn,,8370
SD,Sudan,surname,91,الصديق,alsdyq-sn,M;F,8134
SD,Sudan,surname,92,Mokhtar,mkhtar-sn,M;F,8108
SD,Sudan,surname,93,كمال,kmal-sn,M;F,8101
SD,Sudan,surname,94,عبد الرحمن,abd-alrhmn-sn,M;F,8015
SD,Sudan,surname,95,هاشم,hashm-sn,M;F,7974
SD,Sudan,surname,96,Adel,aadl-sn,M;F,7831
SD,Sudan,surname,97,مبارك,mbark-sn,M,7698
SD,Sudan,surname,98,الجعليه,aljalyh-sn,,7684
SD,Sudan,surname,99,جعلي,jaly-sn,M,7529
SD,Sudan,surname,100,البشير,albshyr-sn,M;F,7505
SE,Sweden,forename,1,Anna,anna-fn,F;M,13096
SE,Sweden,forename,2,Johan,johan-fn,M,11796
SE,Sweden,forename,3,Anders,anders-fn,M,10066
SE,Sweden,forename,4,Peter,peter-fn,M,8928
SE,Sweden,forename,5,Fredrik,fredrik-fn,M,8650
SE,Sweden,forename,6,Daniel,daniel-fn,M;F,8237
SE,Sweden,forename,7,Olaf,olaf-fn,M,7364
SE,Sweden,forename,8,Andreas,andreas-fn,M,6850
SE,Sweden,forename,9,Sara,sara-fn,F;M,6767
SE,Sweden,forename,10,Malin,malin-fn,F,6363
SE,Sweden,forename,11,Eva,eva-fn,F,6326
SE,Sweden,forename,12,Martin,martin-fn,M,6218
SE,Sweden,forename,13,Magnus,magnus-fn,M,5924
SE,Sweden,forename,14,Mikael,mikael-fn,M,5874
SE,Sweden,forename,15,Linda,linda-fn,F;M,5859
SE,Sweden,forename,16,Lena,lena-fn,F,5853
SE,Sweden,forename,17,Emma,emma-fn,F,5629
SE,Sweden,forename,18,Jonas,jonas-fn,M,5567
SE,Sweden,forename,19,Johanna,johanna-fn,F,5178
SE,Sweden,forename,20,Stefan,stefan-fn,M,5084
SE,Sweden,forename,21,Karin,karin-fn,F,5029
SE,Sweden,forename,22,Lars,lars-fn,M,5016
SE,Sweden,forename,23,Erik,erik-fn,M,4927
SE,Sweden,forename,24,Sofia,sofia-fn,F,4493
SE,Sweden,forename,25,Per,per-fn,M,4452
SE,Sweden,forename,26,Marie,marie-fn,F;M,4380
SE,Sweden,forename,27,Thomas,thomas-fn,M,4221
SE,Sweden,forename,28,Henrik,henrik-fn,M,4176
SE,Sweden,forename,29,Mattias,mattias-fn,M,3922
SE,Sweden,forename,30,Mats,mats-fn,M,3889
SE,Sweden,forename,31,David,david-fn,M;F,3795
SE,Sweden,forename,32,Mohamed,mohamed-fn,M,3760
SE,Sweden,forename,33,Jenny,jenny-fn,F,3645
SE,Sweden,forename,34,Patrik,patrik-fn,M,3581
SE,Sweden,forename,35,Jan,jan-fn,M;F,3526
SE,Sweden,forename,36,Marcus,marcus-fn,M,3499
SE,Sweden,forename,37,Bjorn,bjorn-fn,M,3356
SE,Sweden,forename,38,Helena,helena-fn,F,3354
SE,Sweden,forename,39,Åsa,asa-fn,F,3341
SE,Sweden,forename,40,Annika,annika-fn,F,3332
SE,Sweden,forename,41,Hanna,hanna-fn,F;M,3239
SE,Sweden,forename,42,Birgitta,birgitta-fn,F,3214
SE,Sweden,forename,43,Robert,robert-fn,M,3173
SE,Sweden,forename,44,Camilla,camilla-fn,F,3167
SE,Sweden,forename,45,Susanne,susanne-fn,F,3155
SE,Sweden,forename,46,Elin,elin-fn,F,3064
SE,Sweden,forename,47,Ahmed,ahmed-fn,M,3036
SE,Sweden,forename,48,Joakim,joakim-fn,M,2975
SE,Sweden,forename,49,Niklas,niklas-fn,M,2957
SE,Sweden,forename,50,Kerstin,kerstin-fn,F,2903
SE,Sweden,forename,51,Alexander,alexander-fn,M,2838
SE,Sweden,forename,52,Christina,christina-fn,F,2829
SE,Sweden,forename,53,Cecilia,cecilia-fn,F,2783
SE,Sweden,forename,54,Sandra,sandra-fn,F,2735
SE,Sweden,forename,55,Simon,simon-fn,M,2732
SE,Sweden,forename,56,Monica,monica-fn,F,2699
SE,Sweden,forename,57,Lisa,lisa-fn,F,2673
SE,Sweden,forename,58,Hans,hans-fn,M,2661
SE,Sweden,forename,59,Gunilla,gunilla-fn,F,2618
SE,Sweden,forename,60,Jessica,jessica-fn,F,2568
SE,Sweden,forename,61,Tomas,tomas-fn,M,2529
SE,Sweden,forename,62,Christer,christer-fn,M,2523
SE,Sweden,forename,63,Tobias,tobias-fn,M,2483
SE,Sweden,forename,64,Christian,christian-fn,M;F,2449
SE,Sweden,forename,65,Ulrika,ulrika-fn,F,2429
SE,Sweden,forename,66,Ulf,ulf-fn,M,2425
SE,Sweden,forename,67,Elisabeth,elisabeth-fn,F,2393
SE,Sweden,forename,68,Lotta,lotta-fn,F,2373
SE,Sweden,forename,69,Michael,michael-fn,M,2366
SE,Sweden,forename,70,Kristina,kristina-fn,F,2346
SE,Sweden,forename,71,Frida,frida-fn,F,2311
SE,Sweden,forename,72,Caroline,caroline-fn,F,2299
SE,Sweden,forename,73,Emil,emil-fn,M,2292
SE,Sweden,forename,74,Goran,goran-fn,M,2289
SE,Sweden,forename,75,Tommy,tommy-fn,M,2243
SE,Sweden,forename,76,Ida,ida-fn,F,2230
SE,Sweden,forename,77,Julia,julia-fn,F,2183
SE,Sweden,forename,78,Therese,therese-fn,F,2174
SE,Sweden,forename,79,Katarina,katarina-fn,F,2167
SE,Sweden,forename,80,Anton,anton-fn,M,2116
SE,Sweden,forename,81,Robin,robin-fn,M;F,2096
SE,Sweden,forename,82,Emelie,emelie-fn,F,2084
SE,Sweden,forename,83,Amanda,amanda-fn,F,2049
SE,Sweden,forename,84,Lina,lina-fn,F,2026
SE,Sweden,forename,85,Inger,inger-fn,F,2019
SE,Sweden,forename,86,Anette,anette-fn,F,1998
SE,Sweden,forename,87,Adam,adam-fn,M,1995
SE,Sweden,forename,88,Pia,pia-fn,F,1941
SE,Sweden,forename,89,Sebastian,sebastian-fn,M,1925
SE,Sweden,forename,90,Marianne,marianne-fn,F,1898
SE,Sweden,forename,91,Bengt,bengt-fn,M,1895
SE,Sweden,forename,92,Ingrid,ingrid-fn,F,1867
SE,Sweden,forename,93,Roger,roger-fn,M,1857
SE,Sweden,forename,94,Leif,leif-fn,M,1836
SE,Sweden,forename,95,Sofie,sofie-fn,F;M,1815
SE,Sweden,forename,96,Jesper,jesper-fn,M,1810
SE,Sweden,forename,97,Margareta,margareta-fn,F,1795
SE,Sweden,forename,98,Lennart,lennart-fn,M,1785
SE,Sweden,forename,99,Anita,anita-fn,F,1765
SE,Sweden,forename,100,Louise,louise-fn,F,1713
SE,Sweden,surname,1,Andersson,andersson-sn,M;F,17594
SE,Sweden,surname,2,Johansson,johansson-sn,M;F,17163
SE,Sweden,surname,3,Nilsson,nilsson-sn,M;F,12126
SE,Sweden,surname,4,Karlsson,karlsson-sn,M;F,10598
SE,Sweden,surname,5,Larsson,larsson-sn,,9348
SE,Sweden,surname,6,Eriksson,eriksson-sn,,9324
SE,Sweden,surname,7,Persson,persson-sn,,7422
SE,Sweden,surname,8,Svensson,svensson-sn,M;F,6437
SE,Sweden,surname,9,Olsson,olsson-sn,M;F,6169
SE,Sweden,surname,10,Gustafsson,gustafsson-sn,M;F,3909
SE,Sweden,surname,11,Pettersson,pettersson-sn,M;F,3892
SE,Sweden,surname,12,Jonsson,jonsson-sn,M;F,3676
SE,Sweden,surname,13,Carlsson,carlsson-sn,M;F,3511
SE,Sweden,surname,14,Jansson,jansson-sn,M;F,2956
SE,Sweden,surname,15,Hansson,hansson-sn,M;F,2949
SE,Sweden,surname,16,Ali,ali-sn,M;F,2629
SE,Sweden,surname,17,Bengtsson,bengtsson-sn,M;F,2340
SE,Sweden,surname,18,Lindberg,lindberg-sn,M;F,2204
SE,Sweden,surname,19,Hassan,hassan-sn,F;M,1162
SE,Sweden,surname,20,Falk,falk-sn,F;M,797
SE,Sweden,surname,21,Ma,ma-sn,F;M,125
SE,Sweden,surname,22,Le,le-sn,F;M,74
SE,Sweden,surname,23,Haidar,haidar-sn,F;M,67
SE,Sweden,surname,24,Bruce,bruce-sn,F;M,60
SE,Sweden,surname,25,Işık,isik-sn,F;M,53
SE,Sweden,surname,26,Agha,agha-sn,F;M,51
SE,Sweden,surname,27,Fall,fall-sn,,50
SE,Sweden,surname,28,Dib,dib-sn,F;M,42
SE,Sweden,surname,29,Kavak,kavak-sn,F;M,41
SE,Sweden,surname,30,Gharib,gharib-sn,,37
SE,Sweden,surname,31,Groß,gross-sn,,36
SE,Sweden,surname,32,Warda,warda-sn,,35
SE,Sweden,surname,33,Fatah,fatah-sn,M;F,29
SE,Sweden,surname,34,Power,power-sn,,29
SE,Sweden,surname,35,Schmid,schmid-sn,F;M,27
SE,Sweden,surname,36,Arıkan,arikan-sn,F;M,25
SE,Sweden,surname,37,Zhao,zhao-sn,F;M,25
SE,Sweden,surname,38,Dia,dia-sn,,24
SE,Sweden,surname,39,Zheng,zheng-sn,F;M,23
SE,Sweden,surname,40,Parra,parra-sn,F;M,21
SE,Sweden,surname,41,Tarek,tarek-sn,M;F,21
SE,Sweden,surname,42,Popa,popa-sn,F;M,20
SE,Sweden,surname,43,Shehab,shehab-sn,F;M,20
SE,Sweden,surname,44,Zidan,zidan-sn,F;M,18
SE,Sweden,surname,45,Amen,amen-sn,F;M,17
SE,Sweden,surname,46,Mariam,mariam-sn,F;M,17
SE,Sweden,surname,47,Ayman,ayman-sn,F;M,14
SE,Sweden,surname,48,Kar,kar-sn,F;M,14
SE,Sweden,surname,49,Peker,peker-sn,F;M,14
SE,Sweden,surname,50,Rahma,rahma-sn,F;M,14
SE,Sweden,surname,51,Rm,rm-sn,F;M,14
SE,Sweden,surname,52,Raymond,raymond-sn,F;M,13
SE,Sweden,surname,53,Seven,seven-sn,F;M,13
SE,Sweden,surname,54,Bachir,bachir-sn,F;M,12
SE,Sweden,surname,55,Vasile,vasile-sn,F;M,12
SE,Sweden,surname,56,Zara,zara-sn,F;M,12
SE,Sweden,surname,57,Mancilla,mancilla-sn,F;M,11
SE,Sweden,surname,58,Ertaş,ertas-sn,,10
SE,Sweden,surname,59,Matta,matta-sn,F;M,10
SE,Sweden,surname,60,Taşçı,tasci-sn,F;M,10
SE,Sweden,surname,61,Caroline,caroline-sn,,9
SE,Sweden,surname,62,Dekker,dekker-sn,F;M,9
SE,Sweden,surname,63,Dev,dev-sn,F;M,9
SE,Sweden,surname,64,Didi,didi-sn,F;M,9
SE,Sweden,surname,65,Fathalla,fathalla-sn,F;M,9
SE,Sweden,surname,66,Osullivan,osullivan-sn,F;M,9
SE,Sweden,surname,67,Crespo,crespo-sn,F;M,8
SE,Sweden,surname,68,Moro,moro-sn,F;M,8
SE,Sweden,surname,69,Viola,viola-sn,M;F,8
SE,Sweden,surname,70,Nichols,nichols-sn,F;M,7
SE,Sweden,surname,71,Selçuk,selcuk-sn,F;M,7
SE,Sweden,surname,72,Stephenson,stephenson-sn,F;M,7
SE,Sweden,surname,73,Troncoso,troncoso-sn,,7
SE,Sweden,surname,74,Waqas,waqas-sn,,7
SE,Sweden,surname,75,Baxter,baxter-sn,F;M,6
SE,Sweden,surname,76,Chevalier,chevalier-sn,F;M,6
SE,Sweden,surname,77,Covarrubias,covarrubias-sn,F;M,6
SE,Sweden,surname,78,Enrique,enrique-sn,F;M,6
SE,Sweden,surname,79,Erazo,erazo-sn,F;M,6
SE,Sweden,surname,80,Hale,hale-sn,,6
SE,Sweden,surname,81,Jana,jana-sn,F;M,6
SE,Sweden,surname,82,Leblanc,leblanc-sn,F;M,6
SE,Sweden,surname,83,Morton,morton-sn,F;M,6
SE,Sweden,surname,84,Abba,abba-sn,F;M,5
SE,Sweden,surname,85,Ayesha,ayesha-sn,F;M,5
SE,Sweden,surname,86,Neira,neira-sn,F;M,5
SE,Sweden,surname,87,Angelo,angelo-sn,,4
SE,Sweden,surname,88,Bonnet,bonnet-sn,F;M,4
SE,Sweden,surname,89,Cubillos,cubillos-sn,F;M,4
SE,Sweden,surname,90,Dağlı,dagli-sn,,4
SE,Sweden,surname,91,Gori,gori-sn,,4
SE,Sweden,surname,92,Kalu,kalu-sn,F;M,4
SE,Sweden,surname,93,Loi,loi-sn,F;M,4
SE,Sweden,surname,94,Maurer,maurer-sn,F;M,4
SE,Sweden,surname,95,Michele,michele-sn,F;M,4
SE,Sweden,surname,96,Ouni,ouni-sn,F;M,4
SE,Sweden,surname,97,Ranya,ranya-sn,F;M,4
SE,Sweden,surname,98,Saraiva,saraiva-sn,F;M,4
SE,Sweden,surname,99,Степанов,stepanov-sn,F;M,4
SE,Sweden,surname,100,Terzi,terzi-sn,,4
SG,Singapore,forename,1,Md,md-fn,M;F,32378
SG,Singapore,forename,2,Tan,tan-fn,M;F,19576
SG,Singapore,forename,3,Mohamed,mohamed-fn,M,17450
SG,Singapore,forename,4,Lim,lim-fn,M;F,14712
SG,Singapore,forename,5,Lee,lee-fn,M;F,12347
SG,Singapore,forename,6,David,david-fn,M;F,6296
SG,Singapore,forename,7,John,john-fn,M,5943
SG,Singapore,forename,8,Nour,nour-fn,F;M,5765
SG,Singapore,forename,9,Nur,nur-fn,M;F,5765
SG,Singapore,forename,10,Wong,wong-fn,M;F,5632
SG,Singapore,forename,11,Muhammad,muhammad-fn,M;F,5330
SG,Singapore,forename,12,Ong,ong-fn,M;F,5248
SG,Singapore,forename,13,Jason,jason-fn,M,5069
SG,Singapore,forename,14,Jenny,jenny-fn,F,4797
SG,Singapore,forename,15,Raja,raja-fn,M;F,4767
SG,Singapore,forename,16,James,james-fn,M,4646
SG,Singapore,forename,17,Alex,alex-fn,M;F,4473
SG,Singapore,forename,18,Michael,michael-fn,M,4404
SG,Singapore,forename,19,Mani,mani-fn,M,4403
SG,Singapore,forename,20,May,may-fn,F,4333
SG,Singapore,forename,21,Chan,chan-fn,M;F,4229
SG,Singapore,forename,22,Daniel,daniel-fn,M;F,4214
SG,Singapore,forename,23,Muhd,muhd-fn,M,4164
SG,Singapore,forename,24,Steven,steven-fn,M,4161
SG,Singapore,forename,25,Goh,goh-fn,M;F,4130
SG,Singapore,forename,26,Kelvin,kelvin-fn,M,4036
SG,Singapore,forename,27,Peter,peter-fn,M,3991
SG,Singapore,forename,28,Eric,eric-fn,M,3990
SG,Singapore,forename,29,Siti,siti-fn,F;M,3976
SG,Singapore,forename,30,Irene,irene-fn,F,3908
SG,Singapore,forename,31,Chua,chua-fn,M;F,3879
SG,Singapore,forename,32,Andy,andy-fn,M,3844
SG,Singapore,forename,33,Abdul,abdul-fn,M,3813
SG,Singapore,forename,34,Vincent,vincent-fn,M,3780
SG,Singapore,forename,35,Alvin,alvin-fn,M,3688
SG,Singapore,forename,36,Alice,alice-fn,F,3687
SG,Singapore,forename,37,William,william-fn,M,3596
SG,Singapore,forename,38,Sam,sam-fn,M;F,3563
SG,Singapore,forename,39,Richard,richard-fn,M,3552
SG,Singapore,forename,40,Koh,koh-fn,M;F,3497
SG,Singapore,forename,41,Alan,alan-fn,M,3496
SG,Singapore,forename,42,Siva,siva-fn,M,3449
SG,Singapore,forename,43,Michelle,michelle-fn,F,3426
SG,Singapore,forename,44,Ang,ang-fn,M;F,3384
SG,Singapore,forename,45,Teo,teo-fn,M;F,3372
SG,Singapore,forename,46,Suresh,suresh-fn,M,3365
SG,Singapore,forename,47,Mohd,mohd-fn,M;F,3356
SG,Singapore,forename,48,Grace,grace-fn,F,3249
SG,Singapore,forename,49,Li,li-fn,F;M,3228
SG,Singapore,forename,50,Ryan,ryan-fn,M;F,3188
SG,Singapore,forename,51,Sharon,sharon-fn,F;M,3187
SG,Singapore,forename,52,Andrew,andrew-fn,M,3158
SG,Singapore,forename,53,Chen,chen-fn,F;M,3147
SG,Singapore,forename,54,Linda,linda-fn,F;M,3076
SG,Singapore,forename,55,Bala,bala-fn,M,3065
SG,Singapore,forename,56,Jasmine,jasmine-fn,F,3045
SG,Singapore,forename,57,Kumar,kumar-fn,M,2921
SG,Singapore,forename,58,Cindy,cindy-fn,F,2914
SG,Singapore,forename,59,Muthu,muthu-fn,M,2892
SG,Singapore,forename,60,Wendy,wendy-fn,F,2886
SG,Singapore,forename,61,Raymond,raymond-fn,M,2858
SG,Singapore,forename,62,Ramesh,ramesh-fn,M,2851
SG,Singapore,forename,63,Raj,raj-fn,M;F,2846
SG,Singapore,forename,64,Susan,susan-fn,F,2838
SG,Singapore,forename,65,Jack,jack-fn,M,2832
SG,Singapore,forename,66,Annie,annie-fn,F,2790
SG,Singapore,forename,67,Mary,mary-fn,F,2726
SG,Singapore,forename,68,Jimmy,jimmy-fn,M;F,2714
SG,Singapore,forename,69,Lin,lin-fn,F;M,2708
SG,Singapore,forename,70,Joseph,joseph-fn,M;F,2705
SG,Singapore,forename,71,Simon,simon-fn,M,2673
SG,Singapore,forename,72,Karen,karen-fn,F;M,2648
SG,Singapore,forename,73,Rachel,rachel-fn,F,2573
SG,Singapore,forename,74,Ken,ken-fn,M,2565
SG,Singapore,forename,75,Senthil,senthil-fn,M,2544
SG,Singapore,forename,76,Sally,sally-fn,F,2537
SG,Singapore,forename,77,Amy,amy-fn,F,2531
SG,Singapore,forename,78,Thomas,thomas-fn,M,2500
SG,Singapore,forename,79,Jennifer,jennifer-fn,F,2499
SG,Singapore,forename,80,Joyce,joyce-fn,F,2495
SG,Singapore,forename,81,Helen,helen-fn,F,2478
SG,Singapore,forename,82,Wang,wang-fn,M;F,2445
SG,Singapore,forename,83,Ivy,ivy-fn,F,2405
SG,Singapore,forename,84,Serene,serene-fn,F,2395
SG,Singapore,forename,85,Jonathan,jonathan-fn,M,2386
SG,Singapore,forename,86,Shirley,shirley-fn,F,2378
SG,Singapore,forename,87,Nicholas,nicholas-fn,M,2376
SG,Singapore,forename,88,Anna,anna-fn,F;M,2375
SG,Singapore,forename,89,Ah,ah-fn,M;F,2368
SG,Singapore,forename,90,Desmond,desmond-fn,M,2318
SG,Singapore,forename,91,Bryan,bryan-fn,M,2313
SG,Singapore,forename,92,Lily,lily-fn,F,2306
SG,Singapore,forename,93,Patrick,patrick-fn,M,2277
SG,Singapore,forename,94,Ben,ben-fn,M,2270
SG,Singapore,forename,95,Mark,mark-fn,M,2270
SG,Singapore,forename,96,Jane,jane-fn,F,2262
SG,Singapore,forename,97,Mohammad,mohammad-fn,M;F,2252
SG,Singapore,forename,98,Francis,francis-fn,M;F,2197
SG,Singapore,forename,99,Kevin,kevin-fn,M,2176
SG,Singapore,forename,100,Tony,tony-fn,M,2162
SG,Singapore,surname,1,Tan,tan-sn,F;M,87019
SG,Singapore,surname,2,Lim,lim-sn,M;F,60456
SG,Singapore,surname,3,Lee,lee-sn,M;F,48072
SG,Singapore,surname,4,Ng,ng-sn,M;F,37715
SG,Singapore,surname,5,Wong,wong-sn,M;F,25861
SG,Singapore,surname,6,Ong,ong-sn,M;F,23661
SG,Singapore,surname,7,Goh,goh-sn,M;F,19654
SG,Singapore,surname,8,Chan,chan-sn,M;F,18731
SG,Singapore,surname,9,Chua,chua-sn,M;F,18211
SG,Singapore,surname,10,Kumar,kumar-sn,M;F,18136
SG,Singapore,surname,11,Koh,koh-sn,M;F,16002
SG,Singapore,surname,12,Teo,teo-sn,M;F,15817
SG,Singapore,surname,13,Ang,ang-sn,M;F,14544
SG,Singapore,surname,14,Islam,islam-sn,M;F,12691
SG,Singapore,surname,15,Tay,tay-sn,M;F,12438
SG,Singapore,surname,16,Ho,ho-sn,M;F,12381
SG,Singapore,surname,17,Hossain,hossain-sn,M;F,12111
SG,Singapore,surname,18,Yeo,yeo-sn,M;F,12105
SG,Singapore,surname,19,Khan,khan-sn,M;F,11934
SG,Singapore,surname,20,Low,low-sn,M;F,11242
SG,Singapore,surname,21,Chong,chong-sn,M;F,11211
SG,Singapore,surname,22,Chen,chen-sn,F;M,11125
SG,Singapore,surname,23,Wang,wang-sn,F;M,10818
SG,Singapore,surname,24,Li,li-sn,F;M,9055
SG,Singapore,surname,25,Ahmed,ahmed-sn,M;F,8542
SG,Singapore,surname,26,Ng,ng-fn,M;F,8013
SG,Singapore,surname,27,Lin,lin-sn,F;M,7776
SG,Singapore,surname,28,Raj,raj-sn,M;F,7560
SG,Singapore,surname,29,Zhang,zhang-sn,F;M,7531
SG,Singapore,surname,30,Sim,sim-sn,M;F,7515
SG,Singapore,surname,31,Toh,toh-sn,M;F,7468
SG,Singapore,surname,32,Loh,loh-sn,M;F,7318
SG,Singapore,surname,33,Leong,leong-sn,F;M,7197
SG,Singapore,surname,34,Chia,chia-sn,,6814
SG,Singapore,surname,35,Chew,chew-sn,M;F,6780
SG,Singapore,surname,36,Liu,liu-sn,F;M,6637
SG,Singapore,surname,37,Rahman,rahman-sn,M;F,6499
SG,Singapore,surname,38,Yap,yap-sn,M;F,6461
SG,Singapore,surname,39,Ali,ali-sn,M;F,6209
SG,Singapore,surname,40,Ling,ling-sn,M;F,5920
SG,Singapore,surname,41,Tang,tang-sn,F;M,5775
SG,Singapore,surname,42,Yong,yong-sn,F;M,5691
SG,Singapore,surname,43,Soh,soh-sn,M;F,5651
SG,Singapore,surname,44,Yang,yang-sn,F;M,5530
SG,Singapore,surname,45,Lau,lau-sn,M;F,5405
SG,Singapore,surname,46,Neo,neo-sn,M;F,5303
SG,Singapore,surname,47,Chin,chin-sn,M;F,5230
SG,Singapore,surname,48,Singh,singh-sn,M;F,5004
SG,Singapore,surname,49,Raja,raja-sn,M;F,4999
SG,Singapore,surname,50,Foo,foo-sn,M;F,4772
SG,Singapore,surname,51,Lai,lai-sn,M;F,4685
SG,Singapore,surname,52,Cheng,cheng-sn,F;M,4678
SG,Singapore,surname,53,Heng,heng-sn,M;F,4570
SG,Singapore,surname,54,Huang,huang-sn,F;M,4503
SG,Singapore,surname,55,Choo,choo-sn,F;M,4298
SG,Singapore,surname,56,Poh,poh-sn,F;M,4281
SG,Singapore,surname,57,Wee,wee-sn,,4117
SG,Singapore,surname,58,Mani,mani-sn,M,4088
SG,Singapore,surname,59,Rana,rana-sn,M;F,4046
SG,Singapore,surname,60,Wu,wu-sn,F;M,4019
SG,Singapore,surname,61,Hasan,hasan-sn,M;F,3951
SG,Singapore,surname,62,Liew,liew-sn,M,3935
SG,Singapore,surname,63,Cheong,cheong-sn,F;M,3921
SG,Singapore,surname,64,Yu,yu-sn,M;F,3745
SG,Singapore,surname,65,Pang,pang-sn,M;F,3710
SG,Singapore,surname,66,Hong,hong-sn,M;F,3672
SG,Singapore,surname,67,Ahmad,ahmad-sn,M;F,3663
SG,Singapore,surname,68,Seah,seah-sn,M;F,3619
SG,Singapore,surname,69,Quek,quek-sn,M;F,3586
SG,Singapore,surname,70,Lay,lay-sn,M;F,3529
SG,Singapore,surname,71,Chang,chang-sn,F;M,3499
SG,Singapore,surname,72,Lam,lam-sn,M;F,3452
SG,Singapore,surname,73,Mohamed,mohamed-sn,M;F,3371
SG,Singapore,surname,74,Wei,wei-sn,F;M,3333
SG,Singapore,surname,75,Han,han-sn,M;F,3318
SG,Singapore,surname,76,Khoo,khoo-sn,M;F,3275
SG,Singapore,surname,77,Xu,xu-sn,F;M,3110
SG,Singapore,surname,78,Gan,gan-sn,M;F,3046
SG,Singapore,surname,79,Kim,kim-sn,M;F,3001
SG,Singapore,surname,80,Miah,miah-sn,M;F,2790
SG,Singapore,surname,81,Sun,sun-sn,,2752
SG,Singapore,surname,82,Samy,samy-sn,M;F,2742
SG,Singapore,surname,83,Oh,oh-sn,M;F,2738
SG,Singapore,surname,84,Murugan,murugan-sn,,2735
SG,Singapore,surname,85,Chow,chow-sn,M;F,2704
SG,Singapore,surname,86,Uddin,uddin-sn,M;F,2703
SG,Singapore,surname,87,Yee,yee-sn,F;M,2663
SG,Singapore,surname,88,Fong,fong-sn,F;M,2645
SG,Singapore,surname,89,Alam,alam-sn,M;F,2635
SG,Singapore,surname,90,Yan,yan-sn,,2586
SG,Singapore,surname,91,Loo,loo-sn,M;F,2534
SG,Singapore,surname,92,Chai,chai-sn,M;F,2533
SG,Singapore,surname,93,Kong,kong-sn,M;F,2507
SG,Singapore,surname,94,Chee,chee-sn,,2500
SG,Singapore,surname,95,See,see-sn,F;M,2488
SG,Singapore,surname,96,Win,win-sn,M;F,2419
SG,Singapore,surname,97,Sarkar,sarkar-sn,M;F,2402
SG,Singapore,surname,98,Aung,aung-sn,M,2363
SG,Singapore,surname,99,Nguyen,nguyen-sn,M;F,2316
SG,Singapore,surname,100,Lu,lu-sn,F;M,2312
SI,Slovenia,forename,1,Marko,marko-fn,M,1111
SI,Slovenia,forename,2,Rina,rina-fn,F;M,264
SI,Slovenia,forename,3,Nazmi,nazmi-fn,M,91
SI,Slovenia,forename,4,Elena,elena-fn,F;M,89
SI,Slovenia,forename,5,Floriana,floriana-fn,F;M,44
SI,Slovenia,forename,6,Josip,josip-fn,F;M,44
SI,Slovenia,forename,7,Tomislav,tomislav-fn,M,43
SI,Slovenia,forename,8,Neva,neva-fn,F;M,38
SI,Slovenia,forename,9,Hilmi,hilmi-fn,F;M,22
SI,Slovenia,forename,10,Maki,maki-fn,F;M,22
SI,Slovenia,forename,11,Rudolf,rudolf-fn,M,16
SI,Slovenia,forename,12,Marja,marja-fn,F;M,15
SI,Slovenia,forename,13,Stella,stella-fn,F;M,15
SI,Slovenia,forename,14,Biba,biba-fn,F;M,11
SI,Slovenia,forename,15,Vanda,vanda-fn,F;M,11
SI,Slovenia,forename,16,Hakan,hakan-fn,F;M,10
SI,Slovenia,forename,17,Leandra,leandra-fn,F;M,10
SI,Slovenia,forename,18,Nura,nura-fn,F;M,8
SI,Slovenia,forename,19,Sofie,sofie-fn,F;M,8
SI,Slovenia,forename,20,Marin,marin-fn,F;M,7
SI,Slovenia,forename,21,Mikel,mikel-fn,M,7
SI,Slovenia,forename,22,Zahir,zahir-fn,F;M,7
SI,Slovenia,forename,23,Beata,beata-fn,F;M,5
SI,Slovenia,forename,24,Carolina,carolina-fn,F;M,5
SI,Slovenia,forename,25,Halis,halis-fn,F;M,5
SI,Slovenia,forename,26,Ibra,ibra-fn,M,4
SI,Slovenia,forename,27,Annemarie,annemarie-fn,F;M,3
SI,Slovenia,forename,28,Ct,ct-fn,F;M,3
SI,Slovenia,forename,29,Eşref,esref-fn,M,3
SI,Slovenia,forename,30,Aina,aina-fn,F;M,2
SI,Slovenia,forename,31,Алмас,almas-fn,M;F,2
SI,Slovenia,forename,32,Boy,boy-fn,M,2
SI,Slovenia,forename,33,Doriana,doriana-fn,F;M,2
SI,Slovenia,forename,34,Krista,krista-fn,F;M,2
SI,Slovenia,forename,35,Loly,loly-fn,F;M,2
SI,Slovenia,forename,36,Mart,mart-fn,M,2
SI,Slovenia,forename,37,Maximilian,maximilian-fn,F;M,2
SI,Slovenia,surname,1,Gashi,gashi-sn,M;F,4525
SI,Slovenia,surname,2,Krasniqi,krasniqi-sn,M;F,3782
SI,Slovenia,surname,3,Sever,sever-sn,,2364
SI,Slovenia,surname,4,Berisha,berisha-sn,,2058
SI,Slovenia,surname,5,Morina,morina-sn,M,1293
SI,Slovenia,surname,6,Shala,shala-sn,M,1248
SI,Slovenia,surname,7,Bytyqi,bytyqi-sn,M,1029
SI,Slovenia,surname,8,Ma,ma-sn,F;M,20
SI,Slovenia,surname,9,Deva,deva-sn,F;M,17
SI,Slovenia,surname,10,Jana,jana-sn,F;M,16
SI,Slovenia,surname,11,Le,le-sn,F;M,13
SI,Slovenia,surname,12,Viola,viola-sn,M;F,7
SI,Slovenia,surname,13,Kar,kar-sn,F;M,6
SI,Slovenia,surname,14,Power,power-sn,,5
SI,Slovenia,surname,15,Didi,didi-sn,F;M,4
SI,Slovenia,surname,16,Gori,gori-sn,,3
SI,Slovenia,surname,17,Filippi,filippi-sn,F;M,2
SI,Slovenia,surname,18,Фролова,frolova-sn,F;M,2
SI,Slovenia,surname,19,Rain,rain-sn,,2
SI,Slovenia,surname,20,Seven,seven-sn,F;M,2
SK,,forename,1,Ondřej,ondrej-fn,M,6481
SK,,forename,2,Dominika,dominika-fn,F,3000
SK,,forename,3,Miloš,milos-fn,M,1870
SK,,surname,1,Balogh,balogh-sn,F;M,2000
SN,,surname,1,Keita,keita-sn,,1264
SV,El Salvador,forename,1,Carolina,carolina-fn,F;M,11
SV,El Salvador,forename,2,Elena,elena-fn,F;M,7
SV,El Salvador,forename,3,Nery,nery-fn,F;M,2
SY,Syria,forename,1,Mohamed,mohamed-fn,M,342075
SY,Syria,forename,2,محمد,mhmd-fn,M;F,236521
SY,Syria,forename,3,Ahmed,ahmed-fn,M,214423
SY,Syria,forename,4,ابو,abw-fn,M;F,155951
SY,Syria,forename,5,احمد,ahmd-fn,M;F,137484
SY,Syria,forename,6,علي,aly-fn,M;F,88219
SY,Syria,forename,7,Ahmad,ahmad-fn,M;F,69399
SY,Syria,forename,8,Mahmoud,mahmoud-fn,M,68273
SY,Syria,forename,9,Nour,nour-fn,F;M,65077
SY,Syria,forename,10,Hassan,hassan-fn,M;F,63367
SY,Syria,forename,11,Ali,ali-fn,M;F,58638
SY,Syria,forename,12,زهرة,zhrh-fn,F;M,48159
SY,Syria,forename,13,محمود,mhmwd-fn,M;F,47680
SY,Syria,forename,14,ام,am-fn,F;M,46625
SY,Syria,forename,15,Alaa,alaa-fn,M,46290
SY,Syria,forename,16,Omar,omar-fn,M;F,41628
SY,Syria,forename,17,حسن,hsn-fn,M;F,36228
SY,Syria,forename,18,خالد,khald-fn,M,32928
SY,Syria,forename,19,Mohamad,mohamad-fn,M,31596
SY,Syria,forename,20,Hussein,hussein-fn,M;F,31579
SY,Syria,forename,21,حسين,hsyn-fn,M;F,29375
SY,Syria,forename,22,نور,nwr-fn,F;M,28574
SY,Syria,forename,23,Abo,abo-fn,M;F,27508
SY,Syria,forename,24,عمر,amr-fn,M;F,26030
SY,Syria,forename,25,Abdo,abdo-fn,M;F,25058
SY,Syria,forename,26,يوسف,ywsf-fn,M;F,24319
SY,Syria,forename,27,Mohammad,mohammad-fn,M;F,24280
SY,Syria,forename,28,ابراهيم,abrahym-fn,M;F,24071
SY,Syria,forename,29,Majid,majid-fn,M,23292
SY,Syria,forename,30,Maher,maher-fn,M,23007
SY,Syria,forename,31,مصطفى,mstfa-fn,M,22840
SY,Syria,forename,32,Amar,amar-fn,M;F,22113
SY,Syria,forename,33,ياسمين,yasmyn-fn,F;M,21901
SY,Syria,forename,34,وردة,wrdh-fn,F,21341
SY,Syria,forename,35,Malak,malak-fn,F,20743
SY,Syria,forename,36,Amir,amir-fn,M;F,20195
SY,Syria,forename,37,Hossam,hossam-fn,M,20063
SY,Syria,forename,38,Ayman,ayman-fn,M,19998
SY,Syria,forename,39,Hesham,hesham-fn,M;F,19841
SY,Syria,forename,40,Abd,abd-fn,M;F,19582
SY,Syria,forename,41,Sara,sara-fn,F;M,19424
SY,Syria,forename,42,Osama,osama-fn,M,17610
SY,Syria,forename,43,سهام,sham-fn,F;M,17215
SY,Syria,forename,44,Emad,emad-fn,M,16854
SY,Syria,forename,45,Yasser,yasser-fn,M;F,16836
SY,Syria,forename,46,Salah,salah-fn,M;F,16501
SY,Syria,forename,47,عبدالله,abdallh-fn,M,16500
SY,Syria,forename,48,Amer,amer-fn,M,16453
SY,Syria,forename,49,Samr,samr-fn,F;M,16308
SY,Syria,forename,50,Rama,rama-fn,M;F,16297
SY,Syria,forename,51,Adnan,adnan-fn,M,16094
SY,Syria,forename,52,امير,amyr-fn,M;F,15606
SY,Syria,forename,53,Reem,reem-fn,F,13880
SY,Syria,forename,54,عبدو,abdw-fn,M;F,13832
SY,Syria,forename,55,اميرة,amyrh-fn,F;M,13593
SY,Syria,forename,56,Wael,wael-fn,M,13330
SY,Syria,forename,57,ماهر,mahr-fn,M,13311
SY,Syria,forename,58,Hasan,hasan-fn,M;F,13202
SY,Syria,forename,59,بشار,bshar-fn,M,12956
SY,Syria,forename,60,Samer,samer-fn,M,12954
SY,Syria,forename,61,عطر,atr-fn,F;M,12921
SY,Syria,forename,62,ماجد,majd-fn,M;F,12643
SY,Syria,forename,63,Mazen,mazen-fn,M;F,12589
SY,Syria,forename,64,Hala,hala-fn,F;M,12556
SY,Syria,forename,65,حسام,hsam-fn,M;F,12494
SY,Syria,forename,66,Lolo,lolo-fn,F;M,12427
SY,Syria,forename,67,Rasha,rasha-fn,F,12369
SY,Syria,forename,68,Khaled,khaled-fn,M,12287
SY,Syria,forename,69,Maya,maya-fn,F;M,12280
SY,Syria,forename,70,ابو محمد,abw-mhmd-fn,M,12279
SY,Syria,forename,71,Bassam,bassam-fn,M,12098
SY,Syria,forename,72,Samar,samar-fn,F;M,11970
SY,Syria,forename,73,باسل,basl-fn,M,11957
SY,Syria,forename,74,Mona,mona-fn,F;M,11653
SY,Syria,forename,75,Fady,fady-fn,M,11470
SY,Syria,forename,76,Bilal,bilal-fn,M;F,11268
SY,Syria,forename,77,مهند,mhnd-fn,M;F,11164
SY,Syria,forename,78,ياسر,yasr-fn,M;F,11078
SY,Syria,forename,79,Mustafa,mustafa-fn,M;F,10951
SY,Syria,forename,80,Hanan,hanan-fn,F;M,10934
SY,Syria,forename,81,Mohammed,mohammed-fn,M;F,10907
SY,Syria,forename,82,حمزة,hmzh-fn,M;F,10894
SY,Syria,forename,83,حيدر,hydr-fn,M;F,10862
SY,Syria,forename,84,ايمن,aymn-fn,M;F,10860
SY,Syria,forename,85,Ammar,ammar-fn,M,10755
SY,Syria,forename,86,Rym,rym-fn,F,10686
SY,Syria,forename,87,مجد,mjd-fn,M,10649
SY,Syria,forename,88,عماد,amad-fn,M;F,10517
SY,Syria,forename,89,فاطمة,fatmh-fn,F;M,10493
SY,Syria,forename,90,Noor,noor-fn,M;F,10378
SY,Syria,forename,91,سليمان,slyman-fn,M,10113
SY,Syria,forename,92,اسامة,asamh-fn,M,10067
SY,Syria,forename,93,فراس,fras-fn,M,9723
SY,Syria,forename,94,Jamal,jamal-fn,M;F,9719
SY,Syria,forename,95,Eman,eman-fn,F;M,9660
SY,Syria,forename,96,Manal,manal-fn,F,9475
SY,Syria,forename,97,Waseem,waseem-fn,M;F,9312
SY,Syria,forename,98,Fadi,fadi-fn,M,9183
SY,Syria,forename,99,Ramy,ramy-fn,M,9153
SY,Syria,forename,100,عامر,aamr-fn,M,9077
SY,Syria,surname,1,Mohamed,mohamed-sn,M;F,153648
SY,Syria,surname,2,Ali,ali-sn,M;F,129545
SY,Syria,surname,3,Sy,sy-sn,F;M,126903
SY,Syria,surname,4,محمد,mhmd-sn,M;F,116999
SY,Syria,surname,5,Ahmed,ahmed-sn,M;F,108543
SY,Syria,surname,6,علي,aly-sn,M;F,75519
SY,Syria,surname,7,احمد,ahmd-sn,M;F,70724
SY,Syria,surname,8,الشام,alsham-sn,F;M,66168
SY,Syria,surname,9,Ibrahim,ibrahim-sn,M;F,56633
SY,Syria,surname,10,Alali,alali-sn,M;F,55316
SY,Syria,surname,11,العلي,alaly-sn,M;F,47290
SY,Syria,surname,12,حسن,hsn-sn,M;F,39542
SY,Syria,surname,13,Ahmad,ahmad-sn,M;F,34240
SY,Syria,surname,14,Alahmad,alahmad-sn,M;F,33581
SY,Syria,surname,15,Mahmoud,mahmoud-sn,M;F,32146
SY,Syria,surname,16,ابراهيم,abrahym-sn,M;F,31131
SY,Syria,surname,17,الاحمد,alahmd-sn,M;F,28414
SY,Syria,surname,18,Alasad,alasad-sn,M,28363
SY,Syria,surname,19,سليمان,slyman-sn,M;F,27724
SY,Syria,surname,20,Hossain,hossain-sn,M;F,23128
SY,Syria,surname,21,Salah,salah-sn,M;F,22640
SY,Syria,surname,22,الحسن,alhsn-sn,M;F,22463
SY,Syria,surname,23,محمود,mhmwd-sn,M;F,22325
SY,Syria,surname,24,الاسد,alasd-sn,M,22139
SY,Syria,surname,25,يوسف,ywsf-sn,M;F,21256
SY,Syria,surname,26,حسين,hsyn-sn,M;F,20623
SY,Syria,surname,27,Omar,omar-sn,M;F,19833
SY,Syria,surname,28,المحمد,almhmd-sn,M;F,19768
SY,Syria,surname,29,Nasser,nasser-sn,M;F,19113
SY,Syria,surname,30,الحسين,alhsyn-sn,F;M,16463
SY,Syria,surname,31,Hasan,hasan-sn,M;F,16220
SY,Syria,surname,32,الشامي,alshamy-sn,M;F,15741
SY,Syria,surname,33,Sh,sh-sn,M;F,15704
SY,Syria,surname,34,Sham,sham-sn,M;F,15677
SY,Syria,surname,35,عيسى,aysa-sn,M;F,14223
SY,Syria,surname,36,صالح,salh-sn,M;F,13977
SY,Syria,surname,37,خليل,khlyl-sn,M;F,13688
SY,Syria,surname,38,عمر,amr-sn,M;F,13625
SY,Syria,surname,39,حيدر,hydr-sn,M;F,13497
SY,Syria,surname,40,Nour,nour-sn,F;M,12799
SY,Syria,surname,41,عباس,abas-sn,M;F,12646
SY,Syria,surname,42,اسماعيل,asmaayl-sn,M;F,12643
SY,Syria,surname,43,مصطفى,mstfa-sn,M;F,12622
SY,Syria,surname,44,Syr,syr-sn,,12433
SY,Syria,surname,45,الحمصي,alhmsy-sn,M,12364
SY,Syria,surname,46,Asad,asad-sn,M,12000
SY,Syria,surname,47,Hamouda,hamouda-sn,M;F,11946
SY,Syria,surname,48,Said,said-sn,M;F,11697
SY,Syria,surname,49,خالد,khald-sn,M;F,11514
SY,Syria,surname,50,Mohamad,mohamad-sn,M;F,11356
SY,Syria,surname,51,عبدو,abdw-sn,M;F,11317
SY,Syria,surname,52,Alamar,alamr-sn,F;M,11071
SY,Syria,surname,53,حمود,hmwd-sn,M,10868
SY,Syria,surname,54,ابو محمد,abw-mhmd-sn,M,10494
SY,Syria,surname,55,Saad,saad-sn,M;F,10445
SY,Syria,surname,56,الحموي,alhmwy-sn,,10397
SY,Syria,surname,57,الخطيب,alkhtyb-sn,M;F,10269
SY,Syria,surname,58,عبدالله,abdallh-sn,M;F,10073
SY,Syria,surname,59,Kh,kh-sn,M;F,10049
SY,Syria,surname,60,Salman,salman-sn,M;F,10028
SY,Syria,surname,61,الملك,almlk-sn,M;F,9821
SY,Syria,surname,62,Halab,hlb-sn,,9799
SY,Syria,surname,63,الحلبي,alhlby-sn,,9797
SY,Syria,surname,64,عثمان,athman-sn,M;F,9489
SY,Syria,surname,65,حمص,hms-sn,M,9172
SY,Syria,surname,66,Fares,fares-sn,M;F,9132
SY,Syria,surname,67,Abbas,abbas-sn,M;F,9123
SY,Syria,surname,68,Hadad,hadad-sn,M;F,9106
SY,Syria,surname,69,Hamada,hamada-sn,M;F,9069
SY,Syria,surname,70,المصري,almsry-sn,M;F,8972
SY,Syria,surname,71,الصالح,alsalh-sn,M;F,8885
SY,Syria,surname,72,الشيخ,alshykh-sn,M;F,8774
SY,Syria,surname,73,البحر,albhr-sn,F;M,8733
SY,Syria,surname,74,ديب,dyb-sn,,8543
SY,Syria,surname,75,Hamdan,hamdan-sn,M;F,8527
SY,Syria,surname,76,حماه,hmah-sn,,8182
SY,Syria,surname,77,علوش,alwsh-sn,M;F,8126
SY,Syria,surname,78,Homs,homs-sn,M;F,8104
SY,Syria,surname,79,درويش,drwysh-sn,M;F,7920
SY,Syria,surname,80,Yousef,yousef-sn,M;F,7860
SY,Syria,surname,81,سعيد,sayd-sn,M;F,7841
SY,Syria,surname,82,منصور,mnswr-sn,M;F,7689
SY,Syria,surname,83,عبود,abwd-sn,M,7634
SY,Syria,surname,84,الغالي,alghaly-sn,,7624
SY,Syria,surname,85,Abd,abd-sn,M;F,7549
SY,Syria,surname,86,الورد,alwrd-sn,F;M,7471
SY,Syria,surname,87,Mohammad,mohammad-sn,M;F,7464
SY,Syria,surname,88,Osman,osman-sn,M;F,7460
SY,Syria,surname,89,نور,nwr-sn,M;F,7449
SY,Syria,surname,90,Saleh,saleh-sn,M;F,7372
SY,Syria,surname,91,حمزة,hmzh-sn,M;F,7288
SY,Syria,surname,92,قاسم,qasm-sn,M;F,7208
SY,Syria,surname,93,اليوسف,alywsf-sn,M,7155
SY,Syria,surname,94,ناصر,nasr-sn,M;F,7149
SY,Syria,surname,95,Deeb,deeb-sn,,7132
SY,Syria,surname,96,الياسمين,alyasmyn-sn,F;M,7111
SY,Syria,surname,97,موسى,mwsa-sn,M;F,7094
SY,Syria,surname,98,Issa,issa-sn,M;F,7075
SY,Syria,surname,99,شعبان,shaban-sn,M;F,7074
SY,Syria,surname,100,Mostafa,mostafa-sn,M;F,7065
SZ,,surname,1,Shezi,shezi-sn,,1364
TM,Turkmenistan,forename,1,Atadjan,atadjan-fn,M,4554
TM,Turkmenistan,forename,2,Elena,elena-fn,F;M,25
TM,Turkmenistan,forename,3,Polat,polat-fn,F;M,6
TM,Turkmenistan,forename,4,Sevil,sevil-fn,F,5
TM,Turkmenistan,forename,5,Aina,aina-fn,F;M,3
TM,Turkmenistan,surname,1,Atadjanov,atadjanov-sn,M,4554
TM,Turkmenistan,surname,2,Jana,jana-sn,F;M,2
TM,Turkmenistan,surname,3,Zara,zara-sn,F;M,2
TN,Tunisia,forename,1,Mohamed,mohamed-fn,M,155147
TN,Tunisia,forename,2,Ahmed,ahmed-fn,M,86940
TN,Tunisia,forename,3,Ali,ali-fn,M;F,46528
TN,Tunisia,forename,4,Ayman,ayman-fn,M,41314
TN,Tunisia,forename,5,Mariam,mariam-fn,F;M,40122
TN,Tunisia,forename,6,Aymen,aymen-fn,M,39750
TN,Tunisia,forename,7,Nour,nour-fn,F;M,38156
TN,Tunisia,forename,8,Walid,walid-fn,M;F,32888
TN,Tunisia,forename,9,Amir,amir-fn,M;F,29882
TN,Tunisia,forename,10,Karim,karim-fn,M;F,29336
TN,Tunisia,forename,11,Amine,amine-fn,M,29124
TN,Tunisia,forename,12,Yassine,yassine-fn,M;F,28916
TN,Tunisia,forename,13,Sami,sami-fn,M;F,28200
TN,Tunisia,forename,14,Marwa,marwa-fn,F;M,26374
TN,Tunisia,forename,15,Imen,imen-fn,F,25649
TN,Tunisia,forename,16,Youssef,youssef-fn,M,24859
TN,Tunisia,forename,17,Fatma,fatma-fn,F;M,24279
TN,Tunisia,forename,18,Hamza,hamza-fn,M,24251
TN,Tunisia,forename,19,Saber,saber-fn,M,22523
TN,Tunisia,forename,20,Med,med-fn,M,22419
TN,Tunisia,forename,21,Mariem,mariem-fn,F,21748
TN,Tunisia,forename,22,Omar,omar-fn,M;F,21415
TN,Tunisia,forename,23,Fathi,fathi-fn,M,21303
TN,Tunisia,forename,24,Adel,adel-fn,M;F,21221
TN,Tunisia,forename,25,Anis,anis-fn,M;F,20857
TN,Tunisia,forename,26,Mouhamed,mouhamed-fn,M,20774
TN,Tunisia,forename,27,Aziz,aziz-fn,M,20715
TN,Tunisia,forename,28,Mehdi,mehdi-fn,M,20710
TN,Tunisia,forename,29,Bilel,bilel-fn,M,20452
TN,Tunisia,forename,30,Malak,malak-fn,F,20361
TN,Tunisia,forename,31,Hassan,hassan-fn,M;F,20349
TN,Tunisia,forename,32,Kamal,kamal-fn,M;F,20249
TN,Tunisia,forename,33,Kamel,kamel-fn,M,20249
TN,Tunisia,forename,34,Asma,asma-fn,F;M,19712
TN,Tunisia,forename,35,Lotfi,lotfi-fn,M,19651
TN,Tunisia,forename,36,Khaled,khaled-fn,M,19287
TN,Tunisia,forename,37,Salah,salah-fn,M;F,18899
TN,Tunisia,forename,38,Salem,salem-fn,M,18104
TN,Tunisia,forename,39,Amal,amal-fn,F;M,18002
TN,Tunisia,forename,40,Mourad,mourad-fn,M,17901
TN,Tunisia,forename,41,Hamdi,hamdi-fn,M,17836
TN,Tunisia,forename,42,Amira,amira-fn,F;M,17549
TN,Tunisia,forename,43,Marwan,marwan-fn,M,17279
TN,Tunisia,forename,44,Ahlem,ahlem-fn,F,17278
TN,Tunisia,forename,45,Amel,amel-fn,F,16842
TN,Tunisia,forename,46,Malek,malek-fn,M;F,16435
TN,Tunisia,forename,47,Zied,zied-fn,M,15787
TN,Tunisia,forename,48,Ramzi,ramzi-fn,M,15749
TN,Tunisia,forename,49,Hanen,hanen-fn,F,15670
TN,Tunisia,forename,50,Dali,dali-fn,M;F,15319
TN,Tunisia,forename,51,Samir,samir-fn,M,15125
TN,Tunisia,forename,52,Hossam,hossam-fn,M,14928
TN,Tunisia,forename,53,Houssem,houssem-fn,M;F,14928
TN,Tunisia,forename,54,Rayen,rayen-fn,M;F,14906
TN,Tunisia,forename,55,Marwen,marwen-fn,M;F,14804
TN,Tunisia,forename,56,Hassen,hassen-fn,M,14542
TN,Tunisia,forename,57,Nabil,nabil-fn,M,14343
TN,Tunisia,forename,58,Tarek,tarek-fn,M,14301
TN,Tunisia,forename,59,Ridha,ridha-fn,M,14174
TN,Tunisia,forename,60,Emad,emad-fn,M,14014
TN,Tunisia,forename,61,Imed,imed-fn,M,14014
TN,Tunisia,forename,62,Ala,ala-fn,M;F,13723
TN,Tunisia,forename,63,Adem,adem-fn,M,13649
TN,Tunisia,forename,64,Osama,osama-fn,M,13484
TN,Tunisia,forename,65,Oussama,oussama-fn,M,13484
TN,Tunisia,forename,66,Mona,mona-fn,F;M,13465
TN,Tunisia,forename,67,Saif,saif-fn,M;F,13420
TN,Tunisia,forename,68,Khalil,khalil-fn,M,13242
TN,Tunisia,forename,69,Jamel,jamel-fn,M,12957
TN,Tunisia,forename,70,Ines,ines-fn,F,12927
TN,Tunisia,forename,71,Ibrahim,ibrahim-fn,M;F,12518
TN,Tunisia,forename,72,Mahdi,mahdi-fn,M,12469
TN,Tunisia,forename,73,Mouna,mouna-fn,F,12441
TN,Tunisia,forename,74,Rim,rim-fn,M;F,12439
TN,Tunisia,forename,75,Hicham,hicham-fn,M,12406
TN,Tunisia,forename,76,Hichem,hichem-fn,M,12406
TN,Tunisia,forename,77,Nizar,nizar-fn,M,12311
TN,Tunisia,forename,78,Habib,habib-fn,M;F,12192
TN,Tunisia,forename,79,Hama,hama-fn,M,11929
TN,Tunisia,forename,80,Hedi,hedi-fn,M,11907
TN,Tunisia,forename,81,Mounir,mounir-fn,M,11632
TN,Tunisia,forename,82,Hatem,hatem-fn,M,11566
TN,Tunisia,forename,83,Achref,achref-fn,M;F,11534
TN,Tunisia,forename,84,Sana,sana-fn,F;M,11505
TN,Tunisia,forename,85,Sonia,sonia-fn,F,11462
TN,Tunisia,forename,86,محمد,mhmd-fn,M;F,11345
TN,Tunisia,forename,87,Moez,moez-fn,M,11304
TN,Tunisia,forename,88,Maher,maher-fn,M,11273
TN,Tunisia,forename,89,Sabrina,sabrina-fn,F;M,11209
TN,Tunisia,forename,90,Emna,emna-fn,M;F,11185
TN,Tunisia,forename,91,Eya,eya-fn,M;F,11163
TN,Tunisia,forename,92,Ayoub,ayoub-fn,M,11046
TN,Tunisia,forename,93,Wael,wael-fn,M,10944
TN,Tunisia,forename,94,Salma,salma-fn,F,10921
TN,Tunisia,forename,95,Olfa,olfa-fn,F,10911
TN,Tunisia,forename,96,Sarra,sarra-fn,F,10834
TN,Tunisia,forename,97,Houda,houda-fn,M;F,10714
TN,Tunisia,forename,98,Aya,aya-fn,F;M,10662
TN,Tunisia,forename,99,Wissem,wissem-fn,M;F,10638
TN,Tunisia,forename,100,Rahma,rahma-fn,F,10575
TN,Tunisia,surname,1,Mohamed,mohamed-sn,M;F,39399
TN,Tunisia,surname,2,Ahmed,ahmed-sn,M;F,25947
TN,Tunisia,surname,3,Ali,ali-sn,M;F,25425
TN,Tunisia,surname,4,Hamdi,hamdi-sn,M;F,25180
TN,Tunisia,surname,5,Ayari,ayari-sn,,25093
TN,Tunisia,surname,6,Dridi,dridi-sn,,22099
TN,Tunisia,surname,7,Trabelsi,trabelsi-sn,M,21946
TN,Tunisia,surname,8,Abidi,abidi-sn,M;F,20629
TN,Tunisia,surname,9,Est,est-sn,,19862
TN,Tunisia,surname,10,Salah,salah-sn,M;F,18241
TN,Tunisia,surname,11,Mejri,mejri-sn,,17812
TN,Tunisia,surname,12,Saidi,saidi-sn,M,17151
TN,Tunisia,surname,13,Hammami,hammami-sn,,16624
TN,Tunisia,surname,14,Nasser,nasser-sn,M;F,14755
TN,Tunisia,surname,15,Brahmi,brahmi-sn,,14359
TN,Tunisia,surname,16,Ben Ali,ben-ali-sn,,13656
TN,Tunisia,surname,17,Jlassi,jlassi-sn,,13639
TN,Tunisia,surname,18,Riahi,riahi-sn,,13612
TN,Tunisia,surname,19,Gharbi,gharbi-sn,M;F,13128
TN,Tunisia,surname,20,Amri,amri-sn,M;F,12826
TN,Tunisia,surname,21,Mansour,mansour-sn,M;F,12682
TN,Tunisia,surname,22,Amine,amine-sn,M;F,12659
TN,Tunisia,surname,23,Ca,ca-sn,,11842
TN,Tunisia,surname,24,Aloui,aloui-sn,,11300
TN,Tunisia,surname,25,Nour,nour-sn,F;M,10789
TN,Tunisia,surname,26,Arfaoui,arfaoui-sn,,9998
TN,Tunisia,surname,27,Amouna,amouna-sn,,9974
TN,Tunisia,surname,28,Ess,ess-sn,M;F,9902
TN,Tunisia,surname,29,Selmi,selmi-sn,,9901
TN,Tunisia,surname,30,Nasri,nasri-sn,M,9843
TN,Tunisia,surname,31,Cherif,cherif-sn,M,9733
TN,Tunisia,surname,32,Salhi,salhi-sn,M,9514
TN,Tunisia,surname,33,Tlili,tlili-sn,,9494
TN,Tunisia,surname,34,Sassi,sassi-sn,M;F,9129
TN,Tunisia,surname,35,Youssef,youssef-sn,M;F,9012
TN,Tunisia,surname,36,Med,med-sn,M,9009
TN,Tunisia,surname,37,Dali,dali-sn,,8950
TN,Tunisia,surname,38,Ibrahim,ibrahim-sn,M;F,8943
TN,Tunisia,surname,39,Ben Amor,ben-amor-sn,,8940
TN,Tunisia,surname,40,Ch,ch-sn,M;F,8913
TN,Tunisia,surname,41,Kh,kh-sn,M;F,8891
TN,Tunisia,surname,42,Barhoumi,barhoumi-sn,,8633
TN,Tunisia,surname,43,Ayadi,ayadi-sn,,8150
TN,Tunisia,surname,44,Salem,salem-sn,M;F,7922
TN,Tunisia,surname,45,Ferchichi,ferchichi-sn,,7880
TN,Tunisia,surname,46,Aymen,aymen-sn,M,7866
TN,Tunisia,surname,47,Ma,ma-sn,F;M,7864
TN,Tunisia,surname,48,Hamza,hamza-sn,M;F,7846
TN,Tunisia,surname,49,Ammar,ammar-sn,M;F,7682
TN,Tunisia,surname,50,Chebbi,chebbi-sn,F;M,7356
TN,Tunisia,surname,51,Ben Salah,ben-salah-sn,,7310
TN,Tunisia,surname,52,Ben Ahmed,ben-ahmed-sn,,7299
TN,Tunisia,surname,53,Tahfouna,tahfouna-sn,,7193
TN,Tunisia,surname,54,Hajji,hajji-sn,,7182
TN,Tunisia,surname,55,Abid,abid-sn,M;F,7099
TN,Tunisia,surname,56,Mhamdi,mhamdi-sn,,7005
TN,Tunisia,surname,57,Mansouri,mansouri-sn,,6860
TN,Tunisia,surname,58,Cherni,cherni-sn,F;M,6784
TN,Tunisia,surname,59,Bejaoui,bejaoui-sn,,6661
TN,Tunisia,surname,60,Mabrouk,mabrouk-sn,,6586
TN,Tunisia,surname,61,Ouni,ouni-sn,F;M,6547
TN,Tunisia,surname,62,Soltani,soltani-sn,M,6527
TN,Tunisia,surname,63,Maryouma,maryouma-sn,,6470
TN,Tunisia,surname,64,Mouhamed,mouhamed-sn,F,6412
TN,Tunisia,surname,65,Rezgui,rezgui-sn,,6404
TN,Tunisia,surname,66,Saidani,saidani-sn,,6350
TN,Tunisia,surname,67,Dadou,dadou-sn,,6312
TN,Tunisia,surname,68,Yassin,yassin-sn,M;F,6280
TN,Tunisia,surname,69,Jbeli,jbeli-sn,,6256
TN,Tunisia,surname,70,Guesmi,guesmi-sn,,6221
TN,Tunisia,surname,71,Hamrouni,hamrouni-sn,,6185
TN,Tunisia,surname,72,Khlifi,khlifi-sn,F;M,6173
TN,Tunisia,surname,73,Missaoui,missaoui-sn,,6160
TN,Tunisia,surname,74,Yahyaoui,yahyaoui-sn,,6106
TN,Tunisia,surname,75,Omri,omri-sn,,6104
TN,Tunisia,surname,76,Ben Mohamed,ben-mohamed-sn,,6032
TN,Tunisia,surname,77,Sami,sami-sn,M;F,6010
TN,Tunisia,surname,78,Samy,samy-sn,M;F,6010
TN,Tunisia,surname,79,Aziz,aziz-sn,M;F,5984
TN,Tunisia,surname,80,Walid,walid-sn,M;F,5972
TN,Tunisia,surname,81,Bahri,bahri-sn,,5958
TN,Tunisia,surname,82,Kouki,kouki-sn,,5954
TN,Tunisia,surname,83,Ben Abdallah,ben-abdallah-sn,,5929
TN,Tunisia,surname,84,Jouini,jouini-sn,M;F,5897
TN,Tunisia,surname,85,Mourad,mourad-sn,M;F,5870
TN,Tunisia,surname,86,Nefzi,nefzi-sn,,5810
TN,Tunisia,surname,87,Saber,saber-sn,M;F,5805
TN,Tunisia,surname,88,Hama,hama-sn,M;F,5775
TN,Tunisia,surname,89,Saad,saad-sn,M;F,5766
TN,Tunisia,surname,90,Toumi,toumi-sn,,5755
TN,Tunisia,surname,91,Bouzidi,bouzidi-sn,,5722
TN,Tunisia,surname,92,Amara,amara-sn,,5713
TN,Tunisia,surname,93,Amoula,amoula-sn,,5517
TN,Tunisia,surname,94,Said,said-sn,M;F,5418
TN,Tunisia,surname,95,Marwa,marwa-sn,F;M,5296
TN,Tunisia,surname,96,Belhaj,belhaj-sn,,5289
TN,Tunisia,surname,97,Manai,manai-sn,,5289
TN,Tunisia,surname,98,Hosni,hosni-sn,M;F,5260
TN,Tunisia,surname,99,Hossain,hossain-sn,M;F,5260
TN,Tunisia,surname,100,Karim,karim-sn,M;F,5192
TR,Turkey,forename,1,Mohamed,mohamed-fn,M,594833
TR,Turkey,forename,2,Mehmet,mehmet-fn,M,436310
TR,Turkey,forename,3,Ahmed,ahmed-fn,M,379641
TR,Turkey,forename,4,Mustafa,mustafa-fn,M;F,337070
TR,Turkey,forename,5,Ahmet,ahmet-fn,M,300031
TR,Turkey,forename,6,Ali,ali-fn,M;F,295754
TR,Turkey,forename,7,Mourad,mourad-fn,M,218067
TR,Turkey,forename,8,Murat,murat-fn,M,216998
TR,Turkey,forename,9,Hassan,hassan-fn,M;F,200665
TR,Turkey,forename,10,Hussein,hussein-fn,M;F,187039
TR,Turkey,forename,11,Hasan,hasan-fn,M;F,185174
TR,Turkey,forename,12,Hüseyin,huseyin-fn,M,175232
TR,Turkey,forename,13,Ibrahim,ibrahim-fn,M;F,155154
TR,Turkey,forename,14,Omar,omar-fn,M;F,140196
TR,Turkey,forename,15,Ismail,ismail-fn,M,132476
TR,Turkey,forename,16,Yusuf,yusuf-fn,M,131779
TR,Turkey,forename,17,Omer,omer-fn,M,124079
TR,Turkey,forename,18,Fatma,fatma-fn,F;M,119695
TR,Turkey,forename,19,Ayse,ayse-fn,F,115935
TR,Turkey,forename,20,Ramazan,ramazan-fn,M,111314
TR,Turkey,forename,21,Emre,emre-fn,M,99816
TR,Turkey,forename,22,Osman,osman-fn,M,99178
TR,Turkey,forename,23,Fathi,fathi-fn,M,95556
TR,Turkey,forename,24,Hakan,hakan-fn,F;M,94531
TR,Turkey,forename,25,Fatih,fatih-fn,M,91828
TR,Turkey,forename,26,Mahmoud,mahmoud-fn,M,83798
TR,Turkey,forename,27,محمد,mhmd-fn,M;F,82883
TR,Turkey,forename,28,Emine,emine-fn,F,82207
TR,Turkey,forename,29,Kadir,kadir-fn,M,79421
TR,Turkey,forename,30,Hatice,hatice-fn,F,76102
TR,Turkey,forename,31,Abdullah,abdullah-fn,M,75939
TR,Turkey,forename,32,Kamal,kamal-fn,M;F,74454
TR,Turkey,forename,33,Zeynep,zeynep-fn,F,74170
TR,Turkey,forename,34,Halil,halil-fn,M,71798
TR,Turkey,forename,35,Adem,adem-fn,M,68960
TR,Turkey,forename,36,Elif,elif-fn,F,68934
TR,Turkey,forename,37,Serkan,serkan-fn,M,68152
TR,Turkey,forename,38,Süleyman,suleyman-fn,M;F,65779
TR,Turkey,forename,39,Burak,burak-fn,M,65177
TR,Turkey,forename,40,Metin,metin-fn,M,65023
TR,Turkey,forename,41,Mert,mert-fn,M,63082
TR,Turkey,forename,42,Recep,recep-fn,M;F,61348
TR,Turkey,forename,43,Muhammet,muhammet-fn,M;F,57719
TR,Turkey,forename,44,Mahmut,mahmut-fn,M;F,56837
TR,Turkey,forename,45,Kemal,kemal-fn,M,56535
TR,Turkey,forename,46,Orhan,orhan-fn,M,55476
TR,Turkey,forename,47,Yasser,yasser-fn,M;F,54787
TR,Turkey,forename,48,Salah,salah-fn,M;F,54586
TR,Turkey,forename,49,Furkan,furkan-fn,M,54335
TR,Turkey,forename,50,Deniz,deniz-fn,M,54306
TR,Turkey,forename,51,Uğur,ugur-fn,M;F,53887
TR,Turkey,forename,52,Onur,onur-fn,M;F,52207
TR,Turkey,forename,53,احمد,ahmd-fn,M;F,51895
TR,Turkey,forename,54,Merve,merve-fn,M;F,51749
TR,Turkey,forename,55,Yunus,yunus-fn,M,50789
TR,Turkey,forename,56,Salih,salih-fn,M,50121
TR,Turkey,forename,57,Yasar,yasar-fn,M,48102
TR,Turkey,forename,58,Yasin,yasin-fn,M,47583
TR,Turkey,forename,59,Erkan,erkan-fn,M,46519
TR,Turkey,forename,60,Enes,enes-fn,M,45077
TR,Turkey,forename,61,Bayram,bayram-fn,M;F,44795
TR,Turkey,forename,62,Sinan,sinan-fn,M,44548
TR,Turkey,forename,63,ابو,abw-fn,M;F,43647
TR,Turkey,forename,64,Yilmaz,yilmaz-fn,M,43107
TR,Turkey,forename,65,Ayhan,ayhan-fn,M,43010
TR,Turkey,forename,66,Can,can-fn,M,42599
TR,Turkey,forename,67,Muhammed,muhammed-fn,M;F,42371
TR,Turkey,forename,68,Nour,nour-fn,F;M,41905
TR,Turkey,forename,69,Ercan,ercan-fn,M,41811
TR,Turkey,forename,70,Emrah,emrah-fn,M,40750
TR,Turkey,forename,71,Özlem,ozlem-fn,F,40486
TR,Turkey,forename,72,Serdar,serdar-fn,M,40461
TR,Turkey,forename,73,Esra,esra-fn,F,40396
TR,Turkey,forename,74,Samet,samet-fn,M,40244
TR,Turkey,forename,75,Mesut,mesut-fn,M,39852
TR,Turkey,forename,76,Barış,baris-fn,M;F,39636
TR,Turkey,forename,77,Kenan,kenan-fn,M,39439
TR,Turkey,forename,78,Ferhat,ferhat-fn,M;F,38875
TR,Turkey,forename,79,Sedat,sedat-fn,M;F,38101
TR,Turkey,forename,80,Bülent,bulent-fn,M,37770
TR,Turkey,forename,81,Umut,umut-fn,M;F,37674
TR,Turkey,forename,82,Cengiz,cengiz-fn,M,37617
TR,Turkey,forename,83,Ümit,umit-fn,M;F,37244
TR,Turkey,forename,84,Musa,musa-fn,M;F,37171
TR,Turkey,forename,85,Yasemin,yasemin-fn,F,37128
TR,Turkey,forename,86,Erol,erol-fn,M,36701
TR,Turkey,forename,87,Hülya,hulya-fn,F,36343
TR,Turkey,forename,88,Aydın,aydin-fn,M;F,35950
TR,Turkey,forename,89,Erdal,erdal-fn,M;F,34779
TR,Turkey,forename,90,Yakup,yakup-fn,M;F,34485
TR,Turkey,forename,91,Bilal,bilal-fn,M;F,34361
TR,Turkey,forename,92,Dilek,dilek-fn,M;F,33578
TR,Turkey,forename,93,Melek,melek-fn,M;F,33070
TR,Turkey,forename,94,Engin,engin-fn,M;F,32881
TR,Turkey,forename,95,Harun,harun-fn,M,32711
TR,Turkey,forename,96,Özgür,ozgur-fn,M;F,32582
TR,Turkey,forename,97,Amir,amir-fn,M;F,32307
TR,Turkey,forename,98,Bekir,bekir-fn,M;F,31483
TR,Turkey,forename,99,Eren,eren-fn,M;F,31142
TR,Turkey,forename,100,Cemal,cemal-fn,M;F,30534
TR,Turkey,surname,1,Yilmaz,yilmaz-sn,M;F,259741
TR,Turkey,surname,2,Kaya,kaya-sn,M;F,189615
TR,Turkey,surname,3,Demir,demir-sn,M;F,171321
TR,Turkey,surname,4,Celik,celik-sn,M,134851
TR,Turkey,surname,5,Sahin,sahin-sn,M,133734
TR,Turkey,surname,6,Aydin,aydin-sn,M,132829
TR,Turkey,surname,7,Can,can-sn,M;F,130775
TR,Turkey,surname,8,Yildirim,yildirim-sn,M,126908
TR,Turkey,surname,9,Öztürk,ozturk-sn,M,117582
TR,Turkey,surname,10,Ay,ay-sn,,117039
TR,Turkey,surname,11,Özdemir,ozdemir-sn,M,101501
TR,Turkey,surname,12,Arslan,arslan-sn,M,94875
TR,Turkey,surname,13,Dogan,dogan-sn,M,91807
TR,Turkey,surname,14,Kilic,kilic-sn,M,83383
TR,Turkey,surname,15,Kara,kara-sn,M,76923
TR,Turkey,surname,16,Çetin,cetin-sn,,63237
TR,Turkey,surname,17,Kurt,kurt-sn,,58223
TR,Turkey,surname,18,Koç,koc-sn,,57947
TR,Turkey,surname,19,Gul,gul-sn,M;F,54637
TR,Turkey,surname,20,Korkmaz,korkmaz-sn,,52430
TR,Turkey,surname,21,Polat,polat-sn,,51099
TR,Turkey,surname,22,Çakır,cakir-sn,,50241
TR,Turkey,surname,23,Mohamed,mohamed-sn,M;F,49483
TR,Turkey,surname,24,Özkan,ozkan-sn,,46736
TR,Turkey,surname,25,Acar,acar-sn,,46395
TR,Turkey,surname,26,Şimşek,simsek-sn,,45865
TR,Turkey,surname,27,Güneş,gunes-sn,,45808
TR,Turkey,surname,28,Sen,sen-sn,M;F,45309
TR,Turkey,surname,29,Bulut,bulut-sn,,44578
TR,Turkey,surname,30,Özcan,ozcan-sn,,44483
TR,Turkey,surname,31,Yavuz,yavuz-sn,,44465
TR,Turkey,surname,32,Güler,guler-sn,,44028
TR,Turkey,surname,33,Erdoğan,erdogan-sn,,43948
TR,Turkey,surname,34,Deniz,deniz-sn,,43106
TR,Turkey,surname,35,Aktaş,aktas-sn,,42637
TR,Turkey,surname,36,Yalçın,yalcin-sn,,42512
TR,Turkey,surname,37,Ateş,ates-sn,,42434
TR,Turkey,surname,38,Ali,ali-sn,M;F,41603
TR,Turkey,surname,39,Keskin,keskin-sn,,40091
TR,Turkey,surname,40,Bozkurt,bozkurt-sn,,39489
TR,Turkey,surname,41,Turan,turan-sn,,39321
TR,Turkey,surname,42,Sari,sari-sn,F,37769
TR,Turkey,surname,43,Ahmed,ahmed-sn,M;F,37434
TR,Turkey,surname,44,Taş,tas-sn,,37046
TR,Turkey,surname,45,Coşkun,coskun-sn,,36555
TR,Turkey,surname,46,Kaplan,kaplan-sn,M;F,35295
TR,Turkey,surname,47,Özer,ozer-sn,,34408
TR,Turkey,surname,48,Ünal,unal-sn,,34158
TR,Turkey,surname,49,Tekin,tekin-sn,,33574
TR,Turkey,surname,50,Uzun,uzun-sn,,33185
TR,Turkey,surname,51,Aksoy,aksoy-sn,,33103
TR,Turkey,surname,52,Yiğit,yigit-sn,,32763
TR,Turkey,surname,53,محمد,mhmd-sn,M;F,32648
TR,Turkey,surname,54,Köse,kose-sn,,32074
TR,Turkey,surname,55,Çiçek,cicek-sn,,31987
TR,Turkey,surname,56,Karaca,karaca-sn,,30699
TR,Turkey,surname,57,Yüksel,yuksel-sn,,30656
TR,Turkey,surname,58,Karataş,karatas-sn,,30470
TR,Turkey,surname,59,Genç,genc-sn,M;F,28912
TR,Turkey,surname,60,Demirci,demirci-sn,,28622
TR,Turkey,surname,61,Duman,duman-sn,,28437
TR,Turkey,surname,62,Sönmez,sonmez-sn,,28361
TR,Turkey,surname,63,Bayram,bayram-sn,,28169
TR,Turkey,surname,64,Ceylan,ceylan-sn,,27622
TR,Turkey,surname,65,Akin,akin-sn,M,27432
TR,Turkey,surname,66,Yaşar,yasar-sn,,27256
TR,Turkey,surname,67,Yasser,yasser-sn,M;F,27256
TR,Turkey,surname,68,Çınar,cinar-sn,,27071
TR,Turkey,surname,69,Erdem,erdem-sn,,26741
TR,Turkey,surname,70,Çakmak,cakmak-sn,,26599
TR,Turkey,surname,71,Oz,oz-sn,,26572
TR,Turkey,surname,72,Çoban,coban-sn,,26549
TR,Turkey,surname,73,Yaman,yaman-sn,,26006
TR,Turkey,surname,74,Mutlu,mutlu-sn,,25844
TR,Turkey,surname,75,Güngör,gungor-sn,,25811
TR,Turkey,surname,76,Kartal,kartal-sn,,25783
TR,Turkey,surname,77,Kahraman,kahraman-sn,M;F,25632
TR,Turkey,surname,78,Türk,turk-sn,M;F,25472
TR,Turkey,surname,79,Uçar,ucar-sn,M;F,25375
TR,Turkey,surname,80,Çalışkan,caliskan-sn,M;F,25315
TR,Turkey,surname,81,Ak,ak-sn,M;F,25301
TR,Turkey,surname,82,Güzel,guzel-sn,,24960
TR,Turkey,surname,83,Gümüş,gumus-sn,M;F,23715
TR,Turkey,surname,84,Eren,eren-sn,M;F,23580
TR,Turkey,surname,85,Güven,guven-sn,M;F,23484
TR,Turkey,surname,86,Küçük,kucuk-sn,M;F,23269
TR,Turkey,surname,87,Koçak,kocak-sn,M;F,23245
TR,Turkey,surname,88,Uysal,uysal-sn,M;F,23127
TR,Turkey,surname,89,Aksu,aksu-sn,M;F,22897
TR,Turkey,surname,90,Altun,altun-sn,M;F,22674
TR,Turkey,surname,91,Gündüz,gunduz-sn,M;F,22592
TR,Turkey,surname,92,Çolak,colak-sn,M;F,22501
TR,Turkey,surname,93,Demirel,demirel-sn,M,22152
TR,Turkey,surname,94,Tunç,tunc-sn,M,21865
TR,Turkey,surname,95,Çetinkaya,cetinkaya-sn,M,21826
TR,Turkey,surname,96,Çiftçi,ciftci-sn,,21608
TR,Turkey,surname,97,Gök,gok-sn,,21014
TR,Turkey,surname,98,Aydemir,aydemir-sn,,20702
TR,Turkey,surname,99,Karakaya,karakaya-sn,,20527
TR,Turkey,surname,100,Karaman,karaman-sn,,20366
TW,Taiwan,forename,1,Kevin,kevin-fn,M,1331
TW,Taiwan,forename,2,David,david-fn,M;F,1300
TW,Taiwan,forename,3,Eric,eric-fn,M,1290
TW,Taiwan,forename,4,Jason,jason-fn,M,1287
TW,Taiwan,forename,5,Siti,siti-fn,F;M,1143
TW,Taiwan,forename,6,James,james-fn,M,1079
TW,Taiwan,forename,7,Andy,andy-fn,M,1050
TW,Taiwan,forename,8,Elaine,elaine-fn,F;M,291
TW,Taiwan,forename,9,Stella,stella-fn,F;M,212
TW,Taiwan,forename,10,Rina,rina-fn,F;M,197
TW,Taiwan,forename,11,Shan,shan-fn,F;M,163
TW,Taiwan,forename,12,Xuan,xuan-fn,F;M,155
TW,Taiwan,forename,13,Aisyah,aisyah-fn,F;M,148
TW,Taiwan,forename,14,Debby,debby-fn,F;M,128
TW,Taiwan,forename,15,Elena,elena-fn,F;M,75
TW,Taiwan,forename,16,Boy,boy-fn,M,46
TW,Taiwan,forename,17,Chika,chika-fn,F;M,41
TW,Taiwan,forename,18,Ct,ct-fn,F;M,31
TW,Taiwan,forename,19,Ash,ash-fn,F;M,29
TW,Taiwan,forename,20,Sidney,sidney-fn,F;M,28
TW,Taiwan,forename,21,Emmy,emmy-fn,F;M,26
TW,Taiwan,forename,22,Lukman,lukman-fn,M,24
TW,Taiwan,forename,23,Hellen,hellen-fn,F,22
TW,Taiwan,forename,24,Eleanor,eleanor-fn,F,21
TW,Taiwan,forename,25,Harvey,harvey-fn,F;M,21
TW,Taiwan,forename,26,Yohana,yohana-fn,F;M,17
TW,Taiwan,forename,27,Sofie,sofie-fn,F;M,16
TW,Taiwan,forename,28,Carolina,carolina-fn,F;M,15
TW,Taiwan,forename,29,Ham,ham-fn,F;M,13
TW,Taiwan,forename,30,Aina,aina-fn,F;M,12
TW,Taiwan,forename,31,Inez,inez-fn,F;M,12
TW,Taiwan,forename,32,Patti,patti-fn,F;M,12
TW,Taiwan,forename,33,Maki,maki-fn,F;M,11
TW,Taiwan,forename,34,Faridah,faridah-fn,F;M,9
TW,Taiwan,forename,35,Krista,krista-fn,F;M,8
TW,Taiwan,forename,36,Leung,leung-fn,F;M,8
TW,Taiwan,forename,37,Sina,sina-fn,F;M,8
TW,Taiwan,forename,38,Loly,loly-fn,F;M,7
TW,Taiwan,forename,39,Nura,nura-fn,F;M,7
TW,Taiwan,forename,40,Heidy,heidy-fn,F;M,6
TW,Taiwan,forename,41,Rudolf,rudolf-fn,M,6
TW,Taiwan,forename,42,Sissi,sissi-fn,F;M,6
TW,Taiwan,forename,43,Haifa,haifa-fn,F;M,5
TW,Taiwan,forename,44,Rahmi,rahmi-fn,F;M,5
TW,Taiwan,forename,45,Ruan,ruan-fn,F;M,5
TW,Taiwan,forename,46,Valery,valery-fn,F;M,5
TW,Taiwan,forename,47,Vikram,vikram-fn,F;M,5
TW,Taiwan,forename,48,Hima,hima-fn,F;M,4
TW,Taiwan,forename,49,Mariska,mariska-fn,F;M,4
TW,Taiwan,forename,50,Nery,nery-fn,F;M,4
TW,Taiwan,forename,51,Neva,neva-fn,F;M,4
TW,Taiwan,forename,52,Ange,ange-fn,F;M,3
TW,Taiwan,forename,53,Beata,beata-fn,F;M,3
TW,Taiwan,forename,54,Hilmi,hilmi-fn,F;M,3
TW,Taiwan,forename,55,Ibra,ibra-fn,M,3
TW,Taiwan,forename,56,Leroy,leroy-fn,F;M,3
TW,Taiwan,forename,57,Letty,letty-fn,F;M,3
TW,Taiwan,forename,58,Sumit,sumit-fn,F;M,3
TW,Taiwan,forename,59,Vanda,vanda-fn,F;M,3
TW,Taiwan,forename,60,Wahab,wahab-fn,F;M,3
TW,Taiwan,forename,61,Ayoub,ayoub-fn,M,2
TW,Taiwan,forename,62,Clinton,clinton-fn,M,2
TW,Taiwan,forename,63,Dil,dil-fn,F;M,2
TW,Taiwan,forename,64,Gioia,gioia-fn,F;M,2
TW,Taiwan,forename,65,Jef,jef-fn,F;M,2
TW,Taiwan,forename,66,Leandra,leandra-fn,F;M,2
TW,Taiwan,forename,67,Lella,lella-fn,F,2
TW,Taiwan,forename,68,Loka,loka-fn,F;M,2
TW,Taiwan,forename,69,Marin,marin-fn,F;M,2
TW,Taiwan,forename,70,Mart,mart-fn,M,2
TW,Taiwan,forename,71,Mohit,mohit-fn,M,2
TW,Taiwan,forename,72,Noora,noora-fn,F;M,2
TW,Taiwan,forename,73,Paz,paz-fn,F;M,2
TW,Taiwan,forename,74,Pelin,pelin-fn,F;M,2
TW,Taiwan,forename,75,Srinivas,srinivas-fn,F;M,2
TW,Taiwan,forename,76,Uchenna,uchenna-fn,F;M,2
TW,Taiwan,forename,77,Ute,ute-fn,F;M,2
TW,Taiwan,forename,78,Zainab,zainab-fn,F;M,2
TW,Taiwan,surname,1,Chen,chen-sn,F;M,24300
TW,Taiwan,surname,2,Lin,lin-sn,F;M,18677
TW,Taiwan,surname,3,Huang,huang-sn,F;M,12081
TW,Taiwan,surname,4,Chang,chang-sn,F;M,11161
TW,Taiwan,surname,5,Wang,wang-sn,F;M,10375
TW,Taiwan,surname,6,Lee,lee-sn,M;F,10168
TW,Taiwan,surname,7,Wu,wu-sn,F;M,9270
TW,Taiwan,surname,8,Liu,liu-sn,F;M,6250
TW,Taiwan,surname,9,Hsu,hsu-sn,,5733
TW,Taiwan,surname,10,Yang,yang-sn,F;M,5032
TW,Taiwan,surname,11,Tsai,tsai-sn,F;M,4547
TW,Taiwan,surname,12,Cheng,cheng-sn,F;M,3476
TW,Taiwan,surname,13,Yu,yu-sn,M;F,2888
TW,Taiwan,surname,14,Lu,lu-sn,F;M,2823
TW,Taiwan,surname,15,Li,li-sn,F;M,2764
TW,Taiwan,surname,16,Hsieh,hsieh-sn,M;F,2736
TW,Taiwan,surname,17,Chou,chou-sn,F;M,2592
TW,Taiwan,surname,18,Kuo,kuo-sn,M;F,2545
TW,Taiwan,surname,19,Lai,lai-sn,M;F,2431
TW,Taiwan,surname,20,Liao,liao-sn,M;F,2390
TW,Taiwan,surname,21,Chiu,chiu-sn,,2174
TW,Taiwan,surname,22,Su,su-sn,F;M,2133
TW,Taiwan,surname,23,Hung,hung-sn,M;F,2016
TW,Taiwan,surname,24,Formosa,formosa-sn,F,1989
TW,Taiwan,surname,25,Yeh,yeh-sn,M,1034
TW,Taiwan,surname,26,Tseng,tseng-sn,M,1033
TW,Taiwan,surname,27,Ma,ma-sn,F;M,685
TW,Taiwan,surname,28,Zheng,zheng-sn,F;M,362
TW,Taiwan,surname,29,Le,le-sn,F;M,150
TW,Taiwan,surname,30,Rahma,rahma-sn,F;M,124
TW,Taiwan,surname,31,Zhao,zhao-sn,F;M,94
TW,Taiwan,surname,32,Najwa,najwa-sn,F;M,41
TW,Taiwan,surname,33,Fauzi,fauzi-sn,,40
TW,Taiwan,surname,34,Dia,dia-sn,,36
TW,Taiwan,surname,35,Kwong,kwong-sn,F;M,26
TW,Taiwan,surname,36,Bruce,bruce-sn,F;M,25
TW,Taiwan,surname,37,Rain,rain-sn,,24
TW,Taiwan,surname,38,Zidan,zidan-sn,F;M,17
TW,Taiwan,surname,39,Viola,viola-sn,M;F,15
TW,Taiwan,surname,40,Deva,deva-sn,F;M,14
TW,Taiwan,surname,41,Didi,didi-sn,F;M,14
TW,Taiwan,surname,42,Santo,santo-sn,F;M,14
TW,Taiwan,surname,43,Loi,loi-sn,F;M,13
TW,Taiwan,surname,44,Seven,seven-sn,F;M,13
TW,Taiwan,surname,45,Raymond,raymond-sn,F;M,12
TW,Taiwan,surname,46,Power,power-sn,,11
TW,Taiwan,surname,47,Zara,zara-sn,F;M,11
TW,Taiwan,surname,48,Fatah,fatah-sn,M;F,10
TW,Taiwan,surname,49,Kar,kar-sn,F;M,10
TW,Taiwan,surname,50,Caroline,caroline-sn,,9
TW,Taiwan,surname,51,Cheah,cheah-sn,,7
TW,Taiwan,surname,52,Dev,dev-sn,F;M,7
TW,Taiwan,surname,53,Hassan,hassan-sn,F;M,7
TW,Taiwan,surname,54,Jana,jana-sn,F;M,7
TW,Taiwan,surname,55,Rm,rm-sn,F;M,7
TW,Taiwan,surname,56,Warda,warda-sn,,7
TW,Taiwan,surname,57,Mariam,mariam-sn,F;M,5
TW,Taiwan,surname,58,Poh,poh-sn,F;M,5
TW,Taiwan,surname,59,Tyler,tyler-sn,,5
TW,Taiwan,surname,60,Yanık,yanik-sn,F;M,5
TW,Taiwan,surname,61,Ayesha,ayesha-sn,F;M,4
TW,Taiwan,surname,62,Viera,viera-sn,,4
TW,Taiwan,surname,63,Angelo,angelo-sn,,3
TW,Taiwan,surname,64,Haidar,haidar-sn,F;M,3
TW,Taiwan,surname,65,Manzano,manzano-sn,F;M,3
TW,Taiwan,surname,66,Moro,moro-sn,F;M,3
TW,Taiwan,surname,67,Espino,espino-sn,F;M,2
TW,Taiwan,surname,68,Michele,michele-sn,F;M,2
TW,Taiwan,surname,69,Msibi,msibi-sn,,2
TW,Taiwan,surname,70,Persson,persson-sn,,2
UA,,forename,1,Bogdan,bogdan-fn,M,4000
UA,,surname,1,Vitali,vitali-sn,,2364
UA,,surname,2,Belov,belov-sn,F;M,2000
UA,,surname,3,Alekseeva,alekseeva-sn,,1364
US,United States,forename,1,Jose,jose-fn,M;F,269784
US,United States,forename,2,David,david-fn,M;F,212456
US,United States,forename,3,Michael,michael-fn,M,200110
US,United States,forename,4,John,john-fn,M,191652
US,United States,forename,5,Juan,juan-fn,M,161249
US,United States,forename,6,Carlos,carlos-fn,M;F,135548
US,United States,forename,7,Annette,annette-fn,F,135392
US,United States,forename,8,Luis,luis-fn,M;F,131743
US,United States,forename,9,Chris,chris-fn,M;F,131408
US,United States,forename,10,Alex,alex-fn,M;F,125700
US,United States,forename,11,Daniel,daniel-fn,M;F,123780
US,United States,forename,12,Sara,sara-fn,F;M,118431
US,United States,forename,13,James,james-fn,M,117021
US,United States,forename,14,Mike,mike-fn,M,112206
US,United States,forename,15,Robert,robert-fn,M,108559
US,United States,forename,16,Mary,mary-fn,F,101879
US,United States,forename,17,Kevin,kevin-fn,M,97655
US,United States,forename,18,Jennifer,jennifer-fn,F,97185
US,United States,forename,19,Jessica,jessica-fn,F,94018
US,United States,forename,20,Mark,mark-fn,M,86400
US,United States,forename,21,Brian,brian-fn,M,84324
US,United States,forename,22,Jorge,jorge-fn,M,82325
US,United States,forename,23,Anthony,anthony-fn,M,81871
US,United States,forename,24,Jason,jason-fn,M,79835
US,United States,forename,25,Joe,joe-fn,M,78746
US,United States,forename,26,Michelle,michelle-fn,F,77778
US,United States,forename,27,Lisa,lisa-fn,F,76400
US,United States,forename,28,Sarah,sarah-fn,F,76120
US,United States,forename,29,Ana,ana-fn,F;M,75422
US,United States,forename,30,Miguel,miguel-fn,M,75276
US,United States,forename,31,Eric,eric-fn,M,74789
US,United States,forename,32,Elizabeth,elizabeth-fn,F,74606
US,United States,forename,33,Laura,laura-fn,F,74410
US,United States,forename,34,Jesus,jesus-fn,M,72520
US,United States,forename,35,Andrew,andrew-fn,M,71745
US,United States,forename,36,Ryan,ryan-fn,M;F,71286
US,United States,forename,37,Ashley,ashley-fn,F;M,70987
US,United States,forename,38,Angel,angel-fn,F;M,69333
US,United States,forename,39,Paul,paul-fn,M,66671
US,United States,forename,40,Linda,linda-fn,F;M,66580
US,United States,forename,41,Richard,richard-fn,M,65431
US,United States,forename,42,Karen,karen-fn,F;M,65109
US,United States,forename,43,Stephanie,stephanie-fn,F,64827
US,United States,forename,44,Victor,victor-fn,M,64606
US,United States,forename,45,Jonathan,jonathan-fn,M,64251
US,United States,forename,46,William,william-fn,M,63482
US,United States,forename,47,Matt,matt-fn,M,61358
US,United States,forename,48,Joseph,joseph-fn,M;F,60815
US,United States,forename,49,Manuel,manuel-fn,M,60387
US,United States,forename,50,Antonio,antonio-fn,M;F,60259
US,United States,forename,51,Steve,steve-fn,M,60205
US,United States,forename,52,Sandra,sandra-fn,F,60176
US,United States,forename,53,Melissa,melissa-fn,F,59919
US,United States,forename,54,Tony,tony-fn,M,59869
US,United States,forename,55,Amanda,amanda-fn,F,58902
US,United States,forename,56,Justin,justin-fn,M,58777
US,United States,forename,57,Brandon,brandon-fn,M,58351
US,United States,forename,58,Nancy,nancy-fn,F,56659
US,United States,forename,59,Jeff,jeff-fn,M,56190
US,United States,forename,60,Matthew,matthew-fn,M,55987
US,United States,forename,61,Patricia,patricia-fn,F,55691
US,United States,forename,62,Mario,mario-fn,M,55618
US,United States,forename,63,Scott,scott-fn,M,55159
US,United States,forename,64,Nick,nick-fn,M,54509
US,United States,forename,65,Emily,emily-fn,F,54412
US,United States,forename,66,Francisco,francisco-fn,M,54104
US,United States,forename,67,Nicole,nicole-fn,F,53882
US,United States,forename,68,Oscar,oscar-fn,M,52797
US,United States,forename,69,Amy,amy-fn,F,52514
US,United States,forename,70,Christopher,christopher-fn,M,52220
US,United States,forename,71,Susan,susan-fn,F,50623
US,United States,forename,72,Steven,steven-fn,M,50209
US,United States,forename,73,Carmen,carmen-fn,F,50133
US,United States,forename,74,Rosa,rosa-fn,F,49872
US,United States,forename,75,Javier,javier-fn,M,49862
US,United States,forename,76,Pedro,pedro-fn,M,49710
US,United States,forename,77,Angela,angela-fn,F;M,48938
US,United States,forename,78,Andrea,andrea-fn,F;M,47906
US,United States,forename,79,Josh,josh-fn,M,47778
US,United States,forename,80,Jay,jay-fn,M;F,47562
US,United States,forename,81,Sam,sam-fn,M;F,46923
US,United States,forename,82,Diana,diana-fn,F,46812
US,United States,forename,83,Rachel,rachel-fn,F,46484
US,United States,forename,84,Martha,martha-fn,F,46135
US,United States,forename,85,Kelly,kelly-fn,F;M,46128
US,United States,forename,86,Adam,adam-fn,M,45911
US,United States,forename,87,Thomas,thomas-fn,M,45451
US,United States,forename,88,Jim,jim-fn,M,43946
US,United States,forename,89,Joshua,joshua-fn,M,43522
US,United States,forename,90,Fernando,fernando-fn,M,43320
US,United States,forename,91,Tim,tim-fn,M,43053
US,United States,forename,92,Martin,martin-fn,M,42935
US,United States,forename,93,Tom,tom-fn,M,42724
US,United States,forename,94,Frank,frank-fn,M,42664
US,United States,forename,95,Aaron,aaron-fn,M,42537
US,United States,forename,96,George,george-fn,M,42495
US,United States,forename,97,Brenda,brenda-fn,F,42475
US,United States,forename,98,Julie,julie-fn,F,42463
US,United States,forename,99,Roberto,roberto-fn,M,42424
US,United States,forename,100,Anna,anna-fn,F;M,42396
US,United States,surname,1,Garcia,garcia-sn,M;F,265688
US,United States,surname,2,Cox,cox-sn,,261231
US,United States,surname,3,Hernandez,hernandez-sn,M;F,257748
US,United States,surname,4,Rodriguez,rodriguez-sn,F;M,244146
US,United States,surname,5,Lopez,lopez-sn,F;M,242373
US,United States,surname,6,Martinez,martinez-sn,F;M,234633
US,United States,surname,7,Perez,perez-sn,F;M,177974
US,United States,surname,8,Smith,smith-sn,M;F,177637
US,United States,surname,9,Johnson,johnson-sn,M;F,137388
US,United States,surname,10,Ramirez,ramirez-sn,M;F,132867
US,United States,surname,11,Williams,williams-sn,M;F,120393
US,United States,surname,12,Jones,jones-sn,M;F,109477
US,United States,surname,13,Brown,brown-sn,M;F,104411
US,United States,surname,14,Flores,flores-sn,F;M,98810
US,United States,surname,15,Torres,torres-sn,F;M,96456
US,United States,surname,16,Gomez,gomez-sn,F;M,95235
US,United States,surname,17,Patel,patel-sn,M;F,93149
US,United States,surname,18,Cruz,cruz-sn,F;M,90877
US,United States,surname,19,Diaz,diaz-sn,F;M,90399
US,United States,surname,20,Rivera,rivera-sn,M;F,86836
US,United States,surname,21,Reyes,reyes-sn,M;F,86333
US,United States,surname,22,Morales,morales-sn,M;F,77416
US,United States,surname,23,Davis,davis-sn,M;F,72646
US,United States,surname,24,Lee,lee-sn,M;F,71869
US,United States,surname,25,Ortiz,ortiz-sn,M;F,64886
US,United States,surname,26,Miller,miller-sn,M;F,64885
US,United States,surname,27,Ramos,ramos-sn,M;F,62556
US,United States,surname,28,Gutierrez,gutierrez-sn,M;F,61478
US,United States,surname,29,Thomas,thomas-sn,M;F,61336
US,United States,surname,30,Charles,charles-sn,,61211
US,United States,surname,31,Jimenez,jimenez-sn,F;M,58693
US,United States,surname,32,Mendoza,mendoza-sn,F;M,58290
US,United States,surname,33,Castillo,castillo-sn,F;M,56965
US,United States,surname,34,Ruiz,ruiz-sn,M;F,55637
US,United States,surname,35,Alvarez,alvarez-sn,F;M,55381
US,United States,surname,36,Jackson,jackson-sn,M;F,55231
US,United States,surname,37,Wilson,wilson-sn,M;F,53034
US,United States,surname,38,Anderson,anderson-sn,M;F,50863
US,United States,surname,39,Taylor,taylor-sn,F;M,50749
US,United States,surname,40,Chavez,chavez-sn,M;F,50220
US,United States,surname,41,Aguilar,aguilar-sn,M;F,48326
US,United States,surname,42,Martin,martin-sn,M;F,47635
US,United States,surname,43,Castro,castro-sn,M;F,47631
US,United States,surname,44,Romero,romero-sn,F;M,46655
US,United States,surname,45,Singh,singh-sn,M;F,46089
US,United States,surname,46,Vasquez,vasquez-sn,M;F,46042
US,United States,surname,47,Mendez,mendez-sn,F;M,44697
US,United States,surname,48,Moore,moore-sn,M;F,44546
US,United States,surname,49,Guzman,guzman-sn,F;M,44251
US,United States,surname,50,White,white-sn,M;F,43793
US,United States,surname,51,Harris,harris-sn,M;F,43711
US,United States,surname,52,Herrera,herrera-sn,F;M,43072
US,United States,surname,53,Moreno,moreno-sn,F;M,42102
US,United States,surname,54,Thompson,thompson-sn,M;F,41515
US,United States,surname,55,Fernandez,fernandez-sn,F;M,41269
US,United States,surname,56,Vargas,vargas-sn,M;F,41223
US,United States,surname,57,Medina,medina-sn,M;F,40667
US,United States,surname,58,Vazquez,vazquez-sn,F;M,39605
US,United States,surname,59,Clark,clark-sn,M;F,39061
US,United States,surname,60,Lewis,lewis-sn,M;F,37916
US,United States,surname,61,King,king-sn,M;F,37220
US,United States,surname,62,Robinson,robinson-sn,M;F,37128
US,United States,surname,63,Santos,santos-sn,F;M,36814
US,United States,surname,64,Marie,marie-sn,F;M,36495
US,United States,surname,65,Mejia,mejia-sn,M;F,36110
US,United States,surname,66,Walker,walker-sn,M;F,35107
US,United States,surname,67,Muñoz,munoz-sn,F;M,33426
US,United States,surname,68,Alvarado,alvarado-sn,M;F,33357
US,United States,surname,69,Becerra,becerra-sn,,33274
US,United States,surname,70,Silva,silva-sn,M;F,33226
US,United States,surname,71,Allen,allen-sn,M;F,32609
US,United States,surname,72,Salazar,salazar-sn,M;F,32582
US,United States,surname,73,Nguyen,nguyen-sn,M;F,32470
US,United States,surname,74,Green,green-sn,M;F,32379
US,United States,surname,75,Young,young-sn,M;F,32044
US,United States,surname,76,Soto,soto-sn,M;F,31923
US,United States,surname,77,Scott,scott-sn,M;F,31478
US,United States,surname,78,James,james-sn,M;F,31351
US,United States,surname,79,Peña,pena-sn,M;F,31043
US,United States,surname,80,Gonzales,gonzales-sn,F;M,29996
US,United States,surname,81,Contreras,contreras-sn,F;M,29629
US,United States,surname,82,Rojas,rojas-sn,M;F,29564
US,United States,surname,83,Wright,wright-sn,M;F,29262
US,United States,surname,84,Nuñez,nunez-sn,M;F,29140
US,United States,surname,85,Hall,hall-sn,M;F,28814
US,United States,surname,86,Khan,khan-sn,M;F,28593
US,United States,surname,87,Estrada,estrada-sn,M;F,28498
US,United States,surname,88,Hill,hill-sn,M;F,28336
US,United States,surname,89,Kim,kim-sn,M;F,28110
US,United States,surname,90,Nelson,nelson-sn,M;F,28101
US,United States,surname,91,Guerrero,guerrero-sn,M;F,27916
US,United States,surname,92,Ortega,ortega-sn,M;F,27900
US,United States,surname,93,Ali,ali-sn,M;F,27729
US,United States,surname,94,Maldonado,maldonado-sn,M;F,27593
US,United States,surname,95,Delgado,delgado-sn,F;M,27530
US,United States,surname,96,Rios,rios-sn,M;F,26982
US,United States,surname,97,Adams,adams-sn,M;F,26697
US,United States,surname,98,Vega,vega-sn,M;F,26528
US,United States,surname,99,Garza,garza-sn,M;F,26492
US,United States,surname,100,Sandoval,sandoval-sn,F;M,26399
UY,Uruguay,forename,1,Carlos,carlos-fn,M;F,14274
UY,Uruguay,forename,2,Juan,juan-fn,M,13318
UY,Uruguay,forename,3,Daniel,daniel-fn,M;F,12477
UY,Uruguay,forename,4,Pablo,pablo-fn,M,12465
UY,Uruguay,forename,5,Luis,luis-fn,M;F,11711
UY,Uruguay,forename,6,Ana,ana-fn,F;M,11690
UY,Uruguay,forename,7,Jorge,jorge-fn,M,11302
UY,Uruguay,forename,8,Diego,diego-fn,M,10896
UY,Uruguay,forename,9,Jose,jose-fn,M;F,10647
UY,Uruguay,forename,10,Martin,martin-fn,M,10366
UY,Uruguay,forename,11,Marcelo,marcelo-fn,M,9102
UY,Uruguay,forename,12,Fernando,fernando-fn,M,9063
UY,Uruguay,forename,13,Nicolas,nicolas-fn,M,8915
UY,Uruguay,forename,14,Laura,laura-fn,F,8529
UY,Uruguay,forename,15,Andrea,andrea-fn,F;M,8367
UY,Uruguay,forename,16,Alejandro,alejandro-fn,M,7913
UY,Uruguay,forename,17,Andres,andres-fn,M;F,7889
UY,Uruguay,forename,18,Santiago,santiago-fn,M,7622
UY,Uruguay,forename,19,Silvia,silvia-fn,F,7589
UY,Uruguay,forename,20,Gustavo,gustavo-fn,M,7555
UY,Uruguay,forename,21,Sebastian,sebastian-fn,M,7407
UY,Uruguay,forename,22,Claudia,claudia-fn,F,7236
UY,Uruguay,forename,23,Matias,matias-fn,M,7200
UY,Uruguay,forename,24,Sandra,sandra-fn,F,7167
UY,Uruguay,forename,25,Lucia,lucia-fn,F,7051
UY,Uruguay,forename,26,Eduardo,eduardo-fn,M,7037
UY,Uruguay,forename,27,Graciela,graciela-fn,F,6691
UY,Uruguay,forename,28,Julio,julio-fn,M,6535
UY,Uruguay,forename,29,Adriana,adriana-fn,F,6489
UY,Uruguay,forename,30,Gabriel,gabriel-fn,M,6431
UY,Uruguay,forename,31,Natalia,natalia-fn,F,6429
UY,Uruguay,forename,32,Patricia,patricia-fn,F,6405
UY,Uruguay,forename,33,Javier,javier-fn,M,6187
UY,Uruguay,forename,34,Miguel,miguel-fn,M,6149
UY,Uruguay,forename,35,Agustin,agustin-fn,M,6093
UY,Uruguay,forename,36,Susana,susana-fn,F,6071
UY,Uruguay,forename,37,Monica,monica-fn,F,6043
UY,Uruguay,forename,38,Veronica,veronica-fn,F,5876
UY,Uruguay,forename,39,Gonzalo,gonzalo-fn,M,5771
UY,Uruguay,forename,40,Cristina,cristina-fn,F,5617
UY,Uruguay,forename,41,Gabriela,gabriela-fn,F,5574
UY,Uruguay,forename,42,Alejandra,alejandra-fn,F,5530
UY,Uruguay,forename,43,Sergio,sergio-fn,M,5512
UY,Uruguay,forename,44,Lucas,lucas-fn,M,5450
UY,Uruguay,forename,45,Rodrigo,rodrigo-fn,M,5417
UY,Uruguay,forename,46,Federico,federico-fn,M,5262
UY,Uruguay,forename,47,Mario,mario-fn,M,5208
UY,Uruguay,forename,48,Carolina,carolina-fn,F;M,5183
UY,Uruguay,forename,49,Alicia,alicia-fn,F,4832
UY,Uruguay,forename,50,Florencia,florencia-fn,F,4803
UY,Uruguay,forename,51,Beatriz,beatriz-fn,F,4798
UY,Uruguay,forename,52,Mariana,mariana-fn,F,4685
UY,Uruguay,forename,53,Facundo,facundo-fn,M,4590
UY,Uruguay,forename,54,Leonardo,leonardo-fn,M,4493
UY,Uruguay,forename,55,Paola,paola-fn,F,4490
UY,Uruguay,forename,56,Roberto,roberto-fn,M,4458
UY,Uruguay,forename,57,Ruben,ruben-fn,M,4445
UY,Uruguay,forename,58,Lorena,lorena-fn,F,4432
UY,Uruguay,forename,59,Alvaro,alvaro-fn,M,4373
UY,Uruguay,forename,60,Marcos,marcos-fn,M,4353
UY,Uruguay,forename,61,Carmen,carmen-fn,F,4349
UY,Uruguay,forename,62,Cecilia,cecilia-fn,F,4306
UY,Uruguay,forename,63,Fabian,fabian-fn,M,4289
UY,Uruguay,forename,64,Sofia,sofia-fn,F,4271
UY,Uruguay,forename,65,Camila,camila-fn,F,4269
UY,Uruguay,forename,66,Cristian,cristian-fn,M,4142
UY,Uruguay,forename,67,Bruno,bruno-fn,M,4084
UY,Uruguay,forename,68,Walter,walter-fn,M,4028
UY,Uruguay,forename,69,Valeria,valeria-fn,F,3985
UY,Uruguay,forename,70,Oscar,oscar-fn,M,3969
UY,Uruguay,forename,71,Franco,franco-fn,M,3967
UY,Uruguay,forename,72,Ricardo,ricardo-fn,M,3947
UY,Uruguay,forename,73,Daniela,daniela-fn,F,3896
UY,Uruguay,forename,74,Richard,richard-fn,M,3889
UY,Uruguay,forename,75,Hugo,hugo-fn,M,3806
UY,Uruguay,forename,76,Victoria,victoria-fn,F,3745
UY,Uruguay,forename,77,Leticia,leticia-fn,F,3730
UY,Uruguay,forename,78,Mariela,mariela-fn,F,3705
UY,Uruguay,forename,79,Karina,karina-fn,F,3699
UY,Uruguay,forename,80,Valentina,valentina-fn,F,3684
UY,Uruguay,forename,81,Mary,mary-fn,F,3594
UY,Uruguay,forename,82,Silvana,silvana-fn,F,3555
UY,Uruguay,forename,83,Romina,romina-fn,F,3546
UY,Uruguay,forename,84,Rosario,rosario-fn,F;M,3537
UY,Uruguay,forename,85,Virginia,virginia-fn,F,3535
UY,Uruguay,forename,86,Mauricio,mauricio-fn,M,3435
UY,Uruguay,forename,87,Agustina,agustina-fn,F,3374
UY,Uruguay,forename,88,Raquel,raquel-fn,F,3360
UY,Uruguay,forename,89,Nico,nico-fn,M;F,3199
UY,Uruguay,forename,90,Marta,marta-fn,F,3195
UY,Uruguay,forename,91,Estela,estela-fn,F,3038
UY,Uruguay,forename,92,Alberto,alberto-fn,M,2977
UY,Uruguay,forename,93,Lourdes,lourdes-fn,F,2971
UY,Uruguay,forename,94,Nahuel,nahuel-fn,M,2962
UY,Uruguay,forename,95,Sonia,sonia-fn,F,2958
UY,Uruguay,forename,96,Karen,karen-fn,F;M,2949
UY,Uruguay,forename,97,Paula,paula-fn,F;M,2948
UY,Uruguay,forename,98,Rosa,rosa-fn,F,2918
UY,Uruguay,forename,99,Pedro,pedro-fn,M,2916
UY,Uruguay,forename,100,Victor,victor-fn,M,2912
UY,Uruguay,surname,1,Rodriguez,rodriguez-sn,F;M,39056
UY,Uruguay,surname,2,Martinez,martinez-sn,F;M,19249
UY,Uruguay,surname,3,Fernandez,fernandez-sn,F;M,16526
UY,Uruguay,surname,4,Perez,perez-sn,F;M,15069
UY,Uruguay,surname,5,Silva,silva-sn,M;F,13832
UY,Uruguay,surname,6,Garcia,garcia-sn,M;F,13357
UY,Uruguay,surname,7,Lopez,lopez-sn,F;M,13227
UY,Uruguay,surname,8,Sosa,sosa-sn,F;M,10646
UY,Uruguay,surname,9,Pereira,pereira-sn,M;F,10555
UY,Uruguay,surname,10,Olivera,olivera-sn,,9316
UY,Uruguay,surname,11,Diaz,diaz-sn,F;M,8542
UY,Uruguay,surname,12,Ferreira,ferreira-sn,F;M,8115
UY,Uruguay,surname,13,Acosta,acosta-sn,F;M,7650
UY,Uruguay,surname,14,Suarez,suarez-sn,F;M,7416
UY,Uruguay,surname,15,Gomez,gomez-sn,F;M,7252
UY,Uruguay,surname,16,Alvarez,alvarez-sn,F;M,7072
UY,Uruguay,surname,17,Cabrera,cabrera-sn,F;M,6934
UY,Uruguay,surname,18,Nuñez,nunez-sn,M;F,6576
UY,Uruguay,surname,19,Correa,correa-sn,M;F,6542
UY,Uruguay,surname,20,Hernandez,hernandez-sn,M;F,6176
UY,Uruguay,surname,21,Machado,machado-sn,F;M,5987
UY,Uruguay,surname,22,Castro,castro-sn,M;F,5300
UY,Uruguay,surname,23,Cardozo,cardozo-sn,F;M,5152
UY,Uruguay,surname,24,De Los Santos,de-los-santos-sn,M;F,5071
UY,Uruguay,surname,25,Moreira,moreira-sn,F;M,4904
UY,Uruguay,surname,26,Rivero,rivero-sn,M;F,4872
UY,Uruguay,surname,27,Mendez,mendez-sn,F;M,4807
UY,Uruguay,surname,28,Morales,morales-sn,M;F,4597
UY,Uruguay,surname,29,Pereyra,pereyra-sn,F;M,4483
UY,Uruguay,surname,30,Silvera,silvera-sn,F;M,4472
UY,Uruguay,surname,31,Silveira,silveira-sn,F;M,4336
UY,Uruguay,surname,32,Viera,viera-sn,,4287
UY,Uruguay,surname,33,Pintos,pintos-sn,F;M,4133
UY,Uruguay,surname,34,Romero,romero-sn,F;M,4063
UY,Uruguay,surname,35,Ramos,ramos-sn,M;F,3762
UY,Uruguay,surname,36,Alvez,alvez-sn,F;M,3644
UY,Uruguay,surname,37,Da Silva,da-silva-sn,M;F,3426
UY,Uruguay,surname,38,Torres,torres-sn,F;M,3414
UY,Uruguay,surname,39,Duarte,duarte-sn,F;M,3190
UY,Uruguay,surname,40,Medina,medina-sn,M;F,3189
UY,Uruguay,surname,41,Ramirez,ramirez-sn,M;F,3165
UY,Uruguay,surname,42,Delgado,delgado-sn,F;M,3059
UY,Uruguay,surname,43,Gutierrez,gutierrez-sn,M;F,2961
UY,Uruguay,surname,44,Techera,techera-sn,F;M,2936
UY,Uruguay,surname,45,Santos,santos-sn,F;M,2702
UY,Uruguay,surname,46,Larrosa,larrosa-sn,F;M,2700
UY,Uruguay,surname,47,Benitez,benitez-sn,M;F,2658
UY,Uruguay,surname,48,Piriz,piriz-sn,F;M,2635
UY,Uruguay,surname,49,Costa,costa-sn,M;F,2544
UY,Uruguay,surname,50,Barboza,barboza-sn,F;M,2509
UY,Uruguay,surname,51,Lima,lima-sn,M;F,2466
UY,Uruguay,surname,52,De Leon,de-leon-sn,M;F,2440
UY,Uruguay,surname,53,Rocha,rocha-sn,M;F,2433
UY,Uruguay,surname,54,Reyes,reyes-sn,M;F,2287
UY,Uruguay,surname,55,Marquez,marquez-sn,M;F,2270
UY,Uruguay,surname,56,Vazquez,vazquez-sn,F;M,2263
UY,Uruguay,surname,57,Flores,flores-sn,F;M,2188
UY,Uruguay,surname,58,Barrios,barrios-sn,M;F,2184
UY,Uruguay,surname,59,Perdomo,perdomo-sn,M;F,2177
UY,Uruguay,surname,60,Curbelo,curbelo-sn,F;M,2128
UY,Uruguay,surname,61,Dos Santos,dos-santos-sn,M;F,2104
UY,Uruguay,surname,62,Alonso,alonso-sn,M;F,2063
UY,Uruguay,surname,63,Ruiz,ruiz-sn,M;F,2023
UY,Uruguay,surname,64,Araujo,araujo-sn,F;M,2020
UY,Uruguay,surname,65,Bolso,bolso-sn,M,1261
UY,Uruguay,surname,66,Manya,manya-sn,M,1257
UY,Uruguay,surname,67,Gimenez,gimenez-sn,,1071
UY,Uruguay,surname,68,Belen,belen-sn,F;M,401
UY,Uruguay,surname,69,Espino,espino-sn,F;M,340
UY,Uruguay,surname,70,Enrique,enrique-sn,F;M,213
UY,Uruguay,surname,71,Crespo,crespo-sn,F;M,184
UY,Uruguay,surname,72,Viola,viola-sn,M;F,182
UY,Uruguay,surname,73,Pagani,pagani-sn,F;M,131
UY,Uruguay,surname,74,Castellano,castellano-sn,,127
UY,Uruguay,surname,75,Chevalier,chevalier-sn,F;M,119
UY,Uruguay,surname,76,Santo,santo-sn,F;M,114
UY,Uruguay,surname,77,Parra,parra-sn,F;M,109
UY,Uruguay,surname,78,Cosentino,cosentino-sn,F;M,106
UY,Uruguay,surname,79,Franchi,franchi-sn,F;M,96
UY,Uruguay,surname,80,Mancilla,mancilla-sn,F;M,88
UY,Uruguay,surname,81,Neira,neira-sn,F;M,86
UY,Uruguay,surname,82,Torre,torre-sn,F;M,84
UY,Uruguay,surname,83,Angelo,angelo-sn,,80
UY,Uruguay,surname,84,Troncoso,troncoso-sn,,66
UY,Uruguay,surname,85,Raymond,raymond-sn,F;M,63
UY,Uruguay,surname,86,Ma,ma-sn,F;M,62
UY,Uruguay,surname,87,Jurado,jurado-sn,F;M,59
UY,Uruguay,surname,88,Saraiva,saraiva-sn,F;M,59
UY,Uruguay,surname,89,Piedrahita,piedrahita-sn,,49
UY,Uruguay,surname,90,Tejeda,tejeda-sn,F;M,49
UY,Uruguay,surname,91,Rm,rm-sn,F;M,47
UY,Uruguay,surname,92,Moro,moro-sn,F;M,41
UY,Uruguay,surname,93,Valero,valero-sn,F;M,41
UY,Uruguay,surname,94,Pisani,pisani-sn,F;M,34
UY,Uruguay,surname,95,Faria,faria-sn,,31
UY,Uruguay,surname,96,Angeles,angeles-sn,F;M,29
UY,Uruguay,surname,97,Le,le-sn,F;M,29
UY,Uruguay,surname,98,Marrone,marrone-sn,F;M,26
UY,Uruguay,surname,99,Dia,dia-sn,,25
UY,Uruguay,surname,100,Bonnet,bonnet-sn,F;M,22
UZ,,forename,1,Atadjan,atadjan-fn,M,4554
UZ,,forename,2,Daniyar,daniyar-fn,M,3364
UZ,,surname,1,Atadjanov,atadjanov-sn,M,4554
VE,,forename,1,Libardo,libardo-fn,M,1264
VE,,forename,2,Ferney,ferney-fn,M,500
VE,,surname,1,Guillen,guillen-sn,,3000
VN,,forename,1,Man,man-fn,M,12634
VN,,surname,1,Ha,ha-sn,,50000
XK,,surname,1,Aliu,aliu-sn,M,5420
YE,Yemen,forename,1,Mohamed,mohamed-fn,M,223478
YE,Yemen,forename,2,محمد,mhmd-fn,M;F,190708
YE,Yemen,forename,3,Ahmed,ahmed-fn,M,102651
YE,Yemen,forename,4,ابو,abw-fn,M;F,80374
YE,Yemen,forename,5,احمد,ahmd-fn,M;F,80325
YE,Yemen,forename,6,علي,aly-fn,M;F,66150
YE,Yemen,forename,7,عبدالله,abdallh-fn,M,52100
YE,Yemen,forename,8,Salah,salah-fn,M;F,37632
YE,Yemen,forename,9,خالد,khald-fn,M,29162
YE,Yemen,forename,10,Omar,omar-fn,M;F,24175
YE,Yemen,forename,11,Mohammed,mohammed-fn,M;F,23733
YE,Yemen,forename,12,ابراهيم,abrahym-fn,M;F,21539
YE,Yemen,forename,13,صالح,salh-fn,M;F,21023
YE,Yemen,forename,14,عبدالرحمن,abdalrhmn-fn,M;F,20474
YE,Yemen,forename,15,عمر,amr-fn,M;F,19538
YE,Yemen,forename,16,Abdo,abdo-fn,M;F,18212
YE,Yemen,forename,17,Ali,ali-fn,M;F,17559
YE,Yemen,forename,18,Osama,osama-fn,M,16952
YE,Yemen,forename,19,Hussein,hussein-fn,M;F,16405
YE,Yemen,forename,20,Majid,majid-fn,M,15608
YE,Yemen,forename,21,وليد,wlyd-fn,M,15340
YE,Yemen,forename,22,حسين,hsyn-fn,M;F,15003
YE,Yemen,forename,23,يوسف,ywsf-fn,M;F,14987
YE,Yemen,forename,24,Hassan,hassan-fn,M;F,14705
YE,Yemen,forename,25,ماجد,majd-fn,M;F,14482
YE,Yemen,forename,26,Nasser,nasser-fn,M;F,14093
YE,Yemen,forename,27,اسامة,asamh-fn,M,13683
YE,Yemen,forename,28,Amar,amar-fn,M;F,13162
YE,Yemen,forename,29,Salem,salem-fn,M,13104
YE,Yemen,forename,30,عبده,abdh-fn,M;F,12890
YE,Yemen,forename,31,ام,am-fn,F;M,12168
YE,Yemen,forename,32,Yasser,yasser-fn,M;F,12012
YE,Yemen,forename,33,Ayman,ayman-fn,M,11982
YE,Yemen,forename,34,Adel,aadl-fn,M,11699
YE,Yemen,forename,35,سالم,salm-fn,M,11443
YE,Yemen,forename,36,Jamal,jamal-fn,M;F,10796
YE,Yemen,forename,37,صلاح,slah-fn,M;F,10758
YE,Yemen,forename,38,ياسر,yasr-fn,M;F,10734
YE,Yemen,forename,39,حسن,hsn-fn,M;F,10614
YE,Yemen,forename,40,Amine,amine-fn,M,10583
YE,Yemen,forename,41,امين,amyn-fn,M,10583
YE,Yemen,forename,42,ايمن,aymn-fn,M;F,10393
YE,Yemen,forename,43,اكرم,akrm-fn,M,10166
YE,Yemen,forename,44,Amir,amir-fn,M;F,9731
YE,Yemen,forename,45,امير,amyr-fn,M;F,9731
YE,Yemen,forename,46,سعيد,sayd-fn,M;F,9571
YE,Yemen,forename,47,جمال,jmal-fn,M;F,9558
YE,Yemen,forename,48,Bassam,bassam-fn,M,9318
YE,Yemen,forename,49,صدام,sdam-fn,M,9308
YE,Yemen,forename,50,ناصر,nasr-fn,M;F,9234
YE,Yemen,forename,51,نبيل,nbyl-fn,M,9187
YE,Yemen,forename,52,Adnan,adnan-fn,M,9106
YE,Yemen,forename,53,Emad,emad-fn,M,9020
YE,Yemen,forename,54,ابو محمد,abw-mhmd-fn,M,8551
YE,Yemen,forename,55,هيثم,hythm-fn,M,8389
YE,Yemen,forename,56,ابومحمد,abwmhmd-fn,M,8206
YE,Yemen,forename,57,بسام,bsam-fn,M,8099
YE,Yemen,forename,58,Marwan,marwan-fn,M,8061
YE,Yemen,forename,59,Mahmoud,mahmoud-fn,M,7980
YE,Yemen,forename,60,محمود,mhmwd-fn,M;F,7980
YE,Yemen,forename,61,صادق,sadq-fn,M,7830
YE,Yemen,forename,62,عصام,asam-fn,M;F,7768
YE,Yemen,forename,63,Issam,issam-fn,M;F,7768
YE,Yemen,forename,64,Samy,samy-fn,F;M,7627
YE,Yemen,forename,65,هشام,hsham-fn,M;F,7564
YE,Yemen,forename,66,عبدالعزيز,abdalazyz-fn,M;F,7494
YE,Yemen,forename,67,Shawqi,shwqy-fn,M,7364
YE,Yemen,forename,68,بشير,bshyr-fn,M,7323
YE,Yemen,forename,69,Fares,fares-fn,M,7256
YE,Yemen,forename,70,فارس,fars-fn,M;F,7256
YE,Yemen,forename,71,حمزة,hmzh-fn,M;F,7200
YE,Yemen,forename,72,محمد علي,mhmd-aly-fn,M,7003
YE,Yemen,forename,73,Malak,malak-fn,F,6903
YE,Yemen,forename,74,Mourad,mourad-fn,M,6641
YE,Yemen,forename,75,مراد,mrad-fn,M,6641
YE,Yemen,forename,76,مروان,mrwan-fn,M;F,6620
YE,Yemen,forename,77,عماد,amad-fn,M;F,6582
YE,Yemen,forename,78,طارق,tarq-fn,M;F,6540
YE,Yemen,forename,79,Hany,hany-fn,M,6472
YE,Yemen,forename,80,جميل,jmyl-fn,M,6399
YE,Yemen,forename,81,Alaa,alaa-fn,M,6340
YE,Yemen,forename,82,عبدالكريم,abdalkrym-fn,M,6315
YE,Yemen,forename,83,مصطفى,mstfa-fn,M,6312
YE,Yemen,forename,84,يحيى,yhya-fn,M,6292
YE,Yemen,forename,85,معاذ,maath-fn,M;F,6283
YE,Yemen,forename,86,مختار,mkhtar-fn,M,6160
YE,Yemen,forename,87,زهرة,zhrh-fn,F;M,6089
YE,Yemen,forename,88,فيصل,fysl-fn,M;F,6085
YE,Yemen,forename,89,اميرة,amyrh-fn,F;M,6041
YE,Yemen,forename,90,فؤاد,fuad-fn,M,6011
YE,Yemen,forename,91,Abdullah,abdullah-fn,M,5950
YE,Yemen,forename,92,يحي,yhy-fn,M,5904
YE,Yemen,forename,93,فهد,fhd-fn,M;F,5851
YE,Yemen,forename,94,سلطان,sltan-fn,M;F,5820
YE,Yemen,forename,95,سمير,smyr-fn,M,5797
YE,Yemen,forename,96,Bilal,bilal-fn,M;F,5658
YE,Yemen,forename,97,بلال,blal-fn,M;F,5658
YE,Yemen,forename,98,منصور,mnswr-fn,M,5655
YE,Yemen,forename,99,Jalal,jalal-fn,M,5637
YE,Yemen,forename,100,جلال,jlal-fn,M,5637
YE,Yemen,surname,1,Mohamed,mohamed-sn,M;F,90604
YE,Yemen,surname,2,Ali,ali-sn,M;F,75336
YE,Yemen,surname,3,محمد,mhmd-sn,M;F,73897
YE,Yemen,surname,4,Ahmed,ahmed-sn,M;F,66359
YE,Yemen,surname,5,علي,aly-sn,M;F,51118
YE,Yemen,surname,6,احمد,ahmd-sn,M;F,46986
YE,Yemen,surname,7,Salah,salah-sn,M;F,29940
YE,Yemen,surname,8,عبدالله,abdallh-sn,M;F,23070
YE,Yemen,surname,9,الشرابي,alshraby-sn,M,21226
YE,Yemen,surname,10,صالح,salh-sn,M;F,18918
YE,Yemen,surname,11,اليماني,alymany-sn,M,16754
YE,Yemen,surname,12,العامري,alaamry-sn,M;F,15810
YE,Yemen,surname,13,الفقيه,alfqyh-sn,M,15669
YE,Yemen,surname,14,Said,said-sn,M;F,15456
YE,Yemen,surname,15,اليافعي,alyafay-sn,M,14539
YE,Yemen,surname,16,الشميري,alshmyry-sn,M,14247
YE,Yemen,surname,17,الوصابي,alwsaby-sn,M,14089
YE,Yemen,surname,18,سعيد,sayd-sn,M;F,12444
YE,Yemen,surname,19,اليمني,alymny-sn,M,11965
YE,Yemen,surname,20,Salem,salem-sn,M;F,11404
YE,Yemen,surname,21,Mohammed,mohammed-sn,M;F,11370
YE,Yemen,surname,22,Abdo,abdo-sn,M;F,11000
YE,Yemen,surname,23,Omar,omar-sn,M;F,10625
YE,Yemen,surname,24,القاضي,alqadhy-sn,M;F,9916
YE,Yemen,surname,25,حسن,hsn-sn,M;F,9849
YE,Yemen,surname,26,سالم,salm-sn,M;F,9655
YE,Yemen,surname,27,القباطي,alqbaty-sn,,9653
YE,Yemen,surname,28,الحميري,alhmyry-sn,M,9626
YE,Yemen,surname,29,Nasser,nasser-sn,M;F,9515
YE,Yemen,surname,30,عبده,abdh-sn,M;F,9239
YE,Yemen,surname,31,العمري,alamry-sn,M;F,9209
YE,Yemen,surname,32,خالد,khald-sn,M;F,9196
YE,Yemen,surname,33,الحاج,alhaj-sn,M;F,9180
YE,Yemen,surname,34,الحداد,alhdad-sn,M;F,8843
YE,Yemen,surname,35,Al-Hammadi,alhmady-sn,,8422
YE,Yemen,surname,36,العريقي,alaryqy-sn,,8262
YE,Yemen,surname,37,Hossain,hossain-sn,M;F,8137
YE,Yemen,surname,38,حسين,hsyn-sn,M;F,8137
YE,Yemen,surname,39,القدسي,alqdsy-sn,,8061
YE,Yemen,surname,40,العولقي,alawlqy-sn,,8059
YE,Yemen,surname,41,Al-Humaidi,alhmydy-sn,M;F,8015
YE,Yemen,surname,42,عمر,amr-sn,M;F,7928
YE,Yemen,surname,43,المخلافي,almkhlafy-sn,,7814
YE,Yemen,surname,44,Al-Hashimy,alhashmy-sn,M;F,7670
YE,Yemen,surname,45,الصلوي,alslwy-sn,,7662
YE,Yemen,surname,46,الشامي,alshamy-sn,M;F,7267
YE,Yemen,surname,47,قاسم,qasm-sn,M;F,7165
YE,Yemen,surname,48,المقطري,almqtry-sn,M,7134
YE,Yemen,surname,49,الخولاني,alkhwlany-sn,,6882
YE,Yemen,surname,50,العواضي,alawadhy-sn,M,6873
YE,Yemen,surname,51,الصعيدي,alsaydy-sn,M;F,6853
YE,Yemen,surname,52,الدبعي,aldbay-sn,,6848
YE,Yemen,surname,53,البعداني,albadany-sn,,6822
YE,Yemen,surname,54,السامعي,alsamay-sn,M,6776
YE,Yemen,surname,55,الجابري,aljabry-sn,M;F,6773
YE,Yemen,surname,56,الاهدل,alahdl-sn,M,6723
YE,Yemen,surname,57,الجرادي,aljrady-sn,,6615
YE,Yemen,surname,58,المطري,almtry-sn,M,6599
YE,Yemen,surname,59,ناصر,nasr-sn,M;F,6565
YE,Yemen,surname,60,النجار,alnjar-sn,M;F,6480
YE,Yemen,surname,61,العبسي,alabsy-sn,,6404
YE,Yemen,surname,62,الشعيبي,alshayby-sn,M,6258
YE,Yemen,surname,63,الصلاحي,alslahy-sn,M,6184
YE,Yemen,surname,64,اليوسفي,alywsfy-sn,,6089
YE,Yemen,surname,65,الحمداني,alhmdany-sn,M;F,5928
YE,Yemen,surname,66,القحطاني,alqhtany-sn,M;F,5892
YE,Yemen,surname,67,المليكي,almlyky-sn,,5680
YE,Yemen,surname,68,الصوفي,alswfy-sn,M,5574
YE,Yemen,surname,69,العبيدي,alabydy-sn,M;F,5550
YE,Yemen,surname,70,صلاح,slah-sn,M;F,5495
YE,Yemen,surname,71,الحسني,alhsny-sn,M;F,5246
YE,Yemen,surname,72,الجبري,aljbry-sn,,5177
YE,Yemen,surname,73,الحيدري,alhydry-sn,M,5158
YE,Yemen,surname,74,الاحمدي,alahmdy-sn,M;F,5151
YE,Yemen,surname,75,الجماعي,aljmaay-sn,M,5118
YE,Yemen,surname,76,الصبيحي,alsbyhy-sn,,5116
YE,Yemen,surname,77,الحرازي,alhrazy-sn,M,5106
YE,Yemen,surname,78,الشريف,alshryf-sn,M;F,4962
YE,Yemen,surname,79,Al-Amari,alamary-sn,M,4904
YE,Yemen,surname,80,Al-Qadry,alqadry-sn,,4869
YE,Yemen,surname,81,عامر,aamr-sn,M;F,4802
YE,Yemen,surname,82,Amer,amer-sn,M;F,4802
YE,Yemen,surname,83,الوجيه,alwjyh-sn,M,4755
YE,Yemen,surname,84,السعدي,alsady-sn,M;F,4750
YE,Yemen,surname,85,الحياة,alhyah-sn,F;M,4720
YE,Yemen,surname,86,المعمري,almamry-sn,M;F,4705
YE,Yemen,surname,87,مهدي,mhdy-sn,M;F,4697
YE,Yemen,surname,88,ناجي,najy-sn,M;F,4686
YE,Yemen,surname,89,Al-Shaibani,alshybany-sn,M,4662
YE,Yemen,surname,90,Hamid,hamid-sn,M;F,4638
YE,Yemen,surname,91,حميد,hmyd-sn,M;F,4638
YE,Yemen,surname,92,الشرفي,alshrfy-sn,M,4585
YE,Yemen,surname,93,Hamouda,hamouda-sn,M;F,4581
YE,Yemen,surname,94,حمود,hmwd-sn,M,4581
YE,Yemen,surname,95,ابراهيم,abrahym-sn,M;F,4337
YE,Yemen,surname,96,Ibrahim,ibrahim-sn,M;F,4337
YE,Yemen,surname,97,الحكيمي,alhkymy-sn,,4333
YE,Yemen,surname,98,الجعفري,aljafry-sn,,4321
YE,Yemen,surname,99,السيد,alsyd-sn,M;F,4305
YE,Yemen,surname,100,النقيب,alnqyb-sn,M,4292
ZA,South Africa,forename,1,Mpho,mpho-fn,F;M,44293
ZA,South Africa,forename,2,Thabo,thabo-fn,M;F,37740
ZA,South Africa,forename,3,Lerato,lerato-fn,F;M,37195
ZA,South Africa,forename,4,Tebogo,tebogo-fn,M;F,28986
ZA,South Africa,forename,5,Tshepo,tshepo-fn,M;F,28773
ZA,South Africa,forename,6,John,john-fn,M,26765
ZA,South Africa,forename,7,Zanele,zanele-fn,F,25966
ZA,South Africa,forename,8,David,david-fn,M;F,25542
ZA,South Africa,forename,9,Thabang,thabang-fn,M,24982
ZA,South Africa,forename,10,Bongani,bongani-fn,M,24802
ZA,South Africa,forename,11,Ayanda,ayanda-fn,M;F,24197
ZA,South Africa,forename,12,Thabiso,thabiso-fn,M,24080
ZA,South Africa,forename,13,Michael,michael-fn,M,23533
ZA,South Africa,forename,14,Sipho,sipho-fn,M,22422
ZA,South Africa,forename,15,Lucky,lucky-fn,M;F,20864
ZA,South Africa,forename,16,Johan,johan-fn,M,20767
ZA,South Africa,forename,17,Amanda,amanda-fn,F,19649
ZA,South Africa,forename,18,Andile,andile-fn,M;F,19414
ZA,South Africa,forename,19,Lebogang,lebogang-fn,F;M,19211
ZA,South Africa,forename,20,Themba,themba-fn,M,18987
ZA,South Africa,forename,21,Sandile,sandile-fn,M,18885
ZA,South Africa,forename,22,Peter,peter-fn,M,18795
ZA,South Africa,forename,23,Siyabonga,siyabonga-fn,M,18754
ZA,South Africa,forename,24,Thato,thato-fn,M;F,18540
ZA,South Africa,forename,25,Nthabiseng,nthabiseng-fn,F,18499
ZA,South Africa,forename,26,Karabo,karabo-fn,M;F,18180
ZA,South Africa,forename,27,Lindiwe,lindiwe-fn,F,18010
ZA,South Africa,forename,28,Thandeka,thandeka-fn,F,17842
ZA,South Africa,forename,29,Katlego,katlego-fn,M;F,17694
ZA,South Africa,forename,30,Nhlanhla,nhlanhla-fn,M;F,17682
ZA,South Africa,forename,31,Precious,precious-fn,F;M,17635
ZA,South Africa,forename,32,Zandile,zandile-fn,F,17221
ZA,South Africa,forename,33,Linda,linda-fn,F;M,17012
ZA,South Africa,forename,34,Portia,portia-fn,F,16828
ZA,South Africa,forename,35,Sibusiso,sibusiso-fn,M,16466
ZA,South Africa,forename,36,Thando,thando-fn,F;M,16444
ZA,South Africa,forename,37,Xolani,xolani-fn,M,16395
ZA,South Africa,forename,38,Simphiwe,simphiwe-fn,M;F,16129
ZA,South Africa,forename,39,Chris,chris-fn,M;F,16013
ZA,South Africa,forename,40,Nonhlanhla,nonhlanhla-fn,F,15667
ZA,South Africa,forename,41,Sanele,sanele-fn,M;F,15438
ZA,South Africa,forename,42,Thapelo,thapelo-fn,M;F,15294
ZA,South Africa,forename,43,Daniel,daniel-fn,M;F,15237
ZA,South Africa,forename,44,Patrick,patrick-fn,M,15084
ZA,South Africa,forename,45,Joseph,joseph-fn,M;F,14982
ZA,South Africa,forename,46,Palesa,palesa-fn,F,14829
ZA,South Africa,forename,47,Mbali,mbali-fn,F,14773
ZA,South Africa,forename,48,Thulani,thulani-fn,M,14737
ZA,South Africa,forename,49,Michelle,michelle-fn,F,14725
ZA,South Africa,forename,50,Boitumelo,boitumelo-fn,F;M,14187
ZA,South Africa,forename,51,James,james-fn,M,14090
ZA,South Africa,forename,52,Sihle,sihle-fn,M;F,13987
ZA,South Africa,forename,53,Mandla,mandla-fn,M,13986
ZA,South Africa,forename,54,Tumelo,tumelo-fn,M;F,13964
ZA,South Africa,forename,55,Vusi,vusi-fn,M,13824
ZA,South Africa,forename,56,Sibusiso,sbusiso-fn,M,13565
ZA,South Africa,forename,57,Lesego,lesego-fn,F;M,13483
ZA,South Africa,forename,58,Neo,neo-fn,M;F,13359
ZA,South Africa,forename,59,Zama,zama-fn,F;M,13310
ZA,South Africa,forename,60,Lebo,lebo-fn,F;M,13308
ZA,South Africa,forename,61,Paul,paul-fn,M,13302
ZA,South Africa,forename,62,Phindile,phindile-fn,F;M,13268
ZA,South Africa,forename,63,Zinhle,zinhle-fn,F,13200
ZA,South Africa,forename,64,Busisiwe,busisiwe-fn,F,13135
ZA,South Africa,forename,65,Ntombi,ntombi-fn,F,13035
ZA,South Africa,forename,66,Nokuthula,nokuthula-fn,F,12979
ZA,South Africa,forename,67,Ntokozo,ntokozo-fn,M;F,12775
ZA,South Africa,forename,68,Andre,andre-fn,M;F,12537
ZA,South Africa,forename,69,Itumeleng,itumeleng-fn,M;F,12534
ZA,South Africa,forename,70,Simon,simon-fn,M,12485
ZA,South Africa,forename,71,Dineo,dineo-fn,F,12372
ZA,South Africa,forename,72,Nomsa,nomsa-fn,F,12342
ZA,South Africa,forename,73,George,george-fn,M,12314
ZA,South Africa,forename,74,Patricia,patricia-fn,F,12230
ZA,South Africa,forename,75,Gift,gift-fn,M;F,12081
ZA,South Africa,forename,76,Kabelo,kabelo-fn,M;F,11979
ZA,South Africa,forename,77,Sibongile,sibongile-fn,F,11924
ZA,South Africa,forename,78,Thembi,thembi-fn,F,11893
ZA,South Africa,forename,79,Richard,richard-fn,M,11681
ZA,South Africa,forename,80,Musa,musa-fn,M;F,11610
ZA,South Africa,forename,81,Sabelo,sabelo-fn,M,11578
ZA,South Africa,forename,82,Samuel,samuel-fn,M;F,11547
ZA,South Africa,forename,83,Sharon,sharon-fn,F;M,11486
ZA,South Africa,forename,84,Thandi,thandi-fn,F,11472
ZA,South Africa,forename,85,Nkosinathi,nkosinathi-fn,M,11469
ZA,South Africa,forename,86,Precious,precious-sn,F;M,11369
ZA,South Africa,forename,87,Sara,sara-fn,F;M,11365
ZA,South Africa,forename,88,Njabulo,njabulo-fn,M,11318
ZA,South Africa,forename,89,Charles,charles-fn,M,11298
ZA,South Africa,forename,90,Nosipho,nosipho-fn,F,11273
ZA,South Africa,forename,91,Gugu,gugu-fn,F,11210
ZA,South Africa,forename,92,Lindokuhle,lindokuhle-fn,M;F,11207
ZA,South Africa,forename,93,Sizwe,sizwe-fn,M,11177
ZA,South Africa,forename,94,Johannes,johannes-fn,M,11002
ZA,South Africa,forename,95,Mike,mike-fn,M,10945
ZA,South Africa,forename,96,Moses,moses-fn,M,10882
ZA,South Africa,forename,97,Asanda,asanda-fn,F;M,10867
ZA,South Africa,forename,98,Andrew,andrew-fn,M,10854
ZA,South Africa,forename,99,William,william-fn,M,10822
ZA,South Africa,forename,100,Prince,prince-fn,M,10763
ZA,South Africa,surname,1,Ndlovu,ndlovu-sn,M;F,71559
ZA,South Africa,surname,2,Dlamini,dlamini-sn,F;M,60731
ZA,South Africa,surname,3,Khumalo,khumalo-sn,F;M,56789
ZA,South Africa,surname,4,Nkosi,nkosi-sn,F;M,51245
ZA,South Africa,surname,5,Sithole,sithole-sn,M;F,42110
ZA,South Africa,surname,6,Mokoena,mokoena-sn,F;M,39168
ZA,South Africa,surname,7,Mkhize,mkhize-sn,F;M,35527
ZA,South Africa,surname,8,Mahlangu,mahlangu-sn,F;M,32064
ZA,South Africa,surname,9,Zulu,zulu-sn,F;M,31397
ZA,South Africa,surname,10,Smith,smith-sn,M;F,30850
ZA,South Africa,surname,11,Ngcobo,ngcobo-sn,M;F,29420
ZA,South Africa,surname,12,Mthembu,mthembu-sn,M;F,29276
ZA,South Africa,surname,13,Dube,dube-sn,M;F,28762
ZA,South Africa,surname,14,Jacobs,jacobs-sn,M;F,27515
ZA,South Africa,surname,15,Gumede,gumede-sn,F;M,26526
ZA,South Africa,surname,16,Khoza,khoza-sn,M;F,26125
ZA,South Africa,surname,17,Naidoo,naidoo-sn,M;F,24954
ZA,South Africa,surname,18,Williams,williams-sn,M;F,24375
ZA,South Africa,surname,19,Botha,botha-sn,M;F,23044
ZA,South Africa,surname,20,Buthelezi,buthelezi-sn,M;F,22824
ZA,South Africa,surname,21,Mofokeng,mofokeng-sn,M;F,22566
ZA,South Africa,surname,22,Ngwenya,ngwenya-sn,M;F,22526
ZA,South Africa,surname,23,Mhlongo,mhlongo-sn,M;F,22116
ZA,South Africa,surname,24,Mbatha,mbatha-sn,M,21792
ZA,South Africa,surname,25,Moyo,moyo-sn,M;F,21147
ZA,South Africa,surname,26,Baloyi,baloyi-sn,M;F,20761
ZA,South Africa,surname,27,Zwane,zwane-sn,F;M,20615
ZA,South Africa,surname,28,Ncube,ncube-sn,M;F,20601
ZA,South Africa,surname,29,Govender,govender-sn,M;F,19908
ZA,South Africa,surname,30,Radebe,radebe-sn,F;M,19550
ZA,South Africa,surname,31,Pillay,pillay-sn,M;F,19295
ZA,South Africa,surname,32,Tshabalala,tshabalala-sn,F;M,18818
ZA,South Africa,surname,33,Sibiya,sibiya-sn,M;F,18737
ZA,South Africa,surname,34,Chauke,chauke-sn,M;F,18652
ZA,South Africa,surname,35,Mazibuko,mazibuko-sn,F;M,18359
ZA,South Africa,surname,36,Van Wyk,van-wyk-sn,M;F,18275
ZA,South Africa,surname,37,Ntuli,ntuli-sn,F;M,18268
ZA,South Africa,surname,38,Adams,adams-sn,M;F,18175
ZA,South Africa,surname,39,Mthethwa,mthethwa-sn,F;M,18103
ZA,South Africa,surname,40,Nxumalo,nxumalo-sn,F;M,18059
ZA,South Africa,surname,41,Cele,cele-sn,F;M,17621
ZA,South Africa,surname,42,Mathebula,mathebula-sn,M;F,17239
ZA,South Africa,surname,43,Maseko,maseko-sn,F;M,16271
ZA,South Africa,surname,44,Pretorius,pretorius-sn,F;M,15445
ZA,South Africa,surname,45,Mabaso,mabaso-sn,,15160
ZA,South Africa,surname,46,Molefe,molefe-sn,F;M,14902
ZA,South Africa,surname,47,Nel,nel-sn,F;M,14896
ZA,South Africa,surname,48,Ngubane,ngubane-sn,F;M,14883
ZA,South Africa,surname,49,Coetzee,coetzee-sn,F;M,14763
ZA,South Africa,surname,50,Sibanda,sibanda-sn,M;F,14699
ZA,South Africa,surname,51,Ngobeni,ngobeni-sn,M;F,14675
ZA,South Africa,surname,52,Van Der Merwe,van-der-merwe-sn,F;M,14585
ZA,South Africa,surname,53,Fourie,fourie-sn,F;M,13826
ZA,South Africa,surname,54,Mtshali,mtshali-sn,F;M,13772
ZA,South Africa,surname,55,Venter,venter-sn,F;M,13628
ZA,South Africa,surname,56,Maluleke,maluleke-sn,,13478
ZA,South Africa,surname,57,Du Plessis,du-plessis-sn,,13356
ZA,South Africa,surname,58,Motaung,motaung-sn,,13260
ZA,South Africa,surname,59,Moloi,moloi-sn,,13210
ZA,South Africa,surname,60,Mchunu,mchunu-sn,F;M,13000
ZA,South Africa,surname,61,Mkhwanazi,mkhwanazi-sn,F;M,12745
ZA,South Africa,surname,62,Abrahams,abrahams-sn,F;M,12557
ZA,South Africa,surname,63,Phiri,phiri-sn,M;F,12476
ZA,South Africa,surname,64,Mnguni,mnguni-sn,F;M,12395
ZA,South Africa,surname,65,Mnisi,mnisi-sn,F;M,12390
ZA,South Africa,surname,66,Zungu,zungu-sn,F;M,12294
ZA,South Africa,surname,67,Krüger,kruger-sn,M;F,12186
ZA,South Africa,surname,68,Smit,smit-sn,M;F,12184
ZA,South Africa,surname,69,Davids,davids-sn,F;M,12166
ZA,South Africa,surname,70,Louw,louw-sn,F;M,12061
ZA,South Africa,surname,71,Dladla,dladla-sn,F;M,11785
ZA,South Africa,surname,72,Hlongwane,hlongwane-sn,F;M,11652
ZA,South Africa,surname,73,Zondi,zondi-sn,F;M,11639
ZA,South Africa,surname,74,Hadebe,hadebe-sn,F;M,11489
ZA,South Africa,surname,75,Nkuna,nkuna-sn,M;F,11434
ZA,South Africa,surname,76,Van Zyl,van-zyl-sn,F;M,11255
ZA,South Africa,surname,77,Erasmus,erasmus-sn,F;M,11240
ZA,South Africa,surname,78,Vilakazi,vilakazi-sn,F;M,11117
ZA,South Africa,surname,79,Xaba,xaba-sn,F;M,10980
ZA,South Africa,surname,80,Langa,langa-sn,M;F,10926
ZA,South Africa,surname,81,Shabangu,shabangu-sn,F;M,10654
ZA,South Africa,surname,82,Majola,majola-sn,F;M,10585
ZA,South Africa,surname,83,Hendricks,hendricks-sn,F;M,10465
ZA,South Africa,surname,84,Meyer,meyer-sn,M;F,10345
ZA,South Africa,surname,85,Mhlanga,mhlanga-sn,M;F,10252
ZA,South Africa,surname,86,Hlatshwayo,hlatshwayo-sn,F;M,10244
ZA,South Africa,surname,87,Kekana,kekana-sn,F;M,10055
ZA,South Africa,surname,88,Kunene,kunene-sn,F;M,9993
ZA,South Africa,surname,89,Mlambo,mlambo-sn,M;F,9972
ZA,South Africa,surname,90,Mdluli,mdluli-sn,M;F,9957
ZA,South Africa,surname,91,Moodley,moodley-sn,M;F,9921
ZA,South Africa,surname,92,Modise,modise-sn,F;M,9820
ZA,South Africa,surname,93,Shabalala,shabalala-sn,F;M,9710
ZA,South Africa,surname,94,Petersen,petersen-sn,M;F,9690
ZA,South Africa,surname,95,Zuma,zuma-sn,,9666
ZA,South Africa,surname,96,Khan,khan-sn,M;F,9574
ZA,South Africa,surname,97,Singh,singh-sn,M;F,9552
ZA,South Africa,surname,98,Booysen,booysen-sn,F;M,9474
ZA,South Africa,surname,99,Mbhele,mbhele-sn,,9474
ZA,South Africa,surname,100,Cloete,cloete-sn,F;M,9410
ZW,,surname,1,Ndaba,ndaba-sn,,1264
ZW,,surname,2,Shezi,shezi-sn,,1264
ZW,,surname,3,Maluleke,maluleke-sn,,500
